dataset,baseline,ours,baseline_val,delta,family,runtime_ours,runtime_base
Basketball_temporal/1985,SpringRank,0.09954807003679648,0.7620646357536316,-0.6625165657168351,Basketball_coarse,0.3315310478210449,0.0644466638565063
Basketball_temporal/1986,SpringRank,0.09907289153777021,0.7770382761955261,-0.6779653846577559,Basketball_coarse,0.3557884693145752,0.0568585634231567
Basketball_temporal/1987,SpringRank,0.10161720763668712,0.8216130137443542,-0.7199958061076671,Basketball_coarse,0.3726480007171631,0.0571249485015869
Basketball_temporal/1988,SpringRank,0.1018217647428775,0.7435294389724731,-0.6417076742295956,Basketball_coarse,0.34849095344543457,0.0634405374526977
Basketball_temporal/1989,SpringRank,0.10148318447234034,0.7482014298439026,-0.6467182453715623,Basketball_coarse,0.39830756187438965,0.057374882698059
Basketball_temporal/1990,SpringRank,0.10203702940084945,0.7500945329666138,-0.6480575035657643,Basketball_coarse,0.4185512065887451,0.0574763059616088
Basketball_temporal/1991,SpringRank,0.1017589626532139,0.7970260381698608,-0.6952670755166469,Basketball_coarse,0.45845675468444824,0.0573742389678955
Basketball_temporal/1992,SpringRank,0.09924514059256463,0.7523139715194702,-0.6530688309269056,Basketball_coarse,0.4622340202331543,0.0574611663818359
Basketball_temporal/1993,SpringRank,0.10373956938291955,0.7454972863197327,-0.6417577169368132,Basketball_coarse,0.3958570957183838,0.0571964502334594
Basketball_temporal/1994,SpringRank,0.09959269992950576,0.7409684658050537,-0.6413757658755479,Basketball_coarse,0.40102529525756836,0.0573083639144897
Basketball_temporal/1995,SpringRank,0.10430575713594581,0.7694633603096008,-0.665157603173655,Basketball_coarse,0.4095480442047119,0.0573991298675537
Basketball_temporal/1996,SpringRank,0.10829726673685032,0.8249541521072388,-0.7166568853703884,Basketball_coarse,0.4154398441314697,0.0573535919189453
Basketball_temporal/1997,SpringRank,0.11249687722197667,0.8142856955528259,-0.7017888183308493,Basketball_coarse,0.482025146484375,0.0576370954513549
Basketball_temporal/1998,SpringRank,0.10255286721280243,0.7733711004257202,-0.6708182332129178,Basketball_coarse,0.4201779365539551,0.0585224151611328
Basketball_temporal/1999,SpringRank,0.10915181511940832,0.8308976888656616,-0.7217458737462533,Basketball_coarse,0.42891526222229004,0.0656642913818359
Basketball_temporal/2000,SpringRank,0.09407899513540986,0.844254195690155,-0.7501752005547452,Basketball_coarse,0.4833829402923584,0.0577153921127319
Basketball_temporal/2001,SpringRank,0.09947271979357541,0.7541766166687012,-0.6547038968751258,Basketball_coarse,0.45178699493408203,0.0577985525131225
Basketball_temporal/2002,SpringRank,0.1078253617144722,0.7960000038146973,-0.688174642100225,Basketball_coarse,0.44599270820617676,0.0578081846237182
Basketball_temporal/2003,SpringRank,0.10699407219805833,0.8075668811798096,-0.7005728089817512,Basketball_coarse,0.5551548004150391,0.0592821598052978
Basketball_temporal/2004,SpringRank,0.10703289731484764,0.7506596446037292,-0.6436267472888816,Basketball_coarse,0.47967028617858887,0.0650137662887573
Basketball_temporal/2005,SpringRank,0.10206150114930046,0.7783094048500061,-0.6762479037007056,Basketball_coarse,0.5709841251373291,0.0577080249786376
Basketball_temporal/2006,SpringRank,0.11012237825349265,0.810205340385437,-0.7000829621319443,Basketball_coarse,0.5363562107086182,0.0576316356658935
Basketball_temporal/2007,SpringRank,0.09706538700313763,0.7891392111778259,-0.6920738241746883,Basketball_coarse,0.5904037952423096,0.0596447706222534
Basketball_temporal/2008,SpringRank,0.1071074648688165,0.8159819841384888,-0.7088745192696723,Basketball_coarse,0.6342606544494629,0.0651484966278076
Basketball_temporal/2009,SpringRank,0.10184676976721661,0.7778086066246033,-0.6759618368573866,Basketball_coarse,0.6444449424743652,0.0596181154251098
Basketball_temporal/2010,SpringRank,0.09723902936118718,0.7877293825149536,-0.6904903531537664,Basketball_coarse,0.6764535903930664,0.0579302787780761
Basketball_temporal/2011,SpringRank,0.09933557542449348,0.8091009855270386,-0.7097654101025451,Basketball_coarse,0.5686798095703125,0.0599498033523559
Basketball_temporal/2012,SpringRank,0.09731205512399649,0.7563996911048889,-0.6590876359808924,Basketball_coarse,0.5631849765777588,0.0603796958923339
Basketball_temporal/2013,SpringRank,0.10126194658887618,0.8010944128036499,-0.6998324662147737,Basketball_coarse,0.5802896022796631,0.0581092119216919
Basketball_temporal/2014,SpringRank,0.10502980442386324,0.8043537139892578,-0.6993239095653946,Basketball_coarse,0.6306684017181396,0.064485764503479
Basketball_temporal/finer1985,SpringRank,0.4728093100058731,0.7563941478729248,-0.2835848378670517,Basketball_finer,0.6062853336334229,0.0574210405349731
Basketball_temporal/finer1986,SpringRank,0.4702051616042291,0.7707033157348633,-0.3004981541306342,Basketball_finer,0.5953209400177002,0.06362726688385
Basketball_temporal/finer1987,SpringRank,0.4728924684953906,0.8187227249145508,-0.34583025641916015,Basketball_finer,0.6393730640411377,0.0574530839920044
Basketball_temporal/finer1988,SpringRank,0.4716996154359819,0.775254487991333,-0.30355487255535113,Basketball_finer,0.6525883674621582,0.0573367595672607
Basketball_temporal/finer1989,SpringRank,0.4721968450288123,0.7670196890830994,-0.29482284405428705,Basketball_finer,0.687067985534668,0.0574061155319213
Basketball_temporal/finer1990,SpringRank,0.4723817142668635,0.7882219552993774,-0.31584024103251396,Basketball_finer,0.6808476448059082,0.1151384115219116
Basketball_temporal/finer1991,SpringRank,0.4712785355842091,0.8104089498519897,-0.3391304142677806,Basketball_finer,0.7073976993560791,0.05640709400177
Basketball_temporal/finer1992,SpringRank,0.4696221612924022,0.7266000509262085,-0.2569778896338063,Basketball_finer,0.699941873550415,0.0639534711837768
Basketball_temporal/finer1993,SpringRank,0.47060624219759467,0.753713846206665,-0.28310760400907037,Basketball_finer,0.6414239406585693,0.0586988925933837
Basketball_temporal/finer1994,SpringRank,0.4711097091749058,0.7376104593276978,-0.26650075015279195,Basketball_finer,0.6920342445373535,0.0571654319763183
Basketball_temporal/finer1995,SpringRank,0.47000430467249615,0.7867119908332825,-0.3167076861607863,Basketball_finer,0.672555685043335,0.0564072847366333
Basketball_temporal/finer1996,SpringRank,0.471414140428109,0.8055657148361206,-0.33415157440801163,Basketball_finer,0.7099428176879883,0.0723757266998291
Basketball_temporal/finer1997,SpringRank,0.47060029860479485,0.8251249194145203,-0.3545246208097254,Basketball_finer,0.7394981384277344,0.0570473909378051
Basketball_temporal/finer1998,SpringRank,0.46943785728622295,0.7835926413536072,-0.31415478406738423,Basketball_finer,0.7637796401977539,0.064402961730957
Basketball_temporal/finer1999,SpringRank,0.4699564214217083,0.8102670907974243,-0.340310669375716,Basketball_finer,0.7777316570281982,0.0648465394973754
Basketball_temporal/finer2000,SpringRank,0.46960746728946623,0.8443305492401123,-0.3747230819506461,Basketball_finer,0.898984432220459,0.0571120738983154
Basketball_temporal/finer2001,SpringRank,0.47070134064540997,0.8052718043327332,-0.3345704636873232,Basketball_finer,0.921804666519165,0.0647168159484863
Basketball_temporal/finer2002,SpringRank,0.4704714167588007,0.8682069778442383,-0.39773556108543756,Basketball_finer,0.8271515369415283,0.0578293561935424
Basketball_temporal/finer2003,SpringRank,0.47199018067410825,0.8658227920532227,-0.3938326113791144,Basketball_finer,0.9257514476776123,0.0659023761749267
Basketball_temporal/finer2004,SpringRank,0.4720007689199272,0.7726691961288452,-0.300668427208918,Basketball_finer,0.9253487586975098,0.0663400888442993
Basketball_temporal/finer2005,SpringRank,0.4707869065616504,0.8422360420227051,-0.3714491354610547,Basketball_finer,0.9921140670776367,0.0784100770950317
Basketball_temporal/finer2006,SpringRank,0.4711257324474887,0.8583484292030334,-0.38722269675554477,Basketball_finer,0.9760556221008301,0.0724388360977172
Basketball_temporal/finer2007,SpringRank,0.4702092704847424,0.8563411831855774,-0.38613191270083497,Basketball_finer,1.128194808959961,0.0745519638061523
Basketball_temporal/finer2008,SpringRank,0.470263440540082,0.8467391133308411,-0.37647567279075905,Basketball_finer,1.1383209228515625,0.0669792890548706
Basketball_temporal/finer2009,SpringRank,0.4708414605116339,0.8362557291984558,-0.3654142686868219,Basketball_finer,1.1119933128356934,0.0640719890594482
Basketball_temporal/finer2010,SpringRank,0.46966603376076166,0.8153887391090393,-0.34572270534827765,Basketball_finer,1.1280298233032227,0.0989322662353515
Basketball_temporal/finer2011,SpringRank,0.4709752117431119,0.8532478213310242,-0.38227260958791226,Basketball_finer,1.1749513149261475,0.0649757146835327
Basketball_temporal/finer2012,SpringRank,0.46959317680053536,0.804457426071167,-0.33486424927063163,Basketball_finer,1.2135074138641357,0.0631776571273803
Basketball_temporal/finer2013,SpringRank,0.4699484148367686,0.8295904994010925,-0.35964208456432395,Basketball_finer,1.198275089263916,0.0597129106521606
Basketball_temporal/finer2014,SpringRank,0.47258252537300616,0.8409987092018127,-0.3684161838288066,Basketball_finer,1.1956918239593506,0.091240644454956
Dryad_animal_society,SpringRank,0.07880724174653887,0.5031446814537048,-0.424337439707166,Animal,0.011841297149658203,0.1613380193710327
FacultyHiringNetworks/Business/Business_FM_Full_,SpringRank,0.04884792626728111,0.405148297548294,-0.3563003712810129,Faculty,0.07682251930236816,0.1191080093383789
FacultyHiringNetworks/ComputerScience/ComputerScience_FM_Full_,SpringRank,0.03372508942258559,0.3326225876808166,-0.298897498258231,Faculty,0.08458638191223145,0.0601994276046752
FacultyHiringNetworks/History/History_FM_Full_,SpringRank,0.030405405405405407,0.3156146109104156,-0.28520920550501017,Faculty,0.06908059120178223,0.057621955871582
Football_data_England_Premier_League/England_2009_2010,SpringRank,0.13595706618962433,0.6097561120986938,-0.4737990459090695,Football_coarse,0.013993501663208008,0.0570777416229248
Football_data_England_Premier_League/England_2010_2011,SpringRank,0.23505154639175257,1.1925466060638428,-0.9574950596720901,Football_coarse,0.014062166213989258,0.0560435771942138
Football_data_England_Premier_League/England_2011_2012,SpringRank,0.18065693430656934,0.800000011920929,-0.6193430776143596,Football_coarse,0.013452529907226562,0.0711395978927612
Football_data_England_Premier_League/England_2012_2013,SpringRank,0.21052631578947367,0.9673202633857728,-0.7567939475962991,Football_coarse,0.013401985168457031,0.05619957447052
Football_data_England_Premier_League/England_2013_2014,SpringRank,0.1371527777777778,0.7515151500701904,-0.6143623722924126,Football_coarse,0.01333475112915039,0.056000542640686
Football_data_England_Premier_League/England_2014_2015,SpringRank,0.11602209944751381,1.1214953660964966,-1.0054732666489827,Football_coarse,0.010906219482421875,0.0551134586334228
Football_data_England_Premier_League/finerEngland_2009_2010,SpringRank,0.32860938883968105,0.707317054271698,-0.37870766543201695,Football_finer,0.02268505096435547,0.0560566425323486
Football_data_England_Premier_League/finerEngland_2010_2011,SpringRank,0.395083406496927,1.2919254302978516,-0.8968420238009245,Football_finer,0.024380207061767578,0.0564642667770385
Football_data_England_Premier_League/finerEngland_2011_2012,SpringRank,0.35726795096322234,0.8727272748947144,-0.515459323931492,Football_finer,0.024309635162353516,0.0543807029724121
Football_data_England_Premier_League/finerEngland_2012_2013,SpringRank,0.3810359964881474,0.9673202633857728,-0.5862842668976254,Football_finer,0.022350549697875977,0.0569511413574218
Football_data_England_Premier_League/finerEngland_2013_2014,SpringRank,0.326241134751773,0.8969696760177612,-0.5707285412659882,Football_finer,0.022533416748046875,0.0566684961318969
Football_data_England_Premier_League/finerEngland_2014_2015,SpringRank,0.3451536643026004,1.1588784456253052,-0.8137247813227048,Football_finer,0.018468141555786133,0.0558254480361938
Halo2BetaData,SpringRank,0.4254581928253174,0.9997892379760742,-0.5743310451507568,Halo,0.74678635597229,0.0641607046127319
Basketball_temporal/1985,davidScore,0.09954807003679648,0.7519932985305786,-0.6524452284937822,Basketball_coarse,0.3315310478210449,0.0025603055953979
Basketball_temporal/1986,davidScore,0.09907289153777021,0.7787021398544312,-0.6796292483166609,Basketball_coarse,0.3557884693145752,0.002582311630249
Basketball_temporal/1987,davidScore,0.10161720763668712,0.8533968925476074,-0.7517796849109203,Basketball_coarse,0.3726480007171631,0.0026512861251831
Basketball_temporal/1988,davidScore,0.1018217647428775,0.7654901742935181,-0.6636684095506405,Basketball_coarse,0.34849095344543457,0.0026245832443237
Basketball_temporal/1989,davidScore,0.10148318447234034,0.7694055438041687,-0.6679223593318284,Basketball_coarse,0.39830756187438965,0.0026741743087768
Basketball_temporal/1990,davidScore,0.10203702940084945,0.7848771214485168,-0.6828400920476674,Basketball_coarse,0.4185512065887451,0.0026896238327026
Basketball_temporal/1991,davidScore,0.1017589626532139,0.7657992839813232,-0.6640403213281093,Basketball_coarse,0.45845675468444824,0.0026991367340087
Basketball_temporal/1992,davidScore,0.09924514059256463,0.7197334170341492,-0.6204882764415846,Basketball_coarse,0.4622340202331543,0.0027718305587768
Basketball_temporal/1993,davidScore,0.10373956938291955,0.7423649430274963,-0.6386253736445768,Basketball_coarse,0.3958570957183838,0.0026945352554321
Basketball_temporal/1994,davidScore,0.09959269992950576,0.7378939390182495,-0.6383012390887437,Basketball_coarse,0.40102529525756836,0.0027323961257934
Basketball_temporal/1995,davidScore,0.10430575713594581,0.7770219445228577,-0.6727161873869119,Basketball_coarse,0.4095480442047119,0.0027299165725708
Basketball_temporal/1996,davidScore,0.10829726673685032,0.8102752566337585,-0.7019779898969082,Basketball_coarse,0.4154398441314697,0.0027841329574584
Basketball_temporal/1997,davidScore,0.11249687722197667,0.8271428346633911,-0.7146459574414145,Basketball_coarse,0.482025146484375,0.0028056144714355
Basketball_temporal/1998,davidScore,0.10255286721280243,0.7917847037315369,-0.6892318365187344,Basketball_coarse,0.4201779365539551,0.0027901172637939
Basketball_temporal/1999,davidScore,0.10915181511940832,0.8072373270988464,-0.6980855119794381,Basketball_coarse,0.42891526222229004,0.0028937339782714
Basketball_temporal/2000,davidScore,0.09407899513540986,0.8561080098152161,-0.7620290146798062,Basketball_coarse,0.4833829402923584,0.0029363393783569
Basketball_temporal/2001,davidScore,0.09947271979357541,0.7787248492240906,-0.6792521294305152,Basketball_coarse,0.45178699493408203,0.0029020071029663
Basketball_temporal/2002,davidScore,0.1078253617144722,0.7973333597183228,-0.6895079980038505,Basketball_coarse,0.44599270820617676,0.0029219627380371
Basketball_temporal/2003,davidScore,0.10699407219805833,0.8049576282501221,-0.6979635560520637,Basketball_coarse,0.5551548004150391,0.0029872179031372
Basketball_temporal/2004,davidScore,0.10703289731484764,0.7453826069831848,-0.6383497096683372,Basketball_coarse,0.47967028617858887,0.0029772996902465
Basketball_temporal/2005,davidScore,0.10206150114930046,0.8051036596298218,-0.7030421584805213,Basketball_coarse,0.5709841251373291,0.0030222177505493
Basketball_temporal/2006,davidScore,0.11012237825349265,0.7741132378578186,-0.6639908596043259,Basketball_coarse,0.5363562107086182,0.0030763626098632
Basketball_temporal/2007,davidScore,0.09706538700313763,0.8388214707374573,-0.7417560837343197,Basketball_coarse,0.5904037952423096,0.0031328439712524
Basketball_temporal/2008,davidScore,0.1071074648688165,0.8002250790596008,-0.6931176141907843,Basketball_coarse,0.6342606544494629,0.0031940698623657
Basketball_temporal/2009,davidScore,0.10184676976721661,0.7633841633796692,-0.6615373936124526,Basketball_coarse,0.6444449424743652,0.0033057689666748
Basketball_temporal/2010,davidScore,0.09723902936118718,0.7745823264122009,-0.6773432970510137,Basketball_coarse,0.6764535903930664,0.0032492876052856
Basketball_temporal/2011,davidScore,0.09933557542449348,0.7857935428619385,-0.686457967437445,Basketball_coarse,0.5686798095703125,0.003213095664978
Basketball_temporal/2012,davidScore,0.09731205512399649,0.765207827091217,-0.6678957719672205,Basketball_coarse,0.5631849765777588,0.0032665014266967
Basketball_temporal/2013,davidScore,0.10126194658887618,0.7978112101554871,-0.6965492635666108,Basketball_coarse,0.5802896022796631,0.003235387802124
Basketball_temporal/2014,davidScore,0.10502980442386324,0.7945578098297119,-0.6895280054058487,Basketball_coarse,0.6306684017181396,0.0032459259033203
Basketball_temporal/finer1985,davidScore,0.4728093100058731,0.8268343806266785,-0.35402507062080535,Basketball_finer,0.6062853336334229,0.0026447772979736
Basketball_temporal/finer1986,davidScore,0.4702051616042291,0.8389512896537781,-0.368746128049549,Basketball_finer,0.5953209400177002,0.0026435136795043
Basketball_temporal/finer1987,davidScore,0.4728924684953906,0.8932963013648987,-0.42040383286950805,Basketball_finer,0.6393730640411377,0.0027211666107177
Basketball_temporal/finer1988,davidScore,0.4716996154359819,0.8410336971282959,-0.369334081692314,Basketball_finer,0.6525883674621582,0.0027183055877685
Basketball_temporal/finer1989,davidScore,0.4721968450288123,0.827534019947052,-0.3553371749182397,Basketball_finer,0.687067985534668,0.0027811050415039
Basketball_temporal/finer1990,davidScore,0.4723817142668635,0.8214420676231384,-0.34906035335627494,Basketball_finer,0.6808476448059082,0.0027605533599853
Basketball_temporal/finer1991,davidScore,0.4712785355842091,0.8342007398605347,-0.36292220427632554,Basketball_finer,0.7073976993560791,0.0027616739273071
Basketball_temporal/finer1992,davidScore,0.4696221612924022,0.7739548683166504,-0.3043327070242482,Basketball_finer,0.699941873550415,0.0027868032455444
Basketball_temporal/finer1993,davidScore,0.47060624219759467,0.7802971005439758,-0.30969085834638116,Basketball_finer,0.6414239406585693,0.002758765220642
Basketball_temporal/finer1994,davidScore,0.4711097091749058,0.7760276794433594,-0.3049179702684536,Basketball_finer,0.6920342445373535,0.0027907609939575
Basketball_temporal/finer1995,davidScore,0.47000430467249615,0.8305020928382874,-0.3604977881657912,Basketball_finer,0.672555685043335,0.0027988195419311
Basketball_temporal/finer1996,davidScore,0.471414140428109,0.8831929564476013,-0.41177881601949234,Basketball_finer,0.7099428176879883,0.0028684377670288
Basketball_temporal/finer1997,davidScore,0.47060029860479485,0.8551034927368164,-0.38450319413202155,Basketball_finer,0.7394981384277344,0.0028905391693115
Basketball_temporal/finer1998,davidScore,0.46943785728622295,0.8302687406539917,-0.36083088336776875,Basketball_finer,0.7637796401977539,0.002887225151062
Basketball_temporal/finer1999,davidScore,0.4699564214217083,0.8629899621009827,-0.3930335406792744,Basketball_finer,0.7777316570281982,0.0029363870620727
Basketball_temporal/finer2000,davidScore,0.46960746728946623,0.9045483469963074,-0.43494087970684114,Basketball_finer,0.898984432220459,0.0030477046966552
Basketball_temporal/finer2001,davidScore,0.47070134064540997,0.8593080639839172,-0.38860672333850727,Basketball_finer,0.921804666519165,0.0030074834823608
Basketball_temporal/finer2002,davidScore,0.4704714167588007,0.894240140914917,-0.42376872415611627,Basketball_finer,0.8271515369415283,0.0030394792556762
Basketball_temporal/finer2003,davidScore,0.47199018067410825,0.9126582145690918,-0.44066803389498355,Basketball_finer,0.9257514476776123,0.0031142950057983
Basketball_temporal/finer2004,davidScore,0.4720007689199272,0.803320586681366,-0.33131981776143876,Basketball_finer,0.9253487586975098,0.0030850172042846
Basketball_temporal/finer2005,davidScore,0.4707869065616504,0.8844720721244812,-0.4136851655628308,Basketball_finer,0.9921140670776367,0.003145146369934
Basketball_temporal/finer2006,davidScore,0.4711257324474887,0.8511151075363159,-0.37998937508882724,Basketball_finer,0.9760556221008301,0.0031869649887084
Basketball_temporal/finer2007,davidScore,0.4702092704847424,0.9292929172515868,-0.4590836467668444,Basketball_finer,1.128194808959961,0.0033836126327514
Basketball_temporal/finer2008,davidScore,0.470263440540082,0.884782612323761,-0.414519171783679,Basketball_finer,1.1383209228515625,0.003364086151123
Basketball_temporal/finer2009,davidScore,0.4708414605116339,0.8956029415130615,-0.42476148100142763,Basketball_finer,1.1119933128356934,0.003389573097229
Basketball_temporal/finer2010,davidScore,0.46966603376076166,0.8367619514465332,-0.36709591768577154,Basketball_finer,1.1280298233032227,0.0033669710159301
Basketball_temporal/finer2011,davidScore,0.4709752117431119,0.8714247345924377,-0.40044952284932583,Basketball_finer,1.1749513149261475,0.0033746719360351
Basketball_temporal/finer2012,davidScore,0.46959317680053536,0.8299283385276794,-0.3603351617271441,Basketball_finer,1.2135074138641357,0.0033856868743896
Basketball_temporal/finer2013,davidScore,0.4699484148367686,0.8760898113250732,-0.40614139648830466,Basketball_finer,1.198275089263916,0.0034074306488037
Basketball_temporal/finer2014,davidScore,0.47258252537300616,0.8630748987197876,-0.39049237334678144,Basketball_finer,1.1956918239593506,0.0034385919570922
Dryad_animal_society,davidScore,0.07880724174653887,0.3270440399646759,-0.24823679821813704,Animal,0.011841297149658203,0.0009373426437377
FacultyHiringNetworks/Business/Business_FM_Full_,davidScore,0.04884792626728111,0.4862898588180542,-0.43744193255077307,Faculty,0.07682251930236816,0.0014291048049926
FacultyHiringNetworks/ComputerScience/ComputerScience_FM_Full_,davidScore,0.03372508942258559,0.609808087348938,-0.5760829979263524,Faculty,0.08458638191223145,0.0018329381942749
FacultyHiringNetworks/History/History_FM_Full_,davidScore,0.030405405405405407,0.5739202499389648,-0.5435148445335595,Faculty,0.06908059120178223,0.0014921188354492
Football_data_England_Premier_League/England_2009_2010,davidScore,0.13595706618962433,0.8048780560493469,-0.6689209898597226,Football_coarse,0.013993501663208008,0.0009153842926025
Football_data_England_Premier_League/England_2010_2011,davidScore,0.23505154639175257,1.2919254302978516,-1.056873883906099,Football_coarse,0.014062166213989258,0.0009287595748901
Football_data_England_Premier_League/England_2011_2012,davidScore,0.18065693430656934,0.8727272748947144,-0.692070340588145,Football_coarse,0.013452529907226562,0.0009151697158813
Football_data_England_Premier_League/England_2012_2013,davidScore,0.21052631578947367,0.8888888955116272,-0.6783625797221535,Football_coarse,0.013401985168457031,0.0009260416030883
Football_data_England_Premier_League/England_2013_2014,davidScore,0.1371527777777778,0.678787887096405,-0.5416351093186272,Football_coarse,0.01333475112915039,0.0009239912033081
Football_data_England_Premier_League/England_2014_2015,davidScore,0.11602209944751381,1.0934579372406006,-0.9774358377930867,Football_coarse,0.010906219482421875,0.0009003162384033
Football_data_England_Premier_League/finerEngland_2009_2010,davidScore,0.32860938883968105,0.707317054271698,-0.37870766543201695,Football_finer,0.02268505096435547,0.0008960962295532
Football_data_England_Premier_League/finerEngland_2010_2011,davidScore,0.395083406496927,1.2919254302978516,-0.8968420238009245,Football_finer,0.024380207061767578,0.0008965253829956
Football_data_England_Premier_League/finerEngland_2011_2012,davidScore,0.35726795096322234,0.9212121367454528,-0.5639441857822305,Football_finer,0.024309635162353516,0.0008986234664916
Football_data_England_Premier_League/finerEngland_2012_2013,davidScore,0.3810359964881474,0.915032684803009,-0.5339966883148617,Football_finer,0.022350549697875977,0.0008951187133789
Football_data_England_Premier_League/finerEngland_2013_2014,davidScore,0.326241134751773,0.7272727489471436,-0.40103161419537053,Football_finer,0.022533416748046875,0.0008877277374267
Football_data_England_Premier_League/finerEngland_2014_2015,davidScore,0.3451536643026004,1.0467289686203003,-0.7015753043176999,Football_finer,0.018468141555786133,0.0008872747421264
Halo2BetaData,davidScore,0.4254581928253174,1.156585931777954,-0.7311277389526367,Halo,0.74678635597229,0.0063128948211669
Basketball_temporal/1985,SVD_NRS,0.09954807003679648,0.8644565939903259,-0.7649085239535295,Basketball_coarse,0.3315310478210449,0.0054181098937988
Basketball_temporal/1986,SVD_NRS,0.09907289153777021,0.8552412390708923,-0.7561683475331221,Basketball_coarse,0.3557884693145752,0.0050883531570434
Basketball_temporal/1987,SVD_NRS,0.10161720763668712,0.9074294567108154,-0.8058122490741283,Basketball_coarse,0.3726480007171631,0.0058151483535766
Basketball_temporal/1988,SVD_NRS,0.1018217647428775,0.8313725590705872,-0.7295507943277096,Basketball_coarse,0.34849095344543457,0.0052632093429565
Basketball_temporal/1989,SVD_NRS,0.10148318447234034,0.901173770427704,-0.7996905859553636,Basketball_coarse,0.39830756187438965,0.0053756713867187
Basketball_temporal/1990,SVD_NRS,0.10203702940084945,0.8483932018280029,-0.7463561724271535,Basketball_coarse,0.4185512065887451,0.0051903963088989
Basketball_temporal/1991,SVD_NRS,0.1017589626532139,0.8951672911643982,-0.7934083285111843,Basketball_coarse,0.45845675468444824,0.0052355289459228
Basketball_temporal/1992,SVD_NRS,0.09924514059256463,0.8396890163421631,-0.7404438757495985,Basketball_coarse,0.4622340202331543,0.0052765607833862
Basketball_temporal/1993,SVD_NRS,0.10373956938291955,0.8582615256309509,-0.7545219562480314,Basketball_coarse,0.3958570957183838,0.0052901744842529
Basketball_temporal/1994,SVD_NRS,0.09959269992950576,0.8393543362617493,-0.7397616363322435,Basketball_coarse,0.40102529525756836,0.0052804470062255
Basketball_temporal/1995,SVD_NRS,0.10430575713594581,0.8647014498710632,-0.7603956927351174,Basketball_coarse,0.4095480442047119,0.005238938331604
Basketball_temporal/1996,SVD_NRS,0.10829726673685032,0.9467889666557312,-0.8384916999188808,Basketball_coarse,0.4154398441314697,0.0054803609848022
Basketball_temporal/1997,SVD_NRS,0.11249687722197667,0.9157142639160156,-0.803217386694039,Basketball_coarse,0.482025146484375,0.0056245565414428
Basketball_temporal/1998,SVD_NRS,0.10255286721280243,0.8909348249435425,-0.78838195773074,Basketball_coarse,0.4201779365539551,0.0052859306335449
Basketball_temporal/1999,SVD_NRS,0.10915181511940832,0.9491997361183168,-0.8400479209989085,Basketball_coarse,0.42891526222229004,0.0053467988967895
Basketball_temporal/2000,SVD_NRS,0.09407899513540986,0.937767505645752,-0.8436885105103421,Basketball_coarse,0.4833829402923584,0.0056664228439331
Basketball_temporal/2001,SVD_NRS,0.09947271979357541,0.9382884502410888,-0.8388157304475133,Basketball_coarse,0.45178699493408203,0.0054215192794799
Basketball_temporal/2002,SVD_NRS,0.1078253617144722,0.8813333511352539,-0.7735079894207817,Basketball_coarse,0.44599270820617676,0.0055675268173217
Basketball_temporal/2003,SVD_NRS,0.10699407219805833,0.936725378036499,-0.8297313058384407,Basketball_coarse,0.5551548004150391,0.0056865453720092
Basketball_temporal/2004,SVD_NRS,0.10703289731484764,0.8641160726547241,-0.7570831753398765,Basketball_coarse,0.47967028617858887,0.0056552410125732
Basketball_temporal/2005,SVD_NRS,0.10206150114930046,0.9212121367454528,-0.8191506355961523,Basketball_coarse,0.5709841251373291,0.0056705713272094
Basketball_temporal/2006,SVD_NRS,0.11012237825349265,0.9110143184661864,-0.8008919402126937,Basketball_coarse,0.5363562107086182,0.0057156324386596
Basketball_temporal/2007,SVD_NRS,0.09706538700313763,0.8908145427703857,-0.7937491557672481,Basketball_coarse,0.5904037952423096,0.0057687520980834
Basketball_temporal/2008,SVD_NRS,0.1071074648688165,0.90264493227005,-0.7955374674012335,Basketball_coarse,0.6342606544494629,0.0057755231857299
Basketball_temporal/2009,SVD_NRS,0.10184676976721661,0.882108211517334,-0.7802614417501174,Basketball_coarse,0.6444449424743652,0.0058996677398681
Basketball_temporal/2010,SVD_NRS,0.09723902936118718,0.9060531258583068,-0.8088140964971196,Basketball_coarse,0.6764535903930664,0.0061078548431396
Basketball_temporal/2011,SVD_NRS,0.09933557542449348,0.8723640441894531,-0.7730284687649597,Basketball_coarse,0.5686798095703125,0.0058090686798095
Basketball_temporal/2012,SVD_NRS,0.09731205512399649,0.8532893061637878,-0.7559772510397913,Basketball_coarse,0.5631849765777588,0.0058834314346313
Basketball_temporal/2013,SVD_NRS,0.10126194658887618,0.9028728008270264,-0.8016108542381502,Basketball_coarse,0.5802896022796631,0.0058236122131347
Basketball_temporal/2014,SVD_NRS,0.10502980442386324,0.8653061389923096,-0.7602763345684463,Basketball_coarse,0.6306684017181396,0.0060730934143066
Basketball_temporal/finer1985,SVD_NRS,0.4728093100058731,0.8654087781906128,-0.3925994681847397,Basketball_finer,0.6062853336334229,0.0055483341217041
Basketball_temporal/finer1986,SVD_NRS,0.4702051616042291,0.855597198009491,-0.3853920364052619,Basketball_finer,0.5953209400177002,0.0051366090774536
Basketball_temporal/finer1987,SVD_NRS,0.4728924684953906,0.9107496738433838,-0.43785720534799316,Basketball_finer,0.6393730640411377,0.0059745788574218
Basketball_temporal/finer1988,SVD_NRS,0.4716996154359819,0.8332028388977051,-0.3615032234617232,Basketball_finer,0.6525883674621582,0.0052058458328247
Basketball_temporal/finer1989,SVD_NRS,0.4721968450288123,0.90317702293396,-0.43098017790514764,Basketball_finer,0.687067985534668,0.0052243947982788
Basketball_temporal/finer1990,SVD_NRS,0.4723817142668635,0.8410720825195312,-0.36869036825266777,Basketball_finer,0.6808476448059082,0.0051684379577636
Basketball_temporal/finer1991,SVD_NRS,0.4712785355842091,0.8921933174133301,-0.42091478182912095,Basketball_finer,0.7073976993560791,0.0052374839782714
Basketball_temporal/finer1992,SVD_NRS,0.4696221612924022,0.8390676975250244,-0.3694455362326222,Basketball_finer,0.699941873550415,0.0052285909652709
Basketball_temporal/finer1993,SVD_NRS,0.47060624219759467,0.8553557395935059,-0.3847494973959112,Basketball_finer,0.6414239406585693,0.0051782608032226
Basketball_temporal/finer1994,SVD_NRS,0.4711097091749058,0.8344218134880066,-0.3633121043131008,Basketball_finer,0.6920342445373535,0.0052990913391113
Basketball_temporal/finer1995,SVD_NRS,0.47000430467249615,0.8652321696281433,-0.39522786495564716,Basketball_finer,0.672555685043335,0.0054040670394897
Basketball_temporal/finer1996,SVD_NRS,0.471414140428109,0.9461735486984252,-0.4747594082703162,Basketball_finer,0.7099428176879883,0.0053638935089111
Basketball_temporal/finer1997,SVD_NRS,0.47060029860479485,0.9207708835601808,-0.4501705849553859,Basketball_finer,0.7394981384277344,0.0056508541107177
Basketball_temporal/finer1998,SVD_NRS,0.46943785728622295,0.8981612324714661,-0.4287233751852431,Basketball_finer,0.7637796401977539,0.0053310394287109
Basketball_temporal/finer1999,SVD_NRS,0.4699564214217083,0.9420742392539978,-0.4721178178322895,Basketball_finer,0.7777316570281982,0.0053251981735229
Basketball_temporal/finer2000,SVD_NRS,0.46960746728946623,0.9532350897789,-0.4836276224894338,Basketball_finer,0.898984432220459,0.0057776689529418
Basketball_temporal/finer2001,SVD_NRS,0.47070134064540997,0.9673805832862854,-0.49667924264087543,Basketball_finer,0.921804666519165,0.0055157899856567
Basketball_temporal/finer2002,SVD_NRS,0.4704714167588007,0.9163683652877808,-0.44589694852898004,Basketball_finer,0.8271515369415283,0.0057296991348266
Basketball_temporal/finer2003,SVD_NRS,0.47199018067410825,0.946835458278656,-0.47484527760454776,Basketball_finer,0.9257514476776123,0.0056217670440673
Basketball_temporal/finer2004,SVD_NRS,0.4720007689199272,0.8837803602218628,-0.4117795913019356,Basketball_finer,0.9253487586975098,0.0054477214813232
Basketball_temporal/finer2005,SVD_NRS,0.4707869065616504,0.9490683078765868,-0.4782814013149364,Basketball_finer,0.9921140670776367,0.0055948495864868
Basketball_temporal/finer2006,SVD_NRS,0.4711257324474887,0.9391199350357056,-0.4679942025882169,Basketball_finer,0.9760556221008301,0.0058551549911499
Basketball_temporal/finer2007,SVD_NRS,0.4702092704847424,0.9315375685691832,-0.4613282980844408,Basketball_finer,1.128194808959961,0.0057409048080444
Basketball_temporal/finer2008,SVD_NRS,0.470263440540082,0.91304349899292,-0.442780058452838,Basketball_finer,1.1383209228515625,0.0058060884475708
Basketball_temporal/finer2009,SVD_NRS,0.4708414605116339,0.913946568965912,-0.4431051084542781,Basketball_finer,1.1119933128356934,0.0059691667556762
Basketball_temporal/finer2010,SVD_NRS,0.46966603376076166,0.9222548604011536,-0.4525888266403919,Basketball_finer,1.1280298233032227,0.0058786869049072
Basketball_temporal/finer2011,SVD_NRS,0.4709752117431119,0.8928093910217285,-0.4218341792786166,Basketball_finer,1.1749513149261475,0.0069743633270263
Basketball_temporal/finer2012,SVD_NRS,0.46959317680053536,0.8851154446601868,-0.4155222678596514,Basketball_finer,1.2135074138641357,0.0058484554290771
Basketball_temporal/finer2013,SVD_NRS,0.4699484148367686,0.9204755425453186,-0.45052712770855,Basketball_finer,1.198275089263916,0.0059539079666137
Basketball_temporal/finer2014,SVD_NRS,0.47258252537300616,0.8830485939979553,-0.41046606862494917,Basketball_finer,1.1956918239593506,0.0059788465499877
Dryad_animal_society,SVD_NRS,0.07880724174653887,0.5283018946647644,-0.44949465291822555,Animal,0.011841297149658203,0.0024009466171264
FacultyHiringNetworks/Business/Business_FM_Full_,SVD_NRS,0.04884792626728111,0.46110799908638,-0.4122600728190989,Faculty,0.07682251930236816,0.0033247470855712
FacultyHiringNetworks/ComputerScience/ComputerScience_FM_Full_,SVD_NRS,0.03372508942258559,0.5828002691268921,-0.5490751797043065,Faculty,0.08458638191223145,0.0039436101913452
FacultyHiringNetworks/History/History_FM_Full_,SVD_NRS,0.030405405405405407,0.3820598125457763,-0.3516544071403709,Faculty,0.06908059120178223,0.0033212900161743
Football_data_England_Premier_League/England_2009_2010,SVD_NRS,0.13595706618962433,0.6585366129875183,-0.522579546797894,Football_coarse,0.013993501663208008,0.0023860216140747
Football_data_England_Premier_League/England_2010_2011,SVD_NRS,0.23505154639175257,1.1677018404006958,-0.9326502940089432,Football_coarse,0.014062166213989258,0.0023445129394531
Football_data_England_Premier_League/England_2011_2012,SVD_NRS,0.18065693430656934,0.8484848737716675,-0.6678279394650981,Football_coarse,0.013452529907226562,0.0023698806762695
Football_data_England_Premier_League/England_2012_2013,SVD_NRS,0.21052631578947367,0.8627451062202454,-0.6522187904307717,Football_coarse,0.013401985168457031,0.0023855924606323
Football_data_England_Premier_League/England_2013_2014,SVD_NRS,0.1371527777777778,0.7515151500701904,-0.6143623722924126,Football_coarse,0.01333475112915039,0.0023919582366943
Football_data_England_Premier_League/England_2014_2015,SVD_NRS,0.11602209944751381,1.0841121673583984,-0.9680900679108846,Football_coarse,0.010906219482421875,0.0023413181304931
Football_data_England_Premier_League/finerEngland_2009_2010,SVD_NRS,0.32860938883968105,0.6585366129875183,-0.32992722414783726,Football_finer,0.02268505096435547,0.0023584842681884
Football_data_England_Premier_League/finerEngland_2010_2011,SVD_NRS,0.395083406496927,1.1677018404006958,-0.7726184339037687,Football_finer,0.024380207061767578,0.0023663997650146
Football_data_England_Premier_League/finerEngland_2011_2012,SVD_NRS,0.35726795096322234,0.8484848737716675,-0.49121692280844514,Football_finer,0.024309635162353516,0.00238618850708
Football_data_England_Premier_League/finerEngland_2012_2013,SVD_NRS,0.3810359964881474,0.8627451062202454,-0.48170910973209796,Football_finer,0.022350549697875977,0.0031434774398803
Football_data_England_Premier_League/finerEngland_2013_2014,SVD_NRS,0.326241134751773,0.7515151500701904,-0.4252740153184174,Football_finer,0.022533416748046875,0.0023753404617309
Football_data_England_Premier_League/finerEngland_2014_2015,SVD_NRS,0.3451536643026004,1.0841121673583984,-0.738958503055798,Football_finer,0.018468141555786133,0.0023685216903686
Halo2BetaData,SVD_NRS,0.4254581928253174,1.4288724899291991,-1.0034142971038817,Halo,0.74678635597229,0.0061795234680175
Basketball_temporal/1985,btl,0.09954807003679648,0.93411665558815,-0.8345685855513536,Basketball_coarse,0.3315310478210449,0.6334479570388794
Basketball_temporal/1986,btl,0.09907289153777021,0.9582362651824952,-0.859163373644725,Basketball_coarse,0.3557884693145752,0.0287694454193115
Basketball_temporal/1987,btl,0.10161720763668712,0.9852999687194824,-0.8836827610827953,Basketball_coarse,0.3726480007171631,0.0296360492706298
Basketball_temporal/1988,btl,0.1018217647428775,0.9174901962280272,-0.8156684314851497,Basketball_coarse,0.34849095344543457,0.0293519496917724
Basketball_temporal/1989,btl,0.10148318447234034,0.940552818775177,-0.8390696343028368,Basketball_coarse,0.39830756187438965,0.0301017522811889
Basketball_temporal/1990,btl,0.10203702940084945,0.892551988363266,-0.7905149589624165,Basketball_coarse,0.4185512065887451,0.2640378713607788
Basketball_temporal/1991,btl,0.1017589626532139,0.9204460978507996,-0.8186871351975856,Basketball_coarse,0.45845675468444824,0.1556034564971923
Basketball_temporal/1992,btl,0.09924514059256463,0.8550907075405121,-0.7558455669479475,Basketball_coarse,0.4622340202331543,0.5349749565124512
Basketball_temporal/1993,btl,0.10373956938291955,0.8806577920913696,-0.7769182227084501,Basketball_coarse,0.3958570957183838,0.180993366241455
Basketball_temporal/1994,btl,0.09959269992950576,0.7721752464771271,-0.6725825465476214,Basketball_coarse,0.40102529525756836,0.9823651552200318
Basketball_temporal/1995,btl,0.10430575713594581,0.8367346882820129,-0.7324289311460671,Basketball_coarse,0.4095480442047119,0.5655962705612183
Basketball_temporal/1996,btl,0.10829726673685032,0.964697241783142,-0.8563999750462916,Basketball_coarse,0.4154398441314697,0.2144979953765869
Basketball_temporal/1997,btl,0.11249687722197667,0.9687142848968506,-0.856217407674874,Basketball_coarse,0.482025146484375,0.0313646078109741
Basketball_temporal/1998,btl,0.10255286721280243,0.9556657254695892,-0.8531128582567867,Basketball_coarse,0.4201779365539551,0.0312440872192382
Basketball_temporal/1999,btl,0.10915181511940832,0.968545573949814,-0.8593937588304057,Basketball_coarse,0.42891526222229004,0.4601764678955078
Basketball_temporal/2000,btl,0.09407899513540986,0.9834705293178558,-0.889391534182446,Basketball_coarse,0.4833829402923584,0.0323248624801635
Basketball_temporal/2001,btl,0.09947271979357541,0.9092396855354308,-0.8097669657418554,Basketball_coarse,0.45178699493408203,0.2251602411270141
Basketball_temporal/2002,btl,0.1078253617144722,0.921866661310196,-0.8140412995957238,Basketball_coarse,0.44599270820617676,0.1648032188415527
Basketball_temporal/2003,btl,0.10699407219805833,0.9475538194179536,-0.8405597472198952,Basketball_coarse,0.5551548004150391,0.2544976472854614
Basketball_temporal/2004,btl,0.10703289731484764,0.8891820669174194,-0.7821491696025717,Basketball_coarse,0.47967028617858887,0.2018845558166503
Basketball_temporal/2005,btl,0.10206150114930046,0.9787559866905212,-0.8766944855412208,Basketball_coarse,0.5709841251373291,0.0340014696121215
Basketball_temporal/2006,btl,0.11012237825349265,0.8354698240756988,-0.7253474458222061,Basketball_coarse,0.5363562107086182,0.8416754007339478
Basketball_temporal/2007,btl,0.09706538700313763,0.94477179646492,-0.8477064094617824,Basketball_coarse,0.5904037952423096,0.034200644493103
Basketball_temporal/2008,btl,0.1071074648688165,0.897692734003067,-0.7905852691342505,Basketball_coarse,0.6342606544494629,0.4471323490142822
Basketball_temporal/2009,btl,0.10184676976721661,0.9432454884052276,-0.841398718638011,Basketball_coarse,0.6444449424743652,0.0356598377227783
Basketball_temporal/2010,btl,0.09723902936118718,0.849301564693451,-0.7520625353322637,Basketball_coarse,0.6764535903930664,0.6361177206039429
Basketball_temporal/2011,btl,0.09933557542449348,0.8500554919242859,-0.7507199164997924,Basketball_coarse,0.5686798095703125,0.6983792781829834
Basketball_temporal/2012,btl,0.09731205512399649,0.8832369983196259,-0.7859249431956294,Basketball_coarse,0.5631849765777588,0.2861127853393554
Basketball_temporal/2013,btl,0.10126194658887618,0.9514637470245362,-0.85020180043566,Basketball_coarse,0.5802896022796631,0.1541766166687011
Basketball_temporal/2014,btl,0.10502980442386324,0.8680271983146668,-0.7629973938908036,Basketball_coarse,0.6306684017181396,1.0713338375091552
Basketball_temporal/finer1985,btl,0.4728093100058731,1.459119486808777,-0.9863101768029038,Basketball_finer,0.6062853336334229,0.0406559944152832
Basketball_temporal/finer1986,btl,0.4702051616042291,1.4238867998123168,-0.9536816382080877,Basketball_finer,0.5953209400177002,0.0401323795318603
Basketball_temporal/finer1987,btl,0.4728924684953906,1.4146767139434815,-0.9417842454480909,Basketball_finer,0.6393730640411377,0.0419764518737793
Basketball_temporal/finer1988,btl,0.4716996154359819,1.4335160613059998,-0.961816445870018,Basketball_finer,0.6525883674621582,0.041773247718811
Basketball_temporal/finer1989,btl,0.4721968450288123,1.427382755279541,-0.9551859102507287,Basketball_finer,0.687067985534668,0.0421968460083007
Basketball_temporal/finer1990,btl,0.4723817142668635,1.4505096316337585,-0.978127917366895,Basketball_finer,0.6808476448059082,0.0420645475387573
Basketball_temporal/finer1991,btl,0.4712785355842091,1.3638661623001098,-0.8925876267159008,Basketball_finer,0.7073976993560791,0.042181396484375
Basketball_temporal/finer1992,btl,0.4696221612924022,1.325046217441559,-0.8554240561491567,Basketball_finer,0.699941873550415,0.0426398754119873
Basketball_temporal/finer1993,btl,0.47060624219759467,1.3519937515258789,-0.8813875093282841,Basketball_finer,0.6414239406585693,0.0429075956344604
Basketball_temporal/finer1994,btl,0.4711097091749058,1.349058783054352,-0.8779490738794461,Basketball_finer,0.6920342445373535,0.0430773973464965
Basketball_temporal/finer1995,btl,0.47000430467249615,1.3484333634376526,-0.8784290587651564,Basketball_finer,0.672555685043335,0.0437039375305175
Basketball_temporal/finer1996,btl,0.471414140428109,1.439619207382202,-0.9682050669540931,Basketball_finer,0.7099428176879883,0.0437628746032714
Basketball_temporal/finer1997,btl,0.47060029860479485,1.399857234954834,-0.9292569363500391,Basketball_finer,0.7394981384277344,0.0440780401229858
Basketball_temporal/finer1998,btl,0.46943785728622295,1.3568599820137024,-0.8874221247274794,Basketball_finer,0.7637796401977539,0.0443637132644653
Basketball_temporal/finer1999,btl,0.4699564214217083,1.379535174369812,-0.9095787529481039,Basketball_finer,0.7777316570281982,0.0444685935974121
Basketball_temporal/finer2000,btl,0.46960746728946623,1.387956440448761,-0.9183489731592948,Basketball_finer,0.898984432220459,0.0458477973937988
Basketball_temporal/finer2001,btl,0.47070134064540997,1.413245475292206,-0.942544134646796,Basketball_finer,0.921804666519165,0.0456903219223022
Basketball_temporal/finer2002,btl,0.4704714167588007,1.4289619207382205,-0.9584905039794198,Basketball_finer,0.8271515369415283,0.0457417488098144
Basketball_temporal/finer2003,btl,0.47199018067410825,1.4559493780136108,-0.9839591973395025,Basketball_finer,0.9257514476776123,0.045918321609497
Basketball_temporal/finer2004,btl,0.4720007689199272,1.4140485167503356,-0.9420477478304083,Basketball_finer,0.9253487586975098,0.0470226049423217
Basketball_temporal/finer2005,btl,0.4707869065616504,1.378260862827301,-0.9074739562656506,Basketball_finer,0.9921140670776367,0.0476004838943481
Basketball_temporal/finer2006,btl,0.4711257324474887,1.3989150047302246,-0.9277892722827359,Basketball_finer,0.9760556221008301,0.0476453781127929
Basketball_temporal/finer2007,btl,0.4702092704847424,1.3928170442581176,-0.9226077737733751,Basketball_finer,1.128194808959961,0.0482445240020752
Basketball_temporal/finer2008,btl,0.470263440540082,1.3564130544662476,-0.8861496139261655,Basketball_finer,1.1383209228515625,0.0490887403488159
Basketball_temporal/finer2009,btl,0.4708414605116339,1.371243596076965,-0.9004021355653312,Basketball_finer,1.1119933128356934,0.0497791528701782
Basketball_temporal/finer2010,btl,0.46966603376076166,1.3360406160354614,-0.8663745822746998,Basketball_finer,1.1280298233032227,0.0502650499343872
Basketball_temporal/finer2011,btl,0.4709752117431119,1.3617749333381652,-0.8907997215950534,Basketball_finer,1.1749513149261475,0.0496970653533935
Basketball_temporal/finer2012,btl,0.46959317680053536,1.3729901790618897,-0.9033970022613543,Basketball_finer,1.2135074138641357,0.0493481159210205
Basketball_temporal/finer2013,btl,0.4699484148367686,1.3728929996490478,-0.9029445848122792,Basketball_finer,1.198275089263916,0.0506786346435546
Basketball_temporal/finer2014,btl,0.47258252537300616,1.4207621574401856,-0.9481796320671795,Basketball_finer,1.1956918239593506,0.0507319211959838
Dryad_animal_society,btl,0.07880724174653887,0.4528301954269409,-0.37402295368040206,Animal,0.011841297149658203,0.911819624900818
FacultyHiringNetworks/Business/Business_FM_Full_,btl,0.04884792626728111,0.4149972051382065,-0.36614927887092535,Faculty,0.07682251930236816,0.0247617483139038
FacultyHiringNetworks/ComputerScience/ComputerScience_FM_Full_,btl,0.03372508942258559,0.337739872932434,-0.30401478350984845,Faculty,0.08458638191223145,0.0774423837661743
FacultyHiringNetworks/History/History_FM_Full_,btl,0.030405405405405407,0.3003322303295135,-0.2699268249241081,Faculty,0.06908059120178223,0.0518604755401611
Football_data_England_Premier_League/England_2009_2010,btl,0.13595706618962433,0.6682926774024963,-0.532335611212872,Football_coarse,0.013993501663208008,0.0136348962783813
Football_data_England_Premier_League/England_2010_2011,btl,0.23505154639175257,1.1801241993904117,-0.9450726529986591,Football_coarse,0.014062166213989258,0.0115950584411621
Football_data_England_Premier_League/England_2011_2012,btl,0.18065693430656934,0.8606060862541198,-0.6799491519475505,Football_coarse,0.013452529907226562,0.0279777526855468
Football_data_England_Premier_League/England_2012_2013,btl,0.21052631578947367,0.993464058637619,-0.7829377428481453,Football_coarse,0.013401985168457031,0.0144501447677612
Football_data_England_Premier_League/England_2013_2014,btl,0.1371527777777778,0.7733333349227905,-0.6361805571450128,Football_coarse,0.01333475112915039,0.0199265003204345
Football_data_England_Premier_League/England_2014_2015,btl,0.11602209944751381,1.162616765499115,-1.0465946660516012,Football_coarse,0.010906219482421875,0.025156545639038
Football_data_England_Premier_League/finerEngland_2009_2010,btl,0.32860938883968105,0.7926829278469085,-0.4640735390072275,Football_finer,0.02268505096435547,0.0038102865219116
Football_data_England_Premier_League/finerEngland_2010_2011,btl,0.395083406496927,1.3118012428283692,-0.9167178363314421,Football_finer,0.024380207061767578,0.0034668207168579
Football_data_England_Premier_League/finerEngland_2011_2012,btl,0.35726795096322234,0.9284848570823668,-0.5712169061191446,Football_finer,0.024309635162353516,0.0038083553314208
Football_data_England_Premier_League/finerEngland_2012_2013,btl,0.3810359964881474,0.993464070558548,-0.6124280740704007,Football_finer,0.022350549697875977,0.0037172079086303
Football_data_England_Premier_League/finerEngland_2013_2014,btl,0.326241134751773,0.8484848499298095,-0.5222437151780366,Football_finer,0.022533416748046875,0.0039033651351928
Football_data_England_Premier_League/finerEngland_2014_2015,btl,0.3451536643026004,1.1925233364105223,-0.8473696721079219,Football_finer,0.018468141555786133,0.004170536994934
Halo2BetaData,btl,0.4254581928253174,1.1199156999588014,-0.694457507133484,Halo,0.74678635597229,0.0632393360137939
Basketball_temporal/1985,PageRank,0.09954807003679648,0.909777581691742,-0.8102295116549456,Basketball_coarse,0.3315310478210449,0.0021896839141845
Basketball_temporal/1986,PageRank,0.09907289153777021,0.881863534450531,-0.7827906429127608,Basketball_coarse,0.3557884693145752,0.0017054319381713
Basketball_temporal/1987,PageRank,0.10161720763668712,0.8963051438331604,-0.7946879361964733,Basketball_coarse,0.3726480007171631,0.0018330574035644
Basketball_temporal/1988,PageRank,0.1018217647428775,0.8470588326454163,-0.7452370679025387,Basketball_coarse,0.34849095344543457,0.0014156579971313
Basketball_temporal/1989,PageRank,0.10148318447234034,0.8496781587600708,-0.7481949742877305,Basketball_coarse,0.39830756187438965,0.0019528627395629
Basketball_temporal/1990,PageRank,0.10203702940084945,0.8846880793571472,-0.7826510499562978,Basketball_coarse,0.4185512065887451,0.0017513751983642
Basketball_temporal/1991,PageRank,0.1017589626532139,0.843122661113739,-0.7413636984605251,Basketball_coarse,0.45845675468444824,0.0017991065979003
Basketball_temporal/1992,PageRank,0.09924514059256463,0.7967419624328613,-0.6974968218402967,Basketball_coarse,0.4622340202331543,0.001898980140686
Basketball_temporal/1993,PageRank,0.10373956938291955,0.8457322120666504,-0.7419926426837309,Basketball_coarse,0.3958570957183838,0.0019598722457885
Basketball_temporal/1994,PageRank,0.09959269992950576,0.8270561099052429,-0.7274634099757371,Basketball_coarse,0.40102529525756836,0.0017947912216186
Basketball_temporal/1995,PageRank,0.10430575713594581,0.8692365884780884,-0.7649308313421426,Basketball_coarse,0.4095480442047119,0.0018797397613525
Basketball_temporal/1996,PageRank,0.10829726673685032,0.9159632921218872,-0.8076660253850368,Basketball_coarse,0.4154398441314697,0.0018296480178833
Basketball_temporal/1997,PageRank,0.11249687722197667,0.9028571248054504,-0.7903602475834738,Basketball_coarse,0.482025146484375,0.0017631769180297
Basketball_temporal/1998,PageRank,0.10255286721280243,0.8456090688705444,-0.743056201657742,Basketball_coarse,0.4201779365539551,0.0018912076950073
Basketball_temporal/1999,PageRank,0.10915181511940832,0.9408490061759948,-0.8316971910565865,Basketball_coarse,0.42891526222229004,0.001634407043457
Basketball_temporal/2000,PageRank,0.09407899513540986,0.9087915420532228,-0.8147125469178129,Basketball_coarse,0.4833829402923584,0.0016542196273803
Basketball_temporal/2001,PageRank,0.09947271979357541,0.8428230285644531,-0.7433503087708777,Basketball_coarse,0.45178699493408203,0.0018898487091064
Basketball_temporal/2002,PageRank,0.1078253617144722,0.9079999923706056,-0.8001746306561334,Basketball_coarse,0.44599270820617676,0.0018162965774536
Basketball_temporal/2003,PageRank,0.10699407219805833,0.9393346309661864,-0.8323405587681281,Basketball_coarse,0.5551548004150391,0.0017542839050292
Basketball_temporal/2004,PageRank,0.10703289731484764,0.8667545914649963,-0.7597216941501487,Basketball_coarse,0.47967028617858887,0.0019802808761596
Basketball_temporal/2005,PageRank,0.10206150114930046,0.9059011340141296,-0.8038396328648292,Basketball_coarse,0.5709841251373291,0.0019880533218383
Basketball_temporal/2006,PageRank,0.11012237825349265,0.8948351144790649,-0.7847127362255722,Basketball_coarse,0.5363562107086182,0.0019275426864624
Basketball_temporal/2007,PageRank,0.09706538700313763,0.8931253552436829,-0.7960599682405453,Basketball_coarse,0.5904037952423096,0.0018489360809326
Basketball_temporal/2008,PageRank,0.1071074648688165,0.9262802600860596,-0.8191727952172431,Basketball_coarse,0.6342606544494629,0.0018029451370239
Basketball_temporal/2009,PageRank,0.10184676976721661,0.8554785251617432,-0.7536317553945265,Basketball_coarse,0.6444449424743652,0.0024473667144775
Basketball_temporal/2010,PageRank,0.09723902936118718,0.9060531258583068,-0.8088140964971196,Basketball_coarse,0.6764535903930664,0.0021663904190063
Basketball_temporal/2011,PageRank,0.09933557542449348,0.8934516906738281,-0.7941161152493347,Basketball_coarse,0.5686798095703125,0.0023311138153076
Basketball_temporal/2012,PageRank,0.09731205512399649,0.8356729745864868,-0.7383609194624903,Basketball_coarse,0.5631849765777588,0.0019545316696166
Basketball_temporal/2013,PageRank,0.10126194658887618,0.8744186162948608,-0.7731566697059846,Basketball_coarse,0.5802896022796631,0.0018768072128295
Basketball_temporal/2014,PageRank,0.10502980442386324,0.9099319577217102,-0.804902153297847,Basketball_coarse,0.6306684017181396,0.0021601915359497
Basketball_temporal/finer1985,PageRank,0.4728093100058731,1.162264108657837,-0.6894547986519638,Basketball_finer,0.6062853336334229,0.0014695882797241
Basketball_temporal/finer1986,PageRank,0.4702051616042291,1.148564338684082,-0.6783591770798529,Basketball_finer,0.5953209400177002,0.001572823524475
Basketball_temporal/finer1987,PageRank,0.4728924684953906,1.2058706283569336,-0.732978159861543,Basketball_finer,0.6393730640411377,0.0015050649642944
Basketball_temporal/finer1988,PageRank,0.4716996154359819,1.185591220855713,-0.7138916054197311,Basketball_finer,0.6525883674621582,0.0014772415161132
Basketball_temporal/finer1989,PageRank,0.4721968450288123,1.143721580505371,-0.6715247354765588,Basketball_finer,0.687067985534668,0.0015623092651367
Basketball_temporal/finer1990,PageRank,0.4723817142668635,1.173272967338562,-0.7008912530716985,Basketball_finer,0.6808476448059082,0.00145263671875
Basketball_temporal/finer1991,PageRank,0.4712785355842091,1.308550238609314,-0.8372717030251049,Basketball_finer,0.7073976993560791,0.0014726638793945
Basketball_temporal/finer1992,PageRank,0.4696221612924022,1.2090270519256592,-0.739404890633257,Basketball_finer,0.699941873550415,0.0014462947845458
Basketball_temporal/finer1993,PageRank,0.47060624219759467,1.0992963314056396,-0.6286900892080449,Basketball_finer,0.6414239406585693,0.0014847517013549
Basketball_temporal/finer1994,PageRank,0.4711097091749058,1.0971955060958862,-0.6260857969209804,Basketball_finer,0.6920342445373535,0.0015028953552246
Basketball_temporal/finer1995,PageRank,0.47000430467249615,1.1340128183364868,-0.6640085136639906,Basketball_finer,0.672555685043335,0.0015460014343261
Basketball_temporal/finer1996,PageRank,0.471414140428109,1.1995606422424316,-0.7281465018143227,Basketball_finer,0.7099428176879883,0.0015081405639648
Basketball_temporal/finer1997,PageRank,0.47060029860479485,1.157744526863098,-0.6871442282583031,Basketball_finer,0.7394981384277344,0.0015097618103027
Basketball_temporal/finer1998,PageRank,0.46943785728622295,1.1301273107528689,-0.6606894534666459,Basketball_finer,0.7637796401977539,0.0015309810638427
Basketball_temporal/finer1999,PageRank,0.4699564214217083,1.1071799993515017,-0.6372235779297934,Basketball_finer,0.7777316570281982,0.0016456842422485
Basketball_temporal/finer2000,PageRank,0.46960746728946623,1.18385648727417,-0.7142490199847037,Basketball_finer,0.898984432220459,0.0016470432281494
Basketball_temporal/finer2001,PageRank,0.47070134064540997,1.1822075843811035,-0.7115062437356936,Basketball_finer,0.921804666519165,0.0015951633453369
Basketball_temporal/finer2002,PageRank,0.4704714167588007,1.131142258644104,-0.6606708418853033,Basketball_finer,0.8271515369415283,0.0016903162002563
Basketball_temporal/finer2003,PageRank,0.47199018067410825,1.140506386756897,-0.6685162060827887,Basketball_finer,0.9257514476776123,0.0017292976379394
Basketball_temporal/finer2004,PageRank,0.4720007689199272,1.1315453052520752,-0.6595445363321479,Basketball_finer,0.9253487586975098,0.0016872406005859
Basketball_temporal/finer2005,PageRank,0.4707869065616504,1.0906832218170166,-0.6198963152553663,Basketball_finer,0.9921140670776367,0.0021476030349731
Basketball_temporal/finer2006,PageRank,0.4711257324474887,1.1139240264892578,-0.6427982940417691,Basketball_finer,0.9760556221008301,0.001732325553894
Basketball_temporal/finer2007,PageRank,0.4702092704847424,1.085297465324402,-0.6150881948396596,Basketball_finer,1.128194808959961,0.0016908407211303
Basketball_temporal/finer2008,PageRank,0.470263440540082,1.127173900604248,-0.656910460064166,Basketball_finer,1.1383209228515625,0.0015540122985839
Basketball_temporal/finer2009,PageRank,0.4708414605116339,1.1157269477844238,-0.6448854872727899,Basketball_finer,1.1119933128356934,0.0018445491790771
Basketball_temporal/finer2010,PageRank,0.46966603376076166,1.1285065412521362,-0.6588405074913746,Basketball_finer,1.1280298233032227,0.0018882036209106
Basketball_temporal/finer2011,PageRank,0.4709752117431119,1.136594533920288,-0.6656193221771762,Basketball_finer,1.1749513149261475,0.0017866373062133
Basketball_temporal/finer2012,PageRank,0.46959317680053536,1.1037410497665403,-0.6341478729660049,Basketball_finer,1.2135074138641357,0.0017467498779296
Basketball_temporal/finer2013,PageRank,0.4699484148367686,1.128665804862976,-0.6587173900262075,Basketball_finer,1.198275089263916,0.0016989469528198
Basketball_temporal/finer2014,PageRank,0.47258252537300616,1.1332457065582275,-0.6606631811852214,Basketball_finer,1.1956918239593506,0.0017269372940063
Dryad_animal_society,PageRank,0.07880724174653887,0.6540880799293518,-0.575280838182813,Animal,0.011841297149658203,0.0002747774124145
FacultyHiringNetworks/Business/Business_FM_Full_,PageRank,0.04884792626728111,0.4857302606105804,-0.43688233434329926,Faculty,0.07682251930236816,0.0003419637680053
FacultyHiringNetworks/ComputerScience/ComputerScience_FM_Full_,PageRank,0.03372508942258559,0.4463397264480591,-0.4126146370254735,Faculty,0.08458638191223145,0.0005826473236083
FacultyHiringNetworks/History/History_FM_Full_,PageRank,0.030405405405405407,0.3554817140102386,-0.32507630860483316,Faculty,0.06908059120178223,0.0004270553588867
Football_data_England_Premier_League/England_2009_2010,PageRank,0.13595706618962433,1.0487804412841797,-0.9128233750945554,Football_coarse,0.013993501663208008,0.0002443313598632
Football_data_England_Premier_League/England_2010_2011,PageRank,0.23505154639175257,1.366459608078003,-1.1314080616862503,Football_coarse,0.014062166213989258,0.0002153873443603
Football_data_England_Premier_League/England_2011_2012,PageRank,0.18065693430656934,1.0181818008422852,-0.8375248665357158,Football_coarse,0.013452529907226562,0.0002345561981201
Football_data_England_Premier_League/England_2012_2013,PageRank,0.21052631578947367,0.9934640526771544,-0.7829377368876808,Football_coarse,0.013401985168457031,0.0002172470092773
Football_data_England_Premier_League/England_2013_2014,PageRank,0.1371527777777778,0.8727272748947144,-0.7355744971169366,Football_coarse,0.01333475112915039,0.0002586126327514
Football_data_England_Premier_League/England_2014_2015,PageRank,0.11602209944751381,1.196261644363403,-1.0802395449158892,Football_coarse,0.010906219482421875,0.0003229856491088
Football_data_England_Premier_League/finerEngland_2009_2010,PageRank,0.32860938883968105,1.097561001777649,-0.7689516129379679,Football_finer,0.02268505096435547,0.0001738548278808
Football_data_England_Premier_League/finerEngland_2010_2011,PageRank,0.395083406496927,1.4906831979751587,-1.0955997914782316,Football_finer,0.024380207061767578,0.000169563293457
Football_data_England_Premier_League/finerEngland_2011_2012,PageRank,0.35726795096322234,1.139393925666809,-0.7821259747035867,Football_finer,0.024309635162353516,0.0001771211624145
Football_data_England_Premier_League/finerEngland_2012_2013,PageRank,0.3810359964881474,1.202614426612854,-0.8215784301247067,Football_finer,0.022350549697875977,0.0001688003540039
Football_data_England_Premier_League/finerEngland_2013_2014,PageRank,0.326241134751773,1.0666667222976685,-0.7404255875458954,Football_finer,0.022533416748046875,0.0001780033111572
Football_data_England_Premier_League/finerEngland_2014_2015,PageRank,0.3451536643026004,1.2336448431015017,-0.8884911787989013,Football_finer,0.018468141555786133,0.0002079963684082
Halo2BetaData,PageRank,0.4254581928253174,1.361433029174805,-0.9359748363494875,Halo,0.74678635597229,0.0061884403228759
Basketball_temporal/1985,syncRank,0.09954807003679648,1.6164498329162598,-1.5169017628794632,Basketball_coarse,0.3315310478210449,0.3165663242340087
Basketball_temporal/1986,syncRank,0.09907289153777021,1.7936772108078003,-1.69460431927003,Basketball_coarse,0.3557884693145752,0.3155959844589233
Basketball_temporal/1987,syncRank,0.10161720763668712,1.7862534523010254,-1.6846362446643384,Basketball_coarse,0.3726480007171631,0.3294179677963257
Basketball_temporal/1988,syncRank,0.1018217647428775,1.7289411544799804,-1.627119389737103,Basketball_coarse,0.34849095344543457,0.3301613807678222
Basketball_temporal/1989,syncRank,0.10148318447234034,1.7417644262313845,-1.6402812417590442,Basketball_coarse,0.39830756187438965,0.3380486726760864
Basketball_temporal/1990,syncRank,0.10203702940084945,1.6801512241363523,-1.5781141947355029,Basketball_coarse,0.4185512065887451,0.3327863454818726
Basketball_temporal/1991,syncRank,0.1017589626532139,1.8007434606552124,-1.6989844980019986,Basketball_coarse,0.45845675468444824,0.3409839153289795
Basketball_temporal/1992,syncRank,0.09924514059256463,1.735653519630432,-1.6364083790378672,Basketball_coarse,0.4622340202331543,0.345376181602478
Basketball_temporal/1993,syncRank,0.10373956938291955,1.6789350509643557,-1.5751954815814362,Basketball_coarse,0.3958570957183838,0.3389636039733886
Basketball_temporal/1994,syncRank,0.09959269992950576,1.667947769165039,-1.5683550692355333,Basketball_coarse,0.40102529525756836,0.3442480802536011
Basketball_temporal/1995,syncRank,0.10430575713594581,1.8210128784179689,-1.716707121282023,Basketball_coarse,0.4095480442047119,0.3483345508575439
Basketball_temporal/1996,syncRank,0.10829726673685032,1.6733944416046145,-1.5650971748677642,Basketball_coarse,0.4154398441314697,0.3535548686981201
Basketball_temporal/1997,syncRank,0.11249687722197667,1.7200000286102295,-1.6075031513882527,Basketball_coarse,0.482025146484375,0.3564783811569214
Basketball_temporal/1998,syncRank,0.10255286721280243,1.688385248184204,-1.5858323809714017,Basketball_coarse,0.4201779365539551,0.3581866264343262
Basketball_temporal/1999,syncRank,0.10915181511940832,1.5643702745437622,-1.4552184594243538,Basketball_coarse,0.42891526222229004,0.3687169790267944
Basketball_temporal/2000,syncRank,0.09407899513540986,1.7662166357040403,-1.6721376405686303,Basketball_coarse,0.4833829402923584,0.3819927453994751
Basketball_temporal/2001,syncRank,0.09947271979357541,1.7251960039138794,-1.625723284120304,Basketball_coarse,0.45178699493408203,0.379957914352417
Basketball_temporal/2002,syncRank,0.1078253617144722,1.7482667088508606,-1.6404413471363883,Basketball_coarse,0.44599270820617676,0.3866615533828735
Basketball_temporal/2003,syncRank,0.10699407219805833,1.8542726397514344,-1.7472785675533762,Basketball_coarse,0.5551548004150391,0.3986611604690552
Basketball_temporal/2004,syncRank,0.10703289731484764,1.6741424798965454,-1.5671095825816979,Basketball_coarse,0.47967028617858887,0.3924108743667602
Basketball_temporal/2005,syncRank,0.10206150114930046,1.7837320566177368,-1.6816705554684364,Basketball_coarse,0.5709841251373291,0.4051498174667358
Basketball_temporal/2006,syncRank,0.11012237825349265,1.778469204902649,-1.6683468266491563,Basketball_coarse,0.5363562107086182,0.4147743463516235
Basketball_temporal/2007,syncRank,0.09706538700313763,1.8682842254638672,-1.7712188384607295,Basketball_coarse,0.5904037952423096,0.4228874683380127
Basketball_temporal/2008,syncRank,0.1071074648688165,1.7546426057815552,-1.6475351409127388,Basketball_coarse,0.6342606544494629,0.436577582359314
Basketball_temporal/2009,syncRank,0.10184676976721661,1.7375867366790771,-1.6357399669118606,Basketball_coarse,0.6444449424743652,0.4502496957778931
Basketball_temporal/2010,syncRank,0.09723902936118718,1.5480690002441406,-1.4508299708829535,Basketball_coarse,0.6764535903930664,0.446724796295166
Basketball_temporal/2011,syncRank,0.09933557542449348,1.6348501443862915,-1.535514568961798,Basketball_coarse,0.5686798095703125,0.4451946973800659
Basketball_temporal/2012,syncRank,0.09731205512399649,1.806771278381348,-1.7094592232573516,Basketball_coarse,0.5631849765777588,0.4462061166763306
Basketball_temporal/2013,syncRank,0.10126194658887618,1.7138166427612305,-1.6125546961723543,Basketball_coarse,0.5802896022796631,0.4502719163894653
Basketball_temporal/2014,syncRank,0.10502980442386324,1.7164626121520996,-1.6114328077282363,Basketball_coarse,0.6306684017181396,0.4593050241470336
Basketball_temporal/finer1985,syncRank,0.4728093100058731,1.6335430145263672,-1.160733704520494,Basketball_finer,0.6062853336334229,0.3653934478759765
Basketball_temporal/finer1986,syncRank,0.4702051616042291,1.807740330696106,-1.3375351690918769,Basketball_finer,0.5953209400177002,0.366204571723938
Basketball_temporal/finer1987,syncRank,0.4728924684953906,1.792939305305481,-1.3200468368100904,Basketball_finer,0.6393730640411377,0.3883530139923096
Basketball_temporal/finer1988,syncRank,0.4716996154359819,1.8321064829826357,-1.3604068675466539,Basketball_finer,0.6525883674621582,0.387595009803772
Basketball_temporal/finer1989,syncRank,0.4721968450288123,1.6671710014343262,-1.1949741564055139,Basketball_finer,0.687067985534668,0.398381233215332
Basketball_temporal/finer1990,syncRank,0.4723817142668635,1.6715742349624634,-1.1991925206956,Basketball_finer,0.6808476448059082,0.3970342397689819
Basketball_temporal/finer1991,syncRank,0.4712785355842091,1.8334572315216064,-1.3621786959373974,Basketball_finer,0.7073976993560791,0.4027283191680908
Basketball_temporal/finer1992,syncRank,0.4696221612924022,1.7151312828063965,-1.2455091215139942,Basketball_finer,0.699941873550415,0.4062860250473022
Basketball_temporal/finer1993,syncRank,0.47060624219759467,1.6606724262237549,-1.1900661840261602,Basketball_finer,0.6414239406585693,0.3983641862869262
Basketball_temporal/finer1994,syncRank,0.4711097091749058,1.6888206005096436,-1.2177108913347379,Basketball_finer,0.6920342445373535,0.4060184240341186
Basketball_temporal/finer1995,syncRank,0.47000430467249615,1.777274489402771,-1.3072701847302748,Basketball_finer,0.672555685043335,0.4096608638763427
Basketball_temporal/finer1996,syncRank,0.471414140428109,1.6726473569869995,-1.2012332165588906,Basketball_finer,0.7099428176879883,0.4215515851974487
Basketball_temporal/finer1997,syncRank,0.47060029860479485,1.770164132118225,-1.2995638335134303,Basketball_finer,0.7394981384277344,0.4197578907012939
Basketball_temporal/finer1998,syncRank,0.46943785728622295,1.695898175239563,-1.22646031795334,Basketball_finer,0.7637796401977539,0.4304121494293212
Basketball_temporal/finer1999,syncRank,0.4699564214217083,1.6371835470199585,-1.1672271255982503,Basketball_finer,0.7777316570281982,0.4379055500030517
Basketball_temporal/finer2000,syncRank,0.46960746728946623,1.7501600980758667,-1.2805526307864006,Basketball_finer,0.898984432220459,0.462070894241333
Basketball_temporal/finer2001,syncRank,0.47070134064540997,1.692257046699524,-1.221555706054114,Basketball_finer,0.921804666519165,0.455812931060791
Basketball_temporal/finer2002,syncRank,0.4704714167588007,1.7546371221542358,-1.2841657053954352,Basketball_finer,0.8271515369415283,0.4639837503433227
Basketball_temporal/finer2003,syncRank,0.47199018067410825,1.7835443019866943,-1.311554121312586,Basketball_finer,0.9257514476776123,0.4806084156036377
Basketball_temporal/finer2004,syncRank,0.4720007689199272,1.6794381141662598,-1.2074373452463325,Basketball_finer,0.9253487586975098,0.4778069019317627
Basketball_temporal/finer2005,syncRank,0.4707869065616504,1.8248447179794312,-1.3540578114177808,Basketball_finer,0.9921140670776367,0.4929519176483154
Basketball_temporal/finer2006,syncRank,0.4711257324474887,1.7649186849594116,-1.293792952511923,Basketball_finer,0.9760556221008301,0.503799295425415
Basketball_temporal/finer2007,syncRank,0.4702092704847424,1.8484848737716677,-1.3782756032869252,Basketball_finer,1.128194808959961,0.5240546941757203
Basketball_temporal/finer2008,syncRank,0.470263440540082,1.72282612323761,-1.252562682697528,Basketball_finer,1.1383209228515625,0.5389632463455201
Basketball_temporal/finer2009,syncRank,0.4708414605116339,1.7135149240493774,-1.2426734635377437,Basketball_finer,1.1119933128356934,0.5511364459991455
Basketball_temporal/finer2010,syncRank,0.46966603376076166,1.6799359321594238,-1.2102698983986622,Basketball_finer,1.1280298233032227,0.5545610189437866
Basketball_temporal/finer2011,syncRank,0.4709752117431119,1.6508954763412476,-1.1799202645981357,Basketball_finer,1.1749513149261475,0.5457313299179077
Basketball_temporal/finer2012,syncRank,0.46959317680053536,1.6821438074111938,-1.2125506306106586,Basketball_finer,1.2135074138641357,0.5525386333465576
Basketball_temporal/finer2013,syncRank,0.4699484148367686,1.7299867868423462,-1.2600383720055777,Basketball_finer,1.198275089263916,0.5581224918365478
Basketball_temporal/finer2014,syncRank,0.47258252537300616,1.6872535943984983,-1.214671069025492,Basketball_finer,1.1956918239593506,0.5659184455871582
Dryad_animal_society,syncRank,0.07880724174653887,1.5169811248779297,-1.4381738831313908,Animal,0.011841297149658203,0.0237863063812255
FacultyHiringNetworks/Business/Business_FM_Full_,syncRank,0.04884792626728111,0.8398433029651642,-0.7909953766978831,Faculty,0.07682251930236816,0.0976810216903686
FacultyHiringNetworks/ComputerScience/ComputerScience_FM_Full_,syncRank,0.03372508942258559,1.0355366468429563,-1.0018115574203708,Faculty,0.08458638191223145,0.1825174808502197
FacultyHiringNetworks/History/History_FM_Full_,syncRank,0.030405405405405407,0.5860465347766877,-0.5556411293712823,Faculty,0.06908059120178223,0.121949815750122
Football_data_England_Premier_League/England_2009_2010,syncRank,0.13595706618962433,1.4390243768692017,-1.3030673106795774,Football_coarse,0.013993501663208008,0.0168114900588989
Football_data_England_Premier_League/England_2010_2011,syncRank,0.23505154639175257,1.8062112212181087,-1.571159674826356,Football_coarse,0.014062166213989258,0.0167174100875854
Football_data_England_Premier_League/England_2011_2012,syncRank,0.18065693430656934,1.5684848427772522,-1.3878279084706828,Football_coarse,0.013452529907226562,0.0167889356613159
Football_data_England_Premier_League/England_2012_2013,syncRank,0.21052631578947367,1.500653624534607,-1.2901273087451333,Football_coarse,0.013401985168457031,0.0166507720947265
Football_data_England_Premier_League/England_2013_2014,syncRank,0.1371527777777778,1.638787841796875,-1.5016350640190974,Football_coarse,0.01333475112915039,0.016787314414978
Football_data_England_Premier_League/England_2014_2015,syncRank,0.11602209944751381,1.809345817565918,-1.6933237181184042,Football_coarse,0.010906219482421875,0.0162352561950683
Football_data_England_Premier_League/finerEngland_2009_2010,syncRank,0.32860938883968105,1.7804877758026123,-1.4518783869629313,Football_finer,0.02268505096435547,0.0167654514312744
Football_data_England_Premier_League/finerEngland_2010_2011,syncRank,0.395083406496927,1.6322981357574462,-1.2372147292605191,Football_finer,0.024380207061767578,0.0171822071075439
Football_data_England_Premier_League/finerEngland_2011_2012,syncRank,0.35726795096322234,1.590303075313568,-1.2330351243503457,Football_finer,0.024309635162353516,0.0172477960586547
Football_data_England_Premier_League/finerEngland_2012_2013,syncRank,0.3810359964881474,1.7647059082984924,-1.383669911810345,Football_finer,0.022350549697875977,0.0171321153640747
Football_data_England_Premier_League/finerEngland_2013_2014,syncRank,0.326241134751773,1.5733333706855774,-1.2470922359338044,Football_finer,0.022533416748046875,0.0168981313705444
Football_data_England_Premier_League/finerEngland_2014_2015,syncRank,0.3451536643026004,1.7420561075210572,-1.396902443218457,Football_finer,0.018468141555786133,0.0165712356567382
Halo2BetaData,syncRank,0.4254581928253174,1.937534236907959,-1.5120760440826415,Halo,0.74678635597229,0.9679429292678832
Basketball_temporal/1985,serialRank,0.09954807003679648,2.108266830444336,-2.0087187604075396,Basketball_coarse,0.3315310478210449,0.0075553178787231
Basketball_temporal/1986,serialRank,0.09907289153777021,1.9933444261550903,-1.89427153461732,Basketball_coarse,0.3557884693145752,0.0075187683105468
Basketball_temporal/1987,serialRank,0.10161720763668712,1.876837491989136,-1.775220284352449,Basketball_coarse,0.3726480007171631,0.0082815170288085
Basketball_temporal/1988,serialRank,0.1018217647428775,1.9121568202972408,-1.8103350555543634,Basketball_coarse,0.34849095344543457,0.0082235097885131
Basketball_temporal/1989,serialRank,0.10148318447234034,1.8614161014556885,-1.7599329169833482,Basketball_coarse,0.39830756187438965,0.0089407920837402
Basketball_temporal/1990,serialRank,0.10203702940084945,1.935727834701538,-1.8336908053006886,Basketball_coarse,0.4185512065887451,0.0085554122924804
Basketball_temporal/1991,serialRank,0.1017589626532139,2.034200668334961,-1.9324417056817471,Basketball_coarse,0.45845675468444824,0.0086658954620361
Basketball_temporal/1992,serialRank,0.09924514059256463,1.889670491218567,-1.7904253506260022,Basketball_coarse,0.4622340202331543,0.0086287021636962
Basketball_temporal/1993,serialRank,0.10373956938291955,2.0438528060913086,-1.940113236708389,Basketball_coarse,0.3958570957183838,0.0086852550506591
Basketball_temporal/1994,serialRank,0.09959269992950576,2.0,-1.9004073000704942,Basketball_coarse,0.40102529525756836,0.0089141607284545
Basketball_temporal/1995,serialRank,0.10430575713594581,1.87906277179718,-1.7747570146612341,Basketball_coarse,0.4095480442047119,0.0083398103713989
Basketball_temporal/1996,serialRank,0.10829726673685032,2.0535778999328613,-1.945280633196011,Basketball_coarse,0.4154398441314697,0.0092770338058471
Basketball_temporal/1997,serialRank,0.11249687722197667,1.945714235305786,-1.8332173580838091,Basketball_coarse,0.482025146484375,0.0087268829345703
Basketball_temporal/1998,serialRank,0.10255286721280243,1.9121812582015991,-1.8096283909887967,Basketball_coarse,0.4201779365539551,0.0086610794067382
Basketball_temporal/1999,serialRank,0.10915181511940832,2.016701459884644,-1.9075496447652356,Basketball_coarse,0.42891526222229004,0.0086957693099975
Basketball_temporal/2000,serialRank,0.09407899513540986,1.965097188949585,-1.871018193814175,Basketball_coarse,0.4833829402923584,0.0098974704742431
Basketball_temporal/2001,serialRank,0.09947271979357541,2.0293214321136475,-1.929848712320072,Basketball_coarse,0.45178699493408203,0.0099110126495361
Basketball_temporal/2002,serialRank,0.1078253617144722,1.90666663646698,-1.7988412747525078,Basketball_coarse,0.44599270820617676,0.0082185268402099
Basketball_temporal/2003,serialRank,0.10699407219805833,2.0456621646881104,-1.9386680924900521,Basketball_coarse,0.5551548004150391,0.0101541519165039
Basketball_temporal/2004,serialRank,0.10703289731484764,1.9778364181518555,-1.870803520837008,Basketball_coarse,0.47967028617858887,0.0100429058074951
Basketball_temporal/2005,serialRank,0.10206150114930046,1.9644019603729248,-1.8623404592236243,Basketball_coarse,0.5709841251373291,0.009797716140747
Basketball_temporal/2006,serialRank,0.11012237825349265,1.998008728027344,-1.8878863497738514,Basketball_coarse,0.5363562107086182,0.0111299514770507
Basketball_temporal/2007,serialRank,0.09706538700313763,2.0623915910720827,-1.965326204068945,Basketball_coarse,0.5904037952423096,0.0110081911087036
Basketball_temporal/2008,serialRank,0.1071074648688165,2.0090038776397705,-1.9018964127709541,Basketball_coarse,0.6342606544494629,0.0109783887863159
Basketball_temporal/2009,serialRank,0.10184676976721661,2.024965286254883,-1.9231185164876663,Basketball_coarse,0.6444449424743652,0.0112608194351196
Basketball_temporal/2010,serialRank,0.09723902936118718,1.9742536544799805,-1.8770146251187934,Basketball_coarse,0.6764535903930664,0.0105769872665405
Basketball_temporal/2011,serialRank,0.09933557542449348,1.9633740186691284,-1.8640384432446349,Basketball_coarse,0.5686798095703125,0.0111447095870971
Basketball_temporal/2012,serialRank,0.09731205512399649,1.974126100540161,-1.8768140454161644,Basketball_coarse,0.5631849765777588,0.0112852096557617
Basketball_temporal/2013,serialRank,0.10126194658887618,2.03808479309082,-1.936822846501944,Basketball_coarse,0.5802896022796631,0.0114333629608154
Basketball_temporal/2014,serialRank,0.10502980442386324,2.0625851154327397,-1.9575553110088764,Basketball_coarse,0.6306684017181396,0.0115225553512573
Basketball_temporal/finer1985,serialRank,0.4728093100058731,2.02129979133606,-1.548490481330187,Basketball_finer,0.6062853336334229,0.0066168785095214
Basketball_temporal/finer1986,serialRank,0.4702051616042291,1.9891802072525024,-1.5189750456482733,Basketball_finer,0.5953209400177002,0.006685996055603
Basketball_temporal/finer1987,serialRank,0.4728924684953906,1.873859524726868,-1.4009670562314773,Basketball_finer,0.6393730640411377,0.0075639486312866
Basketball_temporal/finer1988,serialRank,0.4716996154359819,1.9028973579406736,-1.4311977425046918,Basketball_finer,0.6525883674621582,0.007394790649414
Basketball_temporal/finer1989,serialRank,0.4721968450288123,1.8577911853790283,-1.385594340350216,Basketball_finer,0.687067985534668,0.0077491283416748
Basketball_temporal/finer1990,serialRank,0.4723817142668635,1.925254821777344,-1.4528731075104804,Basketball_finer,0.6808476448059082,0.0074448108673095
Basketball_temporal/finer1991,serialRank,0.4712785355842091,2.031226873397827,-1.559948337813618,Basketball_finer,0.7073976993560791,0.0075817584991455
Basketball_temporal/finer1992,serialRank,0.4696221612924022,1.8808730840682983,-1.411250922775896,Basketball_finer,0.699941873550415,0.0075440406799316
Basketball_temporal/finer1993,serialRank,0.47060624219759467,2.0328381061553955,-1.5622318639578008,Basketball_finer,0.6414239406585693,0.0078184843063354
Basketball_temporal/finer1994,serialRank,0.4711097091749058,2.014598608016968,-1.5434888988420625,Basketball_finer,0.6920342445373535,0.0076102495193481
Basketball_temporal/finer1995,serialRank,0.47000430467249615,1.8920347690582275,-1.4220304643857313,Basketball_finer,0.672555685043335,0.0072583198547363
Basketball_temporal/finer1996,serialRank,0.471414140428109,1.9465397596359253,-1.4751256192078164,Basketball_finer,0.7099428176879883,0.0082550048828125
Basketball_temporal/finer1997,serialRank,0.47060029860479485,1.942897915840149,-1.4722976172353541,Basketball_finer,0.7394981384277344,0.0075978279113769
Basketball_temporal/finer1998,serialRank,0.46943785728622295,1.9207921028137207,-1.4513542455274977,Basketball_finer,0.7637796401977539,0.0075659275054931
Basketball_temporal/finer1999,serialRank,0.4699564214217083,2.015955686569214,-1.5459992651475056,Basketball_finer,0.7777316570281982,0.0075753211975097
Basketball_temporal/finer2000,serialRank,0.46960746728946623,1.967969298362732,-1.4983618310732658,Basketball_finer,0.898984432220459,0.0089379787445068
Basketball_temporal/finer2001,serialRank,0.47070134064540997,2.0560131072998047,-1.5853117666543948,Basketball_finer,0.921804666519165,0.0085376739501953
Basketball_temporal/finer2002,serialRank,0.4704714167588007,1.8639765977859497,-1.393505181027149,Basketball_finer,0.8271515369415283,0.0072593688964843
Basketball_temporal/finer2003,serialRank,0.47199018067410825,2.0000000596046448,-1.5280098789305365,Basketball_finer,0.9257514476776123,0.0095250129699707
Basketball_temporal/finer2004,serialRank,0.4720007689199272,1.8684546947479248,-1.3964539258279975,Basketball_finer,0.9253487586975098,0.0092190742492675
Basketball_temporal/finer2005,serialRank,0.4707869065616504,1.9254658222198489,-1.4546789156581985,Basketball_finer,0.9921140670776367,0.0088253498077392
Basketball_temporal/finer2006,serialRank,0.4711257324474887,1.9686558246612549,-1.4975300922137662,Basketball_finer,0.9760556221008301,0.0089344978332519
Basketball_temporal/finer2007,serialRank,0.4702092704847424,1.944781196117401,-1.4745719256326586,Basketball_finer,1.128194808959961,0.0096063613891601
Basketball_temporal/finer2008,serialRank,0.470263440540082,1.976086974143982,-1.5058235336038999,Basketball_finer,1.1383209228515625,0.0097677707672119
Basketball_temporal/finer2009,serialRank,0.4708414605116339,2.015322434902191,-1.5444809743905572,Basketball_finer,1.1119933128356934,0.0099567890167236
Basketball_temporal/finer2010,serialRank,0.46966603376076166,1.9759551286697388,-1.506289094908977,Basketball_finer,1.1280298233032227,0.0089079618453979
Basketball_temporal/finer2011,serialRank,0.4709752117431119,1.9566960334777832,-1.4857208217346713,Basketball_finer,1.1749513149261475,0.0097424507141113
Basketball_temporal/finer2012,serialRank,0.46959317680053536,1.9676306247711184,-1.498037447970583,Basketball_finer,1.2135074138641357,0.0099362611770629
Basketball_temporal/finer2013,serialRank,0.4699484148367686,2.064993381500244,-1.5950449666634756,Basketball_finer,1.198275089263916,0.0108685493469238
Basketball_temporal/finer2014,serialRank,0.47258252537300616,2.068856716156006,-1.5962741907829998,Basketball_finer,1.1956918239593506,0.0113563060760498
Dryad_animal_society,serialRank,0.07880724174653887,2.055974817276001,-1.9771675755294622,Animal,0.011841297149658203,0.0014013051986694
FacultyHiringNetworks/Business/Business_FM_Full_,serialRank,0.04884792626728111,1.1885842084884644,-1.1397362822211832,Faculty,0.07682251930236816,0.0032107353210449
FacultyHiringNetworks/ComputerScience/ComputerScience_FM_Full_,serialRank,0.03372508942258559,1.9343994379043576,-1.900674348481772,Faculty,0.08458638191223145,0.0100302457809448
FacultyHiringNetworks/History/History_FM_Full_,serialRank,0.030405405405405407,1.8144518375396728,-1.7840464321342673,Faculty,0.06908059120178223,0.0047026634216308
Football_data_England_Premier_League/England_2009_2010,serialRank,0.13595706618962433,0.9268292784690856,-0.7908722122794613,Football_coarse,0.013993501663208008,0.001308274269104
Football_data_England_Premier_League/England_2010_2011,serialRank,0.23505154639175257,1.5403727293014526,-1.3053211829097,Football_coarse,0.014062166213989258,0.0013011217117309
Football_data_England_Premier_League/England_2011_2012,serialRank,0.18065693430656934,0.9454545378684998,-0.7647976035619304,Football_coarse,0.013452529907226562,0.001346731185913
Football_data_England_Premier_League/England_2012_2013,serialRank,0.21052631578947367,1.4117647409439087,-1.201238425154435,Football_coarse,0.013401985168457031,0.0013009786605834
Football_data_England_Premier_League/England_2013_2014,serialRank,0.1371527777777778,0.7757575511932373,-0.6386047734154595,Football_coarse,0.01333475112915039,0.0013110160827636
Football_data_England_Premier_League/England_2014_2015,serialRank,0.11602209944751381,1.5700935125350952,-1.4540714130875814,Football_coarse,0.010906219482421875,0.0013092517852783
Football_data_England_Premier_League/finerEngland_2009_2010,serialRank,0.32860938883968105,0.9268292784690856,-0.5982198896294045,Football_finer,0.02268505096435547,0.0012763261795043
Football_data_England_Premier_League/finerEngland_2010_2011,serialRank,0.395083406496927,1.4409937858581543,-1.0459103793612272,Football_finer,0.024380207061767578,0.0012741565704345
Football_data_England_Premier_League/finerEngland_2011_2012,serialRank,0.35726795096322234,1.0666667222976685,-0.7093987713344461,Football_finer,0.024309635162353516,0.0012716770172119
Football_data_England_Premier_League/finerEngland_2012_2013,serialRank,0.3810359964881474,1.0980392694473269,-0.7170032729591795,Football_finer,0.022350549697875977,0.0012672185897827
Football_data_England_Premier_League/finerEngland_2013_2014,serialRank,0.326241134751773,0.8727272748947144,-0.5464861401429413,Football_finer,0.022533416748046875,0.0012713909149169
Football_data_England_Premier_League/finerEngland_2014_2015,serialRank,0.3451536643026004,1.5700935125350952,-1.224939848232495,Football_finer,0.018468141555786133,0.0012747287750244
Halo2BetaData,serialRank,0.4254581928253174,1.9233087658882144,-1.497850573062897,Halo,0.74678635597229,0.0640252590179443
Basketball_temporal/1985,rankCentrality,0.09954807003679648,1.916911482810974,-1.8173634127741773,Basketball_coarse,0.3315310478210449,0.0134445905685424
Basketball_temporal/1986,rankCentrality,0.09907289153777021,1.9567387104034424,-1.857665818865672,Basketball_coarse,0.3557884693145752,0.0133543491363525
Basketball_temporal/1987,rankCentrality,0.10161720763668712,1.9372268915176392,-1.8356096838809521,Basketball_coarse,0.3726480007171631,0.0157302141189575
Basketball_temporal/1988,rankCentrality,0.1018217647428775,1.930980443954468,-1.8291586792115906,Basketball_coarse,0.34849095344543457,0.0186195850372314
Basketball_temporal/1989,rankCentrality,0.10148318447234034,1.865959882736206,-1.7644766982638658,Basketball_coarse,0.39830756187438965,0.0160148859024047
Basketball_temporal/1990,rankCentrality,0.10203702940084945,1.9069942831993103,-1.8049572537984608,Basketball_coarse,0.4185512065887451,0.016897702217102
Basketball_temporal/1991,rankCentrality,0.1017589626532139,1.9524163007736208,-1.850657338120407,Basketball_coarse,0.45845675468444824,0.0162258386611938
Basketball_temporal/1992,rankCentrality,0.09924514059256463,2.0022213459014893,-1.9029762053089245,Basketball_coarse,0.4622340202331543,0.0147924184799194
Basketball_temporal/1993,rankCentrality,0.10373956938291955,1.9310884475708008,-1.8273488781878813,Basketball_coarse,0.3958570957183838,0.0154735803604125
Basketball_temporal/1994,rankCentrality,0.09959269992950576,2.0368947982788086,-1.9373020983493028,Basketball_coarse,0.40102529525756836,0.0167783498764038
Basketball_temporal/1995,rankCentrality,0.10430575713594581,1.9145881414413453,-1.8102823843053995,Basketball_coarse,0.4095480442047119,0.0157260417938232
Basketball_temporal/1996,rankCentrality,0.10829726673685032,2.046238422393799,-1.9379411556569486,Basketball_coarse,0.4154398441314697,0.0163414001464843
Basketball_temporal/1997,rankCentrality,0.11249687722197667,1.8899999856948853,-1.7775031084729085,Basketball_coarse,0.482025146484375,0.0172653198242187
Basketball_temporal/1998,rankCentrality,0.10255286721280243,1.9164305925369265,-1.813877725324124,Basketball_coarse,0.4201779365539551,0.0169671773910522
Basketball_temporal/1999,rankCentrality,0.10915181511940832,1.899791240692139,-1.7906394255727305,Basketball_coarse,0.42891526222229004,0.0187512397766113
Basketball_temporal/2000,rankCentrality,0.09407899513540986,1.90977942943573,-1.81570043430032,Basketball_coarse,0.4833829402923584,0.0184758424758911
Basketball_temporal/2001,rankCentrality,0.09947271979357541,1.996590495109558,-1.8971177753159827,Basketball_coarse,0.45178699493408203,0.0175407409667968
Basketball_temporal/2002,rankCentrality,0.1078253617144722,1.944000005722046,-1.8361746440075737,Basketball_coarse,0.44599270820617676,0.0187896490097045
Basketball_temporal/2003,rankCentrality,0.10699407219805833,1.930854558944702,-1.8238604867466437,Basketball_coarse,0.5551548004150391,0.0195369958877563
Basketball_temporal/2004,rankCentrality,0.10703289731484764,1.949868083000183,-1.8428351856853356,Basketball_coarse,0.47967028617858887,0.0183929204940795
Basketball_temporal/2005,rankCentrality,0.10206150114930046,1.8743221759796145,-1.772260674830314,Basketball_coarse,0.5709841251373291,0.0188705921173095
Basketball_temporal/2006,rankCentrality,0.11012237825349265,1.9912880659103396,-1.881165687656847,Basketball_coarse,0.5363562107086182,0.0181101083755493
Basketball_temporal/2007,rankCentrality,0.09706538700313763,1.944540739059448,-1.8474753520563103,Basketball_coarse,0.5904037952423096,0.0200796365737915
Basketball_temporal/2008,rankCentrality,0.1071074648688165,1.921215534210205,-1.8141080693413887,Basketball_coarse,0.6342606544494629,0.0201070547103881
Basketball_temporal/2009,rankCentrality,0.10184676976721661,1.887378692626953,-1.7855319228597364,Basketball_coarse,0.6444449424743652,0.0217599868774414
Basketball_temporal/2010,rankCentrality,0.09723902936118718,2.031224250793457,-1.93398522143227,Basketball_coarse,0.6764535903930664,0.0209385633468627
Basketball_temporal/2011,rankCentrality,0.09933557542449348,2.0288567543029785,-1.929521178878485,Basketball_coarse,0.5686798095703125,0.020504093170166
Basketball_temporal/2012,rankCentrality,0.09731205512399649,1.957610845565796,-1.8602987904417994,Basketball_coarse,0.5631849765777588,0.0222072601318359
Basketball_temporal/2013,rankCentrality,0.10126194658887618,1.9545828104019165,-1.8533208638130403,Basketball_coarse,0.5802896022796631,0.0206929922103881
Basketball_temporal/2014,rankCentrality,0.10502980442386324,1.9352381229400637,-1.8302083185162004,Basketball_coarse,0.6306684017181396,0.0252783060073852
Basketball_temporal/finer1985,rankCentrality,0.4728093100058731,1.9260796308517456,-1.4532703208458724,Basketball_finer,0.6062853336334229,0.0198349952697753
Basketball_temporal/finer1986,rankCentrality,0.4702051616042291,1.9875155687332156,-1.5173104071289865,Basketball_finer,0.5953209400177002,0.0184941053390502
Basketball_temporal/finer1987,rankCentrality,0.4728924684953906,1.9468464851379397,-1.473954016642549,Basketball_finer,0.6393730640411377,0.0175520420074462
Basketball_temporal/finer1988,rankCentrality,0.4716996154359819,1.9733750820159912,-1.5016754665800094,Basketball_finer,0.6525883674621582,0.0184052944183349
Basketball_temporal/finer1989,rankCentrality,0.4721968450288123,1.9440242052078247,-1.4718273601790124,Basketball_finer,0.687067985534668,0.0168433427810668
Basketball_temporal/finer1990,rankCentrality,0.4723817142668635,1.984144926071167,-1.5117632118043036,Basketball_finer,0.6808476448059082,0.0168161392211914
Basketball_temporal/finer1991,rankCentrality,0.4712785355842091,1.9717471599578855,-1.5004686243736765,Basketball_finer,0.7073976993560791,0.0178856372833251
Basketball_temporal/finer1992,rankCentrality,0.4696221612924022,1.8705142736434937,-1.4008921123510913,Basketball_finer,0.699941873550415,0.0191018342971801
Basketball_temporal/finer1993,rankCentrality,0.47060624219759467,1.926583218574524,-1.4559769763769292,Basketball_finer,0.6414239406585693,0.0256750345230102
Basketball_temporal/finer1994,rankCentrality,0.4711097091749058,1.9408375024795528,-1.469727793304647,Basketball_finer,0.6920342445373535,0.0198907613754272
Basketball_temporal/finer1995,rankCentrality,0.47000430467249615,1.9207247495651243,-1.450720444892628,Basketball_finer,0.672555685043335,0.020228362083435
Basketball_temporal/finer1996,rankCentrality,0.471414140428109,1.9406810998916624,-1.4692669594635535,Basketball_finer,0.7099428176879883,0.0210502862930297
Basketball_temporal/finer1997,rankCentrality,0.47060029860479485,2.051391839981079,-1.5807915413762843,Basketball_finer,0.7394981384277344,0.0202016115188598
Basketball_temporal/finer1998,rankCentrality,0.46943785728622295,1.859016978740692,-1.389579121454469,Basketball_finer,0.7637796401977539,0.0226336002349853
Basketball_temporal/finer1999,rankCentrality,0.4699564214217083,1.9923690557479856,-1.5224126343262774,Basketball_finer,0.7777316570281982,0.0241951465606689
Basketball_temporal/finer2000,rankCentrality,0.46960746728946623,1.915438771247864,-1.4458313039583977,Basketball_finer,0.898984432220459,0.0218394517898559
Basketball_temporal/finer2001,rankCentrality,0.47070134064540997,2.030972003936768,-1.560270663291358,Basketball_finer,0.921804666519165,0.0238799095153808
Basketball_temporal/finer2002,rankCentrality,0.4704714167588007,2.026684045791626,-1.5562126290328253,Basketball_finer,0.8271515369415283,0.0258727312088012
Basketball_temporal/finer2003,rankCentrality,0.47199018067410825,1.99746835231781,-1.5254781716437018,Basketball_finer,0.9257514476776123,0.0272326946258544
Basketball_temporal/finer2004,rankCentrality,0.4720007689199272,1.9719029664993288,-1.4999021975794016,Basketball_finer,0.9253487586975098,0.0245150089263916
Basketball_temporal/finer2005,rankCentrality,0.4707869065616504,1.956086885929108,-1.4852999793674577,Basketball_finer,0.9921140670776367,0.027733039855957
Basketball_temporal/finer2006,rankCentrality,0.4711257324474887,1.9162447214126588,-1.44511898896517,Basketball_finer,0.9760556221008301,0.0272202491760253
Basketball_temporal/finer2007,rankCentrality,0.4702092704847424,1.9158248901367188,-1.4456156196519763,Basketball_finer,1.128194808959961,0.0214785575866699
Basketball_temporal/finer2008,rankCentrality,0.470263440540082,1.959782600402832,-1.48951915986275,Basketball_finer,1.1383209228515625,0.028985595703125
Basketball_temporal/finer2009,rankCentrality,0.4708414605116339,2.060965776443481,-1.5901243159318472,Basketball_finer,1.1119933128356934,0.0267837047576904
Basketball_temporal/finer2010,rankCentrality,0.46966603376076166,1.97274911403656,-1.5030830802757984,Basketball_finer,1.1280298233032227,0.0298667430877685
Basketball_temporal/finer2011,rankCentrality,0.4709752117431119,2.014434576034546,-1.543459364291434,Basketball_finer,1.1749513149261475,0.0293276309967041
Basketball_temporal/finer2012,rankCentrality,0.46959317680053536,1.9050146341323853,-1.43542145733185,Basketball_finer,1.2135074138641357,0.0275547981262207
Basketball_temporal/finer2013,rankCentrality,0.4699484148367686,1.9719947576522827,-1.5020463428155142,Basketball_finer,1.198275089263916,0.0265387773513793
Basketball_temporal/finer2014,rankCentrality,0.47258252537300616,1.9689881801605225,-1.4964056547875164,Basketball_finer,1.1956918239593506,0.0298349380493164
Dryad_animal_society,rankCentrality,0.07880724174653887,1.9622641801834104,-1.8834569384368716,Animal,0.011841297149658203,0.0019047737121582
FacultyHiringNetworks/Business/Business_FM_Full_,rankCentrality,0.04884792626728111,2.0129826188087465,-1.9641346925414653,Faculty,0.07682251930236816,0.00446298122406
FacultyHiringNetworks/ComputerScience/ComputerScience_FM_Full_,rankCentrality,0.03372508942258559,1.9920397996902464,-1.9583147102676608,Faculty,0.08458638191223145,0.0085645198822021
FacultyHiringNetworks/History/History_FM_Full_,rankCentrality,0.030405405405405407,2.0016611337661745,-1.971255728360769,Faculty,0.06908059120178223,0.0057843685150146
Football_data_England_Premier_League/England_2009_2010,rankCentrality,0.13595706618962433,1.817073154449463,-1.6811160882598386,Football_coarse,0.013993501663208008,0.0019391536712646
Football_data_England_Premier_League/England_2010_2011,rankCentrality,0.23505154639175257,1.870807445049286,-1.6357558986575333,Football_coarse,0.014062166213989258,0.0019148349761962
Football_data_England_Premier_League/England_2011_2012,rankCentrality,0.18065693430656934,1.600000023841858,-1.4193430895352885,Football_coarse,0.013452529907226562,0.0018925666809082
Football_data_England_Premier_League/England_2012_2013,rankCentrality,0.21052631578947367,1.6470588445663452,-1.4365325287768715,Football_coarse,0.013401985168457031,0.0018997907638549
Football_data_England_Premier_League/England_2013_2014,rankCentrality,0.1371527777777778,1.9636363983154297,-1.826483620537652,Football_coarse,0.01333475112915039,0.0018857955932617
Football_data_England_Premier_League/England_2014_2015,rankCentrality,0.11602209944751381,1.794392466545105,-1.6783703670975911,Football_coarse,0.010906219482421875,0.0018738985061645
Football_data_England_Premier_League/finerEngland_2009_2010,rankCentrality,0.32860938883968105,1.875609755516052,-1.547000366676371,Football_finer,0.02268505096435547,0.0019145011901855
Football_data_England_Premier_League/finerEngland_2010_2011,rankCentrality,0.395083406496927,1.9074534058570864,-1.5123699993601594,Football_finer,0.024380207061767578,0.0035829782485961
Football_data_England_Premier_League/finerEngland_2011_2012,rankCentrality,0.35726795096322234,1.807272732257843,-1.4500047812946206,Football_finer,0.024309635162353516,0.0019510984420776
Football_data_England_Premier_League/finerEngland_2012_2013,rankCentrality,0.3810359964881474,1.9790850281715395,-1.5980490316833922,Football_finer,0.022350549697875977,0.0018995761871337
Football_data_England_Premier_League/finerEngland_2013_2014,rankCentrality,0.326241134751773,1.9084848403930663,-1.5822437056412932,Football_finer,0.022533416748046875,0.0018887758255004
Football_data_England_Premier_League/finerEngland_2014_2015,rankCentrality,0.3451536643026004,1.6822429895401,-1.3370893252374998,Football_finer,0.018468141555786133,0.0018711328506469
Halo2BetaData,rankCentrality,0.4254581928253174,1.9980611324310305,-1.572602939605713,Halo,0.74678635597229,0.0590911388397216
Basketball_temporal/1985,DIGRAC,0.09954807003679648,1.0517163228988649,-0.9521682528620684,Basketball_coarse,0.3315310478210449,15.55303463935852
Basketball_temporal/1986,DIGRAC,0.09907289153777021,0.9425291168689728,-0.8434562253312026,Basketball_coarse,0.3557884693145752,15.611209201812745
Basketball_temporal/1987,DIGRAC,0.10161720763668712,1.1582995676994323,-1.0566823600627453,Basketball_coarse,0.3726480007171631,15.926480722427367
Basketball_temporal/1988,DIGRAC,0.1018217647428775,1.117207850217819,-1.0153860854749417,Basketball_coarse,0.34849095344543457,15.788929796218872
Basketball_temporal/1989,DIGRAC,0.10148318447234034,0.96578568816185,-0.8643025036895096,Basketball_coarse,0.39830756187438965,15.979950380325317
Basketball_temporal/1990,DIGRAC,0.10203702940084945,0.863395084142685,-0.7613580547418355,Basketball_coarse,0.4185512065887451,15.99616174697876
Basketball_temporal/1991,DIGRAC,0.1017589626532139,1.1739776980876924,-1.0722187354344785,Basketball_coarse,0.45845675468444824,16.145581102371217
Basketball_temporal/1992,DIGRAC,0.09924514059256463,0.9621325469017028,-0.8628874063091382,Basketball_coarse,0.4622340202331543,16.09677047729492
Basketball_temporal/1993,DIGRAC,0.10373956938291955,0.9931793284416198,-0.8894397590587003,Basketball_coarse,0.3958570957183838,16.17882113456726
Basketball_temporal/1994,DIGRAC,0.09959269992950576,0.9233512783050536,-0.8237585783755479,Basketball_coarse,0.40102529525756836,16.25565457344055
Basketball_temporal/1995,DIGRAC,0.10430575713594581,0.9421617531776428,-0.837855996041697,Basketball_coarse,0.4095480442047119,16.24588875770569
Basketball_temporal/1996,DIGRAC,0.10829726673685032,1.1489467871189118,-1.0406495203820616,Basketball_coarse,0.4154398441314697,16.353229355812072
Basketball_temporal/1997,DIGRAC,0.11249687722197667,1.110600003004074,-0.9981031257820973,Basketball_coarse,0.482025146484375,16.336156964302063
Basketball_temporal/1998,DIGRAC,0.10255286721280243,1.0011048197746275,-0.8985519525618251,Basketball_coarse,0.4201779365539551,16.409049844741823
Basketball_temporal/1999,DIGRAC,0.10915181511940832,0.9191370952129364,-0.8099852800935281,Basketball_coarse,0.42891526222229004,16.474664855003358
Basketball_temporal/2000,DIGRAC,0.09407899513540986,1.0701152455806733,-0.9760362504452634,Basketball_coarse,0.4833829402923584,16.635638189315795
Basketball_temporal/2001,DIGRAC,0.09947271979357541,1.004084551334381,-0.9046118315408056,Basketball_coarse,0.45178699493408203,16.703492975234987
Basketball_temporal/2002,DIGRAC,0.1078253617144722,1.0587999999523163,-0.9509746382378441,Basketball_coarse,0.44599270820617676,16.822149562835694
Basketball_temporal/2003,DIGRAC,0.10699407219805833,1.073346382379532,-0.9663523101814736,Basketball_coarse,0.5551548004150391,16.978373718261718
Basketball_temporal/2004,DIGRAC,0.10703289731484764,0.898212399482727,-0.7911795021678794,Basketball_coarse,0.47967028617858887,16.927690196037293
Basketball_temporal/2005,DIGRAC,0.10206150114930046,0.969594897031784,-0.8675333958824836,Basketball_coarse,0.5709841251373291,17.0812646150589
Basketball_temporal/2006,DIGRAC,0.11012237825349265,1.0936900997161865,-0.9835677214626938,Basketball_coarse,0.5363562107086182,17.275487732887267
Basketball_temporal/2007,DIGRAC,0.09706538700313763,1.2978625059127809,-1.2007971189096431,Basketball_coarse,0.5904037952423096,16.819120049476624
Basketball_temporal/2008,DIGRAC,0.1071074648688165,1.349307825565338,-1.2422003606965215,Basketball_coarse,0.6342606544494629,17.589754605293273
Basketball_temporal/2009,DIGRAC,0.10184676976721661,0.8331983304023742,-0.7313515606351576,Basketball_coarse,0.6444449424743652,17.233449077606203
Basketball_temporal/2010,DIGRAC,0.09723902936118718,0.9738263487815856,-0.8765873194203984,Basketball_coarse,0.6764535903930664,17.9334645986557
Basketball_temporal/2011,DIGRAC,0.09933557542449348,1.0565593779087066,-0.9572238024842131,Basketball_coarse,0.5686798095703125,18.017490434646607
Basketball_temporal/2012,DIGRAC,0.09731205512399649,1.0627470350265502,-0.9654349799025537,Basketball_coarse,0.5631849765777588,17.744469714164733
Basketball_temporal/2013,DIGRAC,0.10126194658887618,1.2102653896808624,-1.1090034430919862,Basketball_coarse,0.5802896022796631,17.900454545021056
Basketball_temporal/2014,DIGRAC,0.10502980442386324,0.9736979591846466,-0.8686681547607834,Basketball_coarse,0.6306684017181396,18.0829482793808
Basketball_temporal/finer1985,DIGRAC,0.4728093100058731,0.9418616330623628,-0.4690523230564897,Basketball_finer,0.6062853336334229,16.063831663131715
Basketball_temporal/finer1986,DIGRAC,0.4702051616042291,1.0555472350120545,-0.5853420734078254,Basketball_finer,0.5953209400177002,16.544265246391298
Basketball_temporal/finer1987,DIGRAC,0.4728924684953906,1.0000872588157654,-0.5271947903203749,Basketball_finer,0.6393730640411377,16.513554048538207
Basketball_temporal/finer1988,DIGRAC,0.4716996154359819,0.9509475302696228,-0.4792479148336409,Basketball_finer,0.6525883674621582,17.252944660186767
Basketball_temporal/finer1989,DIGRAC,0.4721968450288123,1.020998486280441,-0.5488016412516288,Basketball_finer,0.687067985534668,17.254435110092164
Basketball_temporal/finer1990,DIGRAC,0.4723817142668635,0.9855417215824128,-0.5131600073155493,Basketball_finer,0.6808476448059082,17.690969634056092
Basketball_temporal/finer1991,DIGRAC,0.4712785355842091,0.999018589258194,-0.5277400536739849,Basketball_finer,0.7073976993560791,17.085911893844603
Basketball_temporal/finer1992,DIGRAC,0.4696221612924022,0.975538296699524,-0.5059161354071218,Basketball_finer,0.699941873550415,15.63134970664978
Basketball_temporal/finer1993,DIGRAC,0.47060624219759467,0.9762939727306366,-0.5056877305330418,Basketball_finer,0.6414239406585693,16.864541673660277
Basketball_temporal/finer1994,DIGRAC,0.4711097091749058,0.9612908232212066,-0.4901811140463008,Basketball_finer,0.6920342445373535,16.60767266750336
Basketball_temporal/finer1995,DIGRAC,0.47000430467249615,0.9919214832782746,-0.5219171786057784,Basketball_finer,0.672555685043335,17.051895213127136
Basketball_temporal/finer1996,DIGRAC,0.471414140428109,1.0872574198246,-0.615843279396491,Basketball_finer,0.7099428176879883,17.32229874134064
Basketball_temporal/finer1997,DIGRAC,0.47060029860479485,1.049279090166092,-0.5786787915612972,Basketball_finer,0.7394981384277344,17.044943737983704
Basketball_temporal/finer1998,DIGRAC,0.46943785728622295,1.0372277295589447,-0.5677898722727217,Basketball_finer,0.7637796401977539,17.409877848625182
Basketball_temporal/finer1999,DIGRAC,0.4699564214217083,1.0729101610183716,-0.6029537395966633,Basketball_finer,0.7777316570281982,17.208420586585998
Basketball_temporal/finer2000,DIGRAC,0.46960746728946623,1.0692120373249054,-0.5996045700354392,Basketball_finer,0.898984432220459,18.007598638534546
Basketball_temporal/finer2001,DIGRAC,0.47070134064540997,1.0508072459697724,-0.5801059053243625,Basketball_finer,0.921804666519165,17.874332118034364
Basketball_temporal/finer2002,DIGRAC,0.4704714167588007,1.0452326714992524,-0.5747612547404517,Basketball_finer,0.8271515369415283,17.954324698448183
Basketball_temporal/finer2003,DIGRAC,0.47199018067410825,1.0513291192054748,-0.5793389385313665,Basketball_finer,0.9257514476776123,18.22600359916687
Basketball_temporal/finer2004,DIGRAC,0.4720007689199272,1.0248084223270415,-0.5528076534071142,Basketball_finer,0.9253487586975098,18.202418994903564
Basketball_temporal/finer2005,DIGRAC,0.4707869065616504,1.0149565303325654,-0.544169623770915,Basketball_finer,0.9921140670776367,18.339074897766118
Basketball_temporal/finer2006,DIGRAC,0.4711257324474887,1.071440625190735,-0.6003148927432462,Basketball_finer,0.9760556221008301,18.52801232337952
Basketball_temporal/finer2007,DIGRAC,0.4702092704847424,1.04197531580925,-0.5717660453245075,Basketball_finer,1.128194808959961,17.740961718559266
Basketball_temporal/finer2008,DIGRAC,0.470263440540082,1.0418260848522187,-0.5715626443121367,Basketball_finer,1.1383209228515625,19.107704448699952
Basketball_temporal/finer2009,DIGRAC,0.4708414605116339,1.0463015854358673,-0.5754601249242334,Basketball_finer,1.1119933128356934,19.29282100200653
Basketball_temporal/finer2010,DIGRAC,0.46966603376076166,1.0384183764457702,-0.5687523426850085,Basketball_finer,1.1280298233032227,18.91216297149658
Basketball_temporal/finer2011,DIGRAC,0.4709752117431119,1.0176369976997377,-0.5466617859566258,Basketball_finer,1.1749513149261475,18.745664620399477
Basketball_temporal/finer2012,DIGRAC,0.46959317680053536,1.0086070609092712,-0.5390138841087359,Basketball_finer,1.2135074138641357,19.234759044647216
Basketball_temporal/finer2013,DIGRAC,0.4699484148367686,0.995593124628067,-0.5256447097912984,Basketball_finer,1.198275089263916,19.21769769191742
Basketball_temporal/finer2014,DIGRAC,0.47258252537300616,1.0480998682975768,-0.5755173429245707,Basketball_finer,1.1956918239593506,19.34879105091095
Basketball_temporal/1985,ib,0.09954807003679648,1.2284431493282315,-1.128895079291435,Basketball_coarse,0.3315310478210449,6.447544574737549
Basketball_temporal/1986,ib,0.09907289153777021,1.220823630094528,-1.121750738556758,Basketball_coarse,0.3557884693145752,6.5268442869186405
Basketball_temporal/1987,ib,0.10161720763668712,1.19759237408638,-1.095975166449693,Basketball_coarse,0.3726480007171631,6.568184161186219
Basketball_temporal/1988,ib,0.1018217647428775,1.2126353001594543,-1.110813535416577,Basketball_coarse,0.34849095344543457,9.22261173725128
Basketball_temporal/1989,ib,0.10148318447234034,1.1968042361736295,-1.0953210517012892,Basketball_coarse,0.39830756187438965,6.892813897132873
Basketball_temporal/1990,ib,0.10203702940084945,1.149852555990219,-1.0478155265893696,Basketball_coarse,0.4185512065887451,7.412233829498291
Basketball_temporal/1991,ib,0.1017589626532139,1.194698884487152,-1.0929399218339382,Basketball_coarse,0.45845675468444824,7.927984571456909
Basketball_temporal/1992,ib,0.09924514059256463,1.202369487285614,-1.1031243466930494,Basketball_coarse,0.4622340202331543,7.358199119567871
Basketball_temporal/1993,ib,0.10373956938291955,1.1829757273197177,-1.0792361579367982,Basketball_coarse,0.3958570957183838,6.536767959594727
Basketball_temporal/1994,ib,0.09959269992950576,1.2144427287578583,-1.1148500288283525,Basketball_coarse,0.40102529525756836,6.677735471725464
Basketball_temporal/1995,ib,0.10430575713594581,1.1947241163253783,-1.0904183591894325,Basketball_coarse,0.4095480442047119,6.804824709892273
Basketball_temporal/1996,ib,0.10829726673685032,1.2438238561153412,-1.135526589378491,Basketball_coarse,0.4154398441314697,6.866402673721313
Basketball_temporal/1997,ib,0.11249687722197667,1.2450499999523164,-1.1325531227303396,Basketball_coarse,0.482025146484375,6.971825766563415
Basketball_temporal/1998,ib,0.10255286721280243,1.2209702503681183,-1.118417383155316,Basketball_coarse,0.4201779365539551,6.927093887329102
Basketball_temporal/1999,ib,0.10915181511940832,1.2229645073413848,-1.1138126922219764,Basketball_coarse,0.42891526222229004,7.341373324394226
Basketball_temporal/2000,ib,0.09407899513540986,1.2404609799385071,-1.1463819848030972,Basketball_coarse,0.4833829402923584,7.187766885757446
Basketball_temporal/2001,ib,0.09947271979357541,1.254374359846115,-1.1549016400525396,Basketball_coarse,0.45178699493408203,7.240350675582886
Basketball_temporal/2002,ib,0.1078253617144722,1.22167333483696,-1.1138479731224877,Basketball_coarse,0.44599270820617676,7.360089635848999
Basketball_temporal/2003,ib,0.10699407219805833,1.1863405227661132,-1.079346450568055,Basketball_coarse,0.5551548004150391,7.860941910743714
Basketball_temporal/2004,ib,0.10703289731484764,1.1611675429344177,-1.0541346456195702,Basketball_coarse,0.47967028617858887,7.167308664321899
Basketball_temporal/2005,ib,0.10206150114930046,1.1564912247657777,-1.0544297236164772,Basketball_coarse,0.5709841251373291,8.443991136550903
Basketball_temporal/2006,ib,0.11012237825349265,1.220746728181839,-1.1106243499283464,Basketball_coarse,0.5363562107086182,7.4310218572616575
Basketball_temporal/2007,ib,0.09706538700313763,1.2328365087509154,-1.1357711217477777,Basketball_coarse,0.5904037952423096,8.123275637626648
Basketball_temporal/2008,ib,0.1071074648688165,1.176752952337265,-1.0696454874684487,Basketball_coarse,0.6342606544494629,7.955005741119384
Basketball_temporal/2009,ib,0.10184676976721661,1.2275950014591217,-1.1257482316919052,Basketball_coarse,0.6444449424743652,8.713563680648804
Basketball_temporal/2010,ib,0.09723902936118718,1.3002465045452118,-1.2030074751840247,Basketball_coarse,0.6764535903930664,9.114850401878355
Basketball_temporal/2011,ib,0.09933557542449348,1.1916759097576142,-1.0923403343331206,Basketball_coarse,0.5686798095703125,8.380469369888306
Basketball_temporal/2012,ib,0.09731205512399649,1.19789705991745,-1.1005850047934536,Basketball_coarse,0.5631849765777588,8.089712595939636
Basketball_temporal/2013,ib,0.10126194658887618,1.2948235309123992,-1.193561584323523,Basketball_coarse,0.5802896022796631,8.835316944122315
Basketball_temporal/2014,ib,0.10502980442386324,1.1557659792900086,-1.0507361748661452,Basketball_coarse,0.6306684017181396,10.400998830795288
Basketball_temporal/finer1985,ib,0.4728093100058731,1.277383644580841,-0.804574334574968,Basketball_finer,0.6062853336334229,27.94855315685272
Basketball_temporal/finer1986,ib,0.4702051616042291,1.4296962130069732,-0.9594910514027442,Basketball_finer,0.5953209400177002,16.126571083068846
Basketball_temporal/finer1987,ib,0.4728924684953906,1.3342007052898408,-0.8613082367944502,Basketball_finer,0.6393730640411377,17.35372450351715
Basketball_temporal/finer1988,ib,0.4716996154359819,1.3977682018280029,-0.926068586392021,Basketball_finer,0.6525883674621582,17.581816220283507
Basketball_temporal/finer1989,ib,0.4721968450288123,1.2935249674320222,-0.8213281224032098,Basketball_finer,0.687067985534668,32.73468403816223
Basketball_temporal/finer1990,ib,0.4723817142668635,1.2809211063385009,-0.8085393920716374,Basketball_finer,0.6808476448059082,34.418943238258365
Basketball_temporal/finer1991,ib,0.4712785355842091,1.3728698921203613,-0.9015913565361522,Basketball_finer,0.7073976993560791,17.871979546546935
Basketball_temporal/finer1992,ib,0.4696221612924022,1.1882278954982757,-0.7186057342058735,Basketball_finer,0.699941873550415,43.07525534629822
Basketball_temporal/finer1993,ib,0.47060624219759467,1.3323846828937531,-0.8617784406961584,Basketball_finer,0.6414239406585693,21.34497082233429
Basketball_temporal/finer1994,ib,0.4711097091749058,1.3073530578613282,-0.8362433486864224,Basketball_finer,0.6920342445373535,25.704201197624208
Basketball_temporal/finer1995,ib,0.47000430467249615,1.3000830566883088,-0.8300787520158126,Basketball_finer,0.672555685043335,18.92294547557831
Basketball_temporal/finer1996,ib,0.471414140428109,1.426459176540375,-0.955045036112266,Basketball_finer,0.7099428176879883,18.108372282981872
Basketball_temporal/finer1997,ib,0.47060029860479485,1.251227695941925,-0.7806273973371303,Basketball_finer,0.7394981384277344,36.336753368377686
Basketball_temporal/finer1998,ib,0.46943785728622295,1.285509192943573,-0.8160713356573499,Basketball_finer,0.7637796401977539,31.998765730857848
Basketball_temporal/finer1999,ib,0.4699564214217083,1.2795629620552065,-0.8096065406334982,Basketball_finer,0.7777316570281982,31.22377290725708
Basketball_temporal/finer2000,ib,0.46960746728946623,1.2625560545921326,-0.7929485873026664,Basketball_finer,0.898984432220459,40.91476666927338
Basketball_temporal/finer2001,ib,0.47070134064540997,1.1979571676254273,-0.7272558269800173,Basketball_finer,0.921804666519165,45.249423551559445
Basketball_temporal/finer2002,ib,0.4704714167588007,1.2259420812129975,-0.7554706644541969,Basketball_finer,0.8271515369415283,45.0769501209259
Basketball_temporal/finer2003,ib,0.47199018067410825,1.275867085456848,-0.8038769047827397,Basketball_finer,0.9257514476776123,41.95694210529327
Basketball_temporal/finer2004,ib,0.4720007689199272,1.332669219970703,-0.8606684510507758,Basketball_finer,0.9253487586975098,30.47342510223389
Basketball_temporal/finer2005,ib,0.4707869065616504,1.1300496876239776,-0.6592627810623273,Basketball_finer,0.9921140670776367,61.17833178043365
Basketball_temporal/finer2006,ib,0.4711257324474887,1.1103496170043945,-0.6392238845569058,Basketball_finer,0.9760556221008301,69.6643925666809
Basketball_temporal/finer2007,ib,0.4702092704847424,1.1310718262195587,-0.6608625557348162,Basketball_finer,1.128194808959961,68.2346564769745
Basketball_temporal/finer2008,ib,0.470263440540082,1.1246684765815735,-0.6544050360414915,Basketball_finer,1.1383209228515625,78.23701372146607
Basketball_temporal/finer2009,ib,0.4708414605116339,1.2133585155010225,-0.7425170549893886,Basketball_finer,1.1119933128356934,56.13958077430725
Basketball_temporal/finer2010,ib,0.46966603376076166,1.1154528522491456,-0.6457868184883839,Basketball_finer,1.1280298233032227,75.52025856971741
Basketball_temporal/finer2011,ib,0.4709752117431119,1.1935204589366912,-0.7225452471935794,Basketball_finer,1.1749513149261475,65.38368742465973
Basketball_temporal/finer2012,ib,0.46959317680053536,1.288548686504364,-0.8189555097038287,Basketball_finer,1.2135074138641357,48.71256744861603
Basketball_temporal/finer2013,ib,0.4699484148367686,1.180501983165741,-0.7105535683289725,Basketball_finer,1.198275089263916,75.04694104194641
Basketball_temporal/finer2014,ib,0.47258252537300616,1.381492784023285,-0.9089102586502787,Basketball_finer,1.1956918239593506,25.53436436653137
