dataset,family,baseline,delta_upset_simple,ours_upset_simple,base_upset_simple,delta_upset_naive,ours_upset_naive,base_upset_naive,delta_upset_ratio,ours_upset_ratio,base_upset_ratio,delta_runtime_sec,ours_runtime_sec,base_runtime_sec,ours_config,base_config
Basketball_temporal/1985,Basketball_coarse,SpringRank,-0.13932019472122192,0.6227444410324097,0.7620646357536316,-0.03483004868030551,0.1556861102581024,0.1905161589384079,-0.11030060052871704,0.5563536882400513,0.6666542887687683,0.6123381137847901,0.6767847776412964,0.0644466638565063,trials10train_r100test_r100AllTrue,trials10train_r100test_r100AllTrue
Basketball_temporal/1985,Basketball_coarse,davidScore,-0.12924885749816895,0.6227444410324097,0.7519932985305786,-0.03231221437454221,0.1556861102581024,0.1879983246326446,-0.06837010383605957,0.5563536882400513,0.6247237920761108,0.6742244720458985,0.6767847776412964,0.0025603055953979,trials10train_r100test_r100AllTrue,trials10train_r100test_r100AllTrue
Basketball_temporal/1985,Basketball_coarse,SVD_NRS,-0.24171215295791626,0.6227444410324097,0.8644565939903259,-0.06042803823947901,0.1556861102581024,0.2161141484975814,-0.07154083251953125,0.5563536882400513,0.6278945207595825,0.6713666677474976,0.6767847776412964,0.0054181098937988,trials10train_r100test_r100AllTrue,trials10train_r100test_r100AllTrue
Basketball_temporal/1985,Basketball_coarse,btl,-0.3113722145557404,0.6227444410324097,0.93411665558815,-0.07784305363893512,0.1556861102581024,0.2335291638970375,0.01807052791118624,0.5563536882400513,0.538283160328865,0.04333682060241706,0.6767847776412964,0.6334479570388794,trials10train_r100test_r100AllTrue,trials10train_r100test_r100AllTrue
Basketball_temporal/1985,Basketball_coarse,PageRank,-0.2870331406593324,0.6227444410324097,0.909777581691742,-0.07175828516483301,0.1556861102581024,0.2274443954229354,0.002371370792388916,0.5563536882400513,0.5539823174476624,0.6745950937271119,0.6767847776412964,0.0021896839141845,trials10train_r100test_r100AllTrue,trials10train_r100test_r100AllTrue
Basketball_temporal/1985,Basketball_coarse,syncRank,-0.9937053918838501,0.6227444410324097,1.6164498329162598,-0.2484263479709625,0.1556861102581024,0.4041124582290649,-0.2987654209136963,0.5563536882400513,0.8551191091537476,0.3602184534072877,0.6767847776412964,0.3165663242340087,trials10train_r100test_r100AllTrue,trials10train_r100test_r100AllTrue
Basketball_temporal/1985,Basketball_coarse,rankCentrality,-1.2941670417785642,0.6227444410324097,1.916911482810974,-0.3235417604446411,0.1556861102581024,0.4792278707027435,-0.7602179050445557,0.5563536882400513,1.316571593284607,0.663340187072754,0.6767847776412964,0.0134445905685424,trials10train_r100test_r100AllTrue,trials10train_r100test_r100AllTrue
Basketball_temporal/1985,Basketball_coarse,serialRank,-1.4855223894119263,0.6227444410324097,2.108266830444336,-0.37138059735298157,0.1556861102581024,0.527066707611084,-0.3049483001232147,0.5563536882400513,0.861301988363266,0.6692294597625733,0.6767847776412964,0.0075553178787231,trials10train_r100test_r100AllTrue,trials10train_r100test_r100AllTrue
Basketball_temporal/1985,Basketball_coarse,DIGRAC,-0.4289718818664552,0.6227444410324097,1.0517163228988649,-0.10724297046661382,0.1556861102581024,0.2629290807247162,-0.20536797225475312,0.5563536882400513,0.7617216604948044,-14.876249861717223,0.6767847776412964,15.55303463935852,trials10train_r100test_r100AllTrue,K20dropout50ratio_coe100margin_coe0withdistFiedler5sigma100alpha100hid32lr10useSpringRanktrials10train_r100test_r100AllTrue
Basketball_temporal/1985,Basketball_coarse,ib,-0.6056987082958218,0.6227444410324097,1.2284431493282315,-0.49425933837890623,0.1556861102581024,0.6499454486370086,-0.34951321840286254,0.5563536882400513,0.9058669066429138,-5.770759797096252,0.6767847776412964,6.447544574737549,trials10train_r100test_r100AllTrue,K20dropout50ratio_coe100margin_coe0withdistFiedler5sigma100alpha100hid32lr10useSpringRanktrials10train_r100test_r100AllTrue
Basketball_temporal/1986,Basketball_coarse,SpringRank,-0.16139769554138184,0.6156405806541443,0.7770382761955261,-0.040349423885345514,0.153910145163536,0.1942595690488815,-0.13017791509628296,0.5580135583877563,0.6881914734840393,0.6544523000717164,0.711310863494873,0.0568585634231567,trials10train_r100test_r100AllTrue,trials10train_r100test_r100AllTrue
Basketball_temporal/1986,Basketball_coarse,davidScore,-0.16306155920028687,0.6156405806541443,0.7787021398544312,-0.0407653898000718,0.153910145163536,0.1946755349636078,-0.05432635545730591,0.5580135583877563,0.6123399138450623,0.708728551864624,0.711310863494873,0.002582311630249,trials10train_r100test_r100AllTrue,trials10train_r100test_r100AllTrue
Basketball_temporal/1986,Basketball_coarse,SVD_NRS,-0.23960065841674805,0.6156405806541443,0.8552412390708923,-0.05990016460418701,0.153910145163536,0.213810309767723,-0.07242673635482788,0.5580135583877563,0.6304402947425842,0.7062225103378297,0.711310863494873,0.0050883531570434,trials10train_r100test_r100AllTrue,trials10train_r100test_r100AllTrue
Basketball_temporal/1986,Basketball_coarse,btl,-0.3425956845283509,0.6156405806541443,0.9582362651824952,-0.0856489211320878,0.153910145163536,0.2395590662956238,0.017431461811065696,0.5580135583877563,0.5405820965766907,0.6825414180755616,0.711310863494873,0.0287694454193115,trials10train_r100test_r100AllTrue,trials10train_r100test_r100AllTrue
Basketball_temporal/1986,Basketball_coarse,PageRank,-0.2662229537963867,0.6156405806541443,0.881863534450531,-0.06655573844909671,0.153910145163536,0.2204658836126327,0.01576930284500122,0.5580135583877563,0.5422442555427551,0.7096054315567017,0.711310863494873,0.0017054319381713,trials10train_r100test_r100AllTrue,trials10train_r100test_r100AllTrue
Basketball_temporal/1986,Basketball_coarse,syncRank,-1.178036630153656,0.6156405806541443,1.7936772108078003,-0.2945091575384141,0.153910145163536,0.4484193027019501,-0.2958870530128479,0.5580135583877563,0.8539006114006042,0.39571487903594976,0.711310863494873,0.3155959844589233,trials10train_r100test_r100AllTrue,trials10train_r100test_r100AllTrue
Basketball_temporal/1986,Basketball_coarse,rankCentrality,-1.341098129749298,0.6156405806541443,1.9567387104034424,-0.33527453243732463,0.153910145163536,0.4891846776008606,-0.7472551941871644,0.5580135583877563,1.3052687525749207,0.6979565143585206,0.711310863494873,0.0133543491363525,trials10train_r100test_r100AllTrue,trials10train_r100test_r100AllTrue
Basketball_temporal/1986,Basketball_coarse,serialRank,-1.377703845500946,0.6156405806541443,1.9933444261550903,-0.3444259613752366,0.153910145163536,0.4983361065387726,-0.29801359176635744,0.5580135583877563,0.8560271501541138,0.7037920951843263,0.711310863494873,0.0075187683105468,trials10train_r100test_r100AllTrue,trials10train_r100test_r100AllTrue
Basketball_temporal/1986,Basketball_coarse,DIGRAC,-0.3268885362148285,0.6156405806541443,0.9425291168689728,-0.08172213405370721,0.153910145163536,0.2356322792172432,-0.19315512061119078,0.5580135583877563,0.7511686789989471,-14.899898338317872,0.711310863494873,15.611209201812745,trials10train_r100test_r100AllTrue,K20dropout50ratio_coe100margin_coe0withdistFiedler5sigma100alpha100hid32lr10useSpringRanktrials10train_r100test_r100AllTrue
Basketball_temporal/1986,Basketball_coarse,ib,-0.6051830494403838,0.6156405806541443,1.220823630094528,-0.48283694684505474,0.153910145163536,0.6367470920085907,-0.3245862948894501,0.5580135583877563,0.8825998532772065,-5.8155334234237674,0.711310863494873,6.5268442869186405,trials10train_r100test_r100AllTrue,K20dropout50ratio_coe100margin_coe0withdistFiedler5sigma100alpha100hid32lr10useSpringRanktrials10train_r100test_r100AllTrue
Basketball_temporal/1987,Basketball_coarse,SpringRank,-0.16368693113327026,0.657926082611084,0.8216130137443542,-0.04092173278331751,0.164481520652771,0.2054032534360885,-0.13373887538909912,0.5757734775543213,0.7095123529434204,0.6840804100036622,0.741205358505249,0.0571249485015869,trials10train_r100test_r100AllTrue,trials10train_r100test_r100AllTrue
Basketball_temporal/1987,Basketball_coarse,davidScore,-0.19547080993652344,0.657926082611084,0.8533968925476074,-0.048867702484130804,0.164481520652771,0.2133492231369018,-0.07097703218460083,0.5757734775543213,0.6467505097389221,0.738554072380066,0.741205358505249,0.0026512861251831,trials10train_r100test_r100AllTrue,trials10train_r100test_r100AllTrue
Basketball_temporal/1987,Basketball_coarse,SVD_NRS,-0.24950337409973145,0.657926082611084,0.9074294567108154,-0.062375843524932806,0.164481520652771,0.2268573641777038,-0.10632354021072388,0.5757734775543213,0.6820970177650452,0.7353902101516725,0.741205358505249,0.0058151483535766,trials10train_r100test_r100AllTrue,trials10train_r100test_r100AllTrue
Basketball_temporal/1987,Basketball_coarse,btl,-0.32737388610839846,0.657926082611084,0.9852999687194824,-0.08184347152709961,0.164481520652771,0.2463249921798706,0.008941829204559326,0.5757734775543213,0.566831648349762,0.7115693092346193,0.741205358505249,0.0296360492706298,trials10train_r100test_r100AllTrue,trials10train_r100test_r100AllTrue
Basketball_temporal/1987,Basketball_coarse,PageRank,-0.23837906122207642,0.657926082611084,0.8963051438331604,-0.059594765305519104,0.164481520652771,0.2240762859582901,0.013634979724884033,0.5757734775543213,0.5621384978294373,0.7393723011016846,0.741205358505249,0.0018330574035644,trials10train_r100test_r100AllTrue,trials10train_r100test_r100AllTrue
Basketball_temporal/1987,Basketball_coarse,syncRank,-1.1283273696899414,0.657926082611084,1.7862534523010254,-0.2820818424224853,0.164481520652771,0.4465633630752563,-0.2869505286216736,0.5757734775543213,0.8627240061759949,0.41178739070892334,0.741205358505249,0.3294179677963257,trials10train_r100test_r100AllTrue,trials10train_r100test_r100AllTrue
Basketball_temporal/1987,Basketball_coarse,rankCentrality,-1.2793008089065552,0.657926082611084,1.9372268915176392,-0.3198252022266388,0.164481520652771,0.4843067228794098,-0.793123722076416,0.5757734775543213,1.3688971996307373,0.7254751443862916,0.741205358505249,0.0157302141189575,trials10train_r100test_r100AllTrue,trials10train_r100test_r100AllTrue
Basketball_temporal/1987,Basketball_coarse,serialRank,-1.218911409378052,0.657926082611084,1.876837491989136,-0.3047278523445129,0.164481520652771,0.4692093729972839,-0.2882824659347534,0.5757734775543213,0.8640559434890747,0.7329238414764405,0.741205358505249,0.0082815170288085,trials10train_r100test_r100AllTrue,trials10train_r100test_r100AllTrue
Basketball_temporal/1987,Basketball_coarse,DIGRAC,-0.5003734850883483,0.657926082611084,1.1582995676994323,-0.12509337127208708,0.164481520652771,0.2895748919248581,-0.19636347889900208,0.5757734775543213,0.7721369564533234,-15.185275363922118,0.741205358505249,15.926480722427367,trials10train_r100test_r100AllTrue,K20dropout50ratio_coe100margin_coe0withdistFiedler5sigma100alpha100hid32lr10useSpringRanktrials10train_r100test_r100AllTrue
Basketball_temporal/1987,Basketball_coarse,ib,-0.5396662914752961,0.657926082611084,1.19759237408638,-0.5181883239746093,0.164481520652771,0.6826698446273803,-0.3222229146957397,0.5757734775543213,0.897996392250061,-5.826978802680969,0.741205358505249,6.568184161186219,trials10train_r100test_r100AllTrue,K20dropout50ratio_coe100margin_coe0withdistFiedler5sigma100alpha100hid32lr10useSpringRanktrials10train_r100test_r100AllTrue
Basketball_temporal/1988,Basketball_coarse,SpringRank,-0.11764711141586304,0.6258823275566101,0.7435294389724731,-0.029411777853965787,0.1564705818891525,0.1858823597431183,-0.08260685205459595,0.5681865811347961,0.6507934331893921,0.6823082208633423,0.74574875831604,0.0634405374526977,trials10train_r100test_r100AllTrue,trials10train_r100test_r100AllTrue
Basketball_temporal/1988,Basketball_coarse,davidScore,-0.13960784673690796,0.6258823275566101,0.7654901742935181,-0.03490196168422699,0.1564705818891525,0.1913725435733795,-0.024020493030548096,0.5681865811347961,0.5922070741653442,0.7431241750717164,0.74574875831604,0.0026245832443237,trials10train_r100test_r100AllTrue,trials10train_r100test_r100AllTrue
Basketball_temporal/1988,Basketball_coarse,SVD_NRS,-0.20549023151397705,0.6258823275566101,0.8313725590705872,-0.05137255787849429,0.1564705818891525,0.2078431397676468,-0.061925530433654785,0.5681865811347961,0.6301121115684509,0.7404855489730835,0.74574875831604,0.0052632093429565,trials10train_r100test_r100AllTrue,trials10train_r100test_r100AllTrue
Basketball_temporal/1988,Basketball_coarse,btl,-0.2916078686714171,0.6258823275566101,0.9174901962280272,-0.0729019671678543,0.1564705818891525,0.2293725490570068,0.0370036721229553,0.5681865811347961,0.5311829090118408,0.7163968086242677,0.74574875831604,0.0293519496917724,trials10train_r100test_r100AllTrue,trials10train_r100test_r100AllTrue
Basketball_temporal/1988,Basketball_coarse,PageRank,-0.22117650508880615,0.6258823275566101,0.8470588326454163,-0.05529412627220151,0.1564705818891525,0.211764708161354,0.029982566833496094,0.5681865811347961,0.5382040143013,0.7443331003189088,0.74574875831604,0.0014156579971313,trials10train_r100test_r100AllTrue,trials10train_r100test_r100AllTrue
Basketball_temporal/1988,Basketball_coarse,syncRank,-1.1030588269233703,0.6258823275566101,1.7289411544799804,-0.27576470673084263,0.1564705818891525,0.4322352886199951,-0.28270002603530886,0.5681865811347961,0.850886607170105,0.41558737754821784,0.74574875831604,0.3301613807678222,trials10train_r100test_r100AllTrue,trials10train_r100test_r100AllTrue
Basketball_temporal/1988,Basketball_coarse,rankCentrality,-1.3050981163978579,0.6258823275566101,1.930980443954468,-0.3262745290994644,0.1564705818891525,0.4827451109886169,-0.7634953856468201,0.5681865811347961,1.3316819667816162,0.7271291732788087,0.74574875831604,0.0186195850372314,trials10train_r100test_r100AllTrue,trials10train_r100test_r100AllTrue
Basketball_temporal/1988,Basketball_coarse,serialRank,-1.2862744927406307,0.6258823275566101,1.9121568202972408,-0.3215686231851578,0.1564705818891525,0.4780392050743103,-0.2948783457279205,0.5681865811347961,0.8630649268627166,0.737525248527527,0.74574875831604,0.0082235097885131,trials10train_r100test_r100AllTrue,trials10train_r100test_r100AllTrue
Basketball_temporal/1988,Basketball_coarse,DIGRAC,-0.491325522661209,0.6258823275566101,1.117207850217819,-0.12283138066530228,0.1564705818891525,0.2793019625544548,-0.195235601067543,0.5681865811347961,0.7634221822023392,-15.043181037902832,0.74574875831604,15.788929796218872,trials10train_r100test_r100AllTrue,K20dropout50ratio_coe100margin_coe0withdistFiedler5sigma100alpha100hid32lr10useSpringRanktrials10train_r100test_r100AllTrue
Basketball_temporal/1988,Basketball_coarse,ib,-0.5867529726028442,0.6258823275566101,1.2126353001594543,-0.5055058890581131,0.1564705818891525,0.6619764709472656,-0.33838558673858643,0.5681865811347961,0.9065721678733826,-8.47686297893524,0.74574875831604,9.22261173725128,trials10train_r100test_r100AllTrue,K20dropout50ratio_coe100margin_coe0withdistFiedler5sigma100alpha100hid32lr10useSpringRanktrials10train_r100test_r100AllTrue
Basketball_temporal/1989,Basketball_coarse,SpringRank,-0.11813706159591675,0.6300643682479858,0.7482014298439026,-0.029534265398979187,0.1575160920619964,0.1870503574609756,-0.14378440380096436,0.5666317939758301,0.7104161977767944,0.7527554273605347,0.8101303100585937,0.057374882698059,trials10train_r100test_r100AllTrue,trials10train_r100test_r100AllTrue
Basketball_temporal/1989,Basketball_coarse,davidScore,-0.13934117555618286,0.6300643682479858,0.7694055438041687,-0.03483529388904569,0.1575160920619964,0.1923513859510421,-0.05872827768325806,0.5666317939758301,0.6253600716590881,0.8074561357498169,0.8101303100585937,0.0026741743087768,trials10train_r100test_r100AllTrue,trials10train_r100test_r100AllTrue
Basketball_temporal/1989,Basketball_coarse,SVD_NRS,-0.27110940217971813,0.6300643682479858,0.901173770427704,-0.0677773505449295,0.1575160920619964,0.2252934426069259,-0.09577840566635132,0.5666317939758301,0.6624101996421814,0.804754638671875,0.8101303100585937,0.0053756713867187,trials10train_r100test_r100AllTrue,trials10train_r100test_r100AllTrue
Basketball_temporal/1989,Basketball_coarse,btl,-0.3104884505271912,0.6300643682479858,0.940552818775177,-0.0776221126317978,0.1575160920619964,0.2351382046937942,0.014018172025680564,0.5666317939758301,0.5526136219501495,0.7800285577774048,0.8101303100585937,0.0301017522811889,trials10train_r100test_r100AllTrue,trials10train_r100test_r100AllTrue
Basketball_temporal/1989,Basketball_coarse,PageRank,-0.21961379051208496,0.6300643682479858,0.8496781587600708,-0.054903447628021296,0.1575160920619964,0.2124195396900177,0.013355791568756104,0.5666317939758301,0.553276002407074,0.8081774473190309,0.8101303100585937,0.0019528627395629,trials10train_r100test_r100AllTrue,trials10train_r100test_r100AllTrue
Basketball_temporal/1989,Basketball_coarse,syncRank,-1.1117000579833987,0.6300643682479858,1.7417644262313845,-0.2779250144958496,0.1575160920619964,0.435441106557846,-0.299487829208374,0.5666317939758301,0.8661196231842041,0.4720816373825073,0.8101303100585937,0.3380486726760864,trials10train_r100test_r100AllTrue,trials10train_r100test_r100AllTrue
Basketball_temporal/1989,Basketball_coarse,rankCentrality,-1.2358955144882202,0.6300643682479858,1.865959882736206,-0.3089738786220551,0.1575160920619964,0.4664899706840515,-0.7735825777053833,0.5666317939758301,1.3402143716812134,0.794115424156189,0.8101303100585937,0.0160148859024047,trials10train_r100test_r100AllTrue,trials10train_r100test_r100AllTrue
Basketball_temporal/1989,Basketball_coarse,serialRank,-1.2313517332077026,0.6300643682479858,1.8614161014556885,-0.3078379333019257,0.1575160920619964,0.4653540253639221,-0.29905679225921633,0.5666317939758301,0.8656885862350464,0.8011895179748535,0.8101303100585937,0.0089407920837402,trials10train_r100test_r100AllTrue,trials10train_r100test_r100AllTrue
Basketball_temporal/1989,Basketball_coarse,DIGRAC,-0.3357213199138641,0.6300643682479858,0.96578568816185,-0.08393032997846608,0.1575160920619964,0.2414464220404625,-0.20204417049884793,0.5666317939758301,0.768675964474678,-15.169820070266724,0.8101303100585937,15.979950380325317,trials10train_r100test_r100AllTrue,K20dropout50ratio_coe100margin_coe0withdistFiedler5sigma100alpha100hid32lr10useSpringRanktrials10train_r100test_r100AllTrue
Basketball_temporal/1989,Basketball_coarse,ib,-0.5667398679256437,0.6300643682479858,1.1968042361736295,-0.5041499406099319,0.1575160920619964,0.6616660326719284,-0.3367088794708252,0.5666317939758301,0.9033406734466553,-6.082683587074279,0.8101303100585937,6.892813897132873,trials10train_r100test_r100AllTrue,K20dropout50ratio_coe100margin_coe0withdistFiedler5sigma100alpha100hid32lr10useSpringRanktrials10train_r100test_r100AllTrue
Basketball_temporal/1990,Basketball_coarse,SpringRank,-0.14971643686294556,0.6003780961036682,0.7500945329666138,-0.03742910921573639,0.150094524025917,0.1875236332416534,-0.1169426441192627,0.5570091009140015,0.6739517450332642,0.7433577060699463,0.8008340120315551,0.0574763059616088,trials10train_r100test_r100AllTrue,trials10train_r100test_r100AllTrue
Basketball_temporal/1990,Basketball_coarse,davidScore,-0.18449902534484863,0.6003780961036682,0.7848771214485168,-0.046124756336212214,0.150094524025917,0.1962192803621292,-0.061823487281799316,0.5570091009140015,0.6188325881958008,0.7981443881988526,0.8008340120315551,0.0026896238327026,trials10train_r100test_r100AllTrue,trials10train_r100test_r100AllTrue
Basketball_temporal/1990,Basketball_coarse,SVD_NRS,-0.24801510572433472,0.6003780961036682,0.8483932018280029,-0.06200377643108371,0.150094524025917,0.2120983004570007,-0.06127446889877319,0.5570091009140015,0.6182835698127747,0.7956436157226562,0.8008340120315551,0.0051903963088989,trials10train_r100test_r100AllTrue,trials10train_r100test_r100AllTrue
Basketball_temporal/1990,Basketball_coarse,btl,-0.2921738922595978,0.6003780961036682,0.892551988363266,-0.0730434730648995,0.150094524025917,0.2231379970908165,0.049273186922073386,0.5570091009140015,0.5077359139919281,0.5367961406707764,0.8008340120315551,0.2640378713607788,trials10train_r100test_r100AllTrue,trials10train_r100test_r100AllTrue
Basketball_temporal/1990,Basketball_coarse,PageRank,-0.284309983253479,0.6003780961036682,0.8846880793571472,-0.0710774958133698,0.150094524025917,0.2211720198392868,0.012007176876068115,0.5570091009140015,0.5450019240379333,0.7990826368331909,0.8008340120315551,0.0017513751983642,trials10train_r100test_r100AllTrue,trials10train_r100test_r100AllTrue
Basketball_temporal/1990,Basketball_coarse,syncRank,-1.079773128032684,0.6003780961036682,1.6801512241363523,-0.2699432820081711,0.150094524025917,0.4200378060340881,-0.3063965439796448,0.5570091009140015,0.8634056448936462,0.46804766654968255,0.8008340120315551,0.3327863454818726,trials10train_r100test_r100AllTrue,trials10train_r100test_r100AllTrue
Basketball_temporal/1990,Basketball_coarse,rankCentrality,-1.306616187095642,0.6003780961036682,1.9069942831993103,-0.361361038684845,0.150094524025917,0.511455562710762,-0.7892439365386963,0.5570091009140015,1.3462530374526978,0.7839363098144532,0.8008340120315551,0.016897702217102,trials10train_r100test_r100AllTrue,trials10train_r100test_r100AllTrue
Basketball_temporal/1990,Basketball_coarse,serialRank,-1.3353497385978699,0.6003780961036682,1.935727834701538,-0.3338374346494675,0.150094524025917,0.4839319586753845,-0.30943557620048523,0.5570091009140015,0.8664446771144867,0.7922785997390748,0.8008340120315551,0.0085554122924804,trials10train_r100test_r100AllTrue,trials10train_r100test_r100AllTrue
Basketball_temporal/1990,Basketball_coarse,DIGRAC,-0.26301698803901674,0.6003780961036682,0.863395084142685,-0.06575424700975421,0.150094524025917,0.2158487710356712,-0.20023407816886907,0.5570091009140015,0.7572431790828705,-15.195327734947206,0.8008340120315551,15.99616174697876,trials10train_r100test_r100AllTrue,K20dropout50ratio_coe100margin_coe0withdistFiedler5sigma100alpha100hid32lr10useSpringRanktrials10train_r100test_r100AllTrue
Basketball_temporal/1990,Basketball_coarse,ib,-0.5494744598865509,0.6003780961036682,1.149852555990219,-0.5619508427381517,0.150094524025917,0.7120453667640686,-0.3472997319698333,0.5570091009140015,0.9043088328838348,-6.611399817466736,0.8008340120315551,7.412233829498291,trials10train_r100test_r100AllTrue,K20dropout50ratio_coe100margin_coe0withdistFiedler5sigma100alpha100hid32lr10useSpringRanktrials10train_r100test_r100AllTrue
Basketball_temporal/1991,Basketball_coarse,SpringRank,-0.15910780429840088,0.63791823387146,0.7970260381698608,-0.03977695107460022,0.159479558467865,0.1992565095424652,-0.10735219717025757,0.5594651103019714,0.666817307472229,0.8141083955764771,0.8714826345443726,0.0573742389678955,trials10train_r100test_r100AllTrue,trials10train_r100test_r100AllTrue
Basketball_temporal/1991,Basketball_coarse,davidScore,-0.12788105010986328,0.63791823387146,0.7657992839813232,-0.03197026252746582,0.159479558467865,0.1914498209953308,-0.08280658721923828,0.5594651103019714,0.6422716975212097,0.8687834978103639,0.8714826345443726,0.0026991367340087,trials10train_r100test_r100AllTrue,trials10train_r100test_r100AllTrue
Basketball_temporal/1991,Basketball_coarse,SVD_NRS,-0.25724905729293823,0.63791823387146,0.8951672911643982,-0.0643122643232345,0.159479558467865,0.2237918227910995,-0.0707281231880188,0.5594651103019714,0.6301932334899902,0.8662471055984498,0.8714826345443726,0.0052355289459228,trials10train_r100test_r100AllTrue,trials10train_r100test_r100AllTrue
Basketball_temporal/1991,Basketball_coarse,btl,-0.2825278639793396,0.63791823387146,0.9204460978507996,-0.0706319659948349,0.159479558467865,0.2301115244626999,0.030258119106292725,0.5594651103019714,0.5292069911956787,0.7158791780471803,0.8714826345443726,0.1556034564971923,trials10train_r100test_r100AllTrue,trials10train_r100test_r100AllTrue
Basketball_temporal/1991,Basketball_coarse,PageRank,-0.20520442724227905,0.63791823387146,0.843122661113739,-0.05130110681056971,0.159479558467865,0.2107806652784347,0.012936174869537354,0.5594651103019714,0.5465289354324341,0.8696835279464723,0.8714826345443726,0.0017991065979003,trials10train_r100test_r100AllTrue,trials10train_r100test_r100AllTrue
Basketball_temporal/1991,Basketball_coarse,syncRank,-1.1628252267837524,0.63791823387146,1.8007434606552124,-0.2907063066959381,0.159479558467865,0.4501858651638031,-0.30314451456069946,0.5594651103019714,0.8626096248626709,0.5304987192153932,0.8714826345443726,0.3409839153289795,trials10train_r100test_r100AllTrue,trials10train_r100test_r100AllTrue
Basketball_temporal/1991,Basketball_coarse,rankCentrality,-1.3144980669021609,0.63791823387146,1.9524163007736208,-0.3286245167255401,0.159479558467865,0.4881040751934051,-0.7784129977226257,0.5594651103019714,1.3378781080245972,0.8552567958831788,0.8714826345443726,0.0162258386611938,trials10train_r100test_r100AllTrue,trials10train_r100test_r100AllTrue
Basketball_temporal/1991,Basketball_coarse,serialRank,-1.396282434463501,0.63791823387146,2.034200668334961,-0.34907060861587524,0.159479558467865,0.5085501670837402,-0.30684187412261965,0.5594651103019714,0.8663069844245911,0.8628167390823365,0.8714826345443726,0.0086658954620361,trials10train_r100test_r100AllTrue,trials10train_r100test_r100AllTrue
Basketball_temporal/1991,Basketball_coarse,DIGRAC,-0.5360594642162324,0.63791823387146,1.1739776980876924,-0.1340148660540581,0.159479558467865,0.2934944245219231,-0.20438110649585728,0.5594651103019714,0.7638462167978287,-15.274098467826844,0.8714826345443726,16.145581102371217,trials10train_r100test_r100AllTrue,K20dropout50ratio_coe100margin_coe0withdistFiedler5sigma100alpha100hid32lr10useSpringRanktrials10train_r100test_r100AllTrue
Basketball_temporal/1991,Basketball_coarse,ib,-0.556780650615692,0.63791823387146,1.194698884487152,-0.5353234094381333,0.159479558467865,0.6948029679059983,-0.33975936651229854,0.5594651103019714,0.89922447681427,-7.056501936912536,0.8714826345443726,7.927984571456909,trials10train_r100test_r100AllTrue,K20dropout50ratio_coe100margin_coe0withdistFiedler5sigma100alpha100hid32lr10useSpringRanktrials10train_r100test_r100AllTrue
Basketball_temporal/1992,Basketball_coarse,SpringRank,-0.12587934732437134,0.6264346241950989,0.7523139715194702,-0.03146983683109281,0.1566086560487747,0.1880784928798675,-0.1379449963569641,0.5518926382064819,0.689837634563446,0.8052621603012086,0.8627233266830444,0.0574611663818359,trials10train_r100test_r100AllTrue,trials10train_r100test_r100AllTrue
Basketball_temporal/1992,Basketball_coarse,davidScore,-0.09329879283905029,0.6264346241950989,0.7197334170341492,-0.0233246982097626,0.1566086560487747,0.1799333542585373,-0.041841208934783936,0.5518926382064819,0.5937338471412659,0.8599514961242676,0.8627233266830444,0.0027718305587768,trials10train_r100test_r100AllTrue,trials10train_r100test_r100AllTrue
Basketball_temporal/1992,Basketball_coarse,SVD_NRS,-0.2132543921470642,0.6264346241950989,0.8396890163421631,-0.053313598036766,0.1566086560487747,0.2099222540855407,-0.05704379081726074,0.5518926382064819,0.6089364290237427,0.8574467658996582,0.8627233266830444,0.0052765607833862,trials10train_r100test_r100AllTrue,trials10train_r100test_r100AllTrue
Basketball_temporal/1992,Basketball_coarse,btl,-0.2286560833454132,0.6264346241950989,0.8550907075405121,-0.0571640208363533,0.1566086560487747,0.213772676885128,0.05231556296348572,0.5518926382064819,0.4995770752429962,0.3277483701705932,0.8627233266830444,0.5349749565124512,trials10train_r100test_r100AllTrue,trials10train_r100test_r100AllTrue
Basketball_temporal/1992,Basketball_coarse,PageRank,-0.17030733823776245,0.6264346241950989,0.7967419624328613,-0.04257683455944061,0.1566086560487747,0.1991854906082153,0.013545751571655273,0.5518926382064819,0.5383468866348267,0.8608243465423584,0.8627233266830444,0.001898980140686,trials10train_r100test_r100AllTrue,trials10train_r100test_r100AllTrue
Basketball_temporal/1992,Basketball_coarse,syncRank,-1.109218895435333,0.6264346241950989,1.735653519630432,-0.2773047238588333,0.1566086560487747,0.433913379907608,-0.313301682472229,0.5518926382064819,0.8651943206787109,0.5173471450805665,0.8627233266830444,0.345376181602478,trials10train_r100test_r100AllTrue,trials10train_r100test_r100AllTrue
Basketball_temporal/1992,Basketball_coarse,rankCentrality,-1.3757867217063904,0.6264346241950989,2.0022213459014893,-0.3439466804265976,0.1566086560487747,0.5005553364753723,-0.8011209964752197,0.5518926382064819,1.3530136346817017,0.847930908203125,0.8627233266830444,0.0147924184799194,trials10train_r100test_r100AllTrue,trials10train_r100test_r100AllTrue
Basketball_temporal/1992,Basketball_coarse,serialRank,-1.263235867023468,0.6264346241950989,1.889670491218567,-0.315808966755867,0.1566086560487747,0.4724176228046417,-0.3180912613868714,0.5518926382064819,0.8699838995933533,0.8540946245193483,0.8627233266830444,0.0086287021636962,trials10train_r100test_r100AllTrue,trials10train_r100test_r100AllTrue
Basketball_temporal/1992,Basketball_coarse,DIGRAC,-0.3356979227066039,0.6264346241950989,0.9621325469017028,-0.08392448067665101,0.1566086560487747,0.2405331367254257,-0.21084234058856965,0.5518926382064819,0.7627349787950516,-15.234047150611877,0.8627233266830444,16.09677047729492,trials10train_r100test_r100AllTrue,K20dropout50ratio_coe100margin_coe0withdistFiedler5sigma100alpha100hid32lr10useSpringRanktrials10train_r100test_r100AllTrue
Basketball_temporal/1992,Basketball_coarse,ib,-0.5759348630905152,0.6264346241950989,1.202369487285614,-0.5073824554681778,0.1566086560487747,0.6639911115169526,-0.3618808817863465,0.5518926382064819,0.9137735199928284,-6.495475792884827,0.8627233266830444,7.358199119567871,trials10train_r100test_r100AllTrue,K20dropout50ratio_coe100margin_coe0withdistFiedler5sigma100alpha100hid32lr10useSpringRanktrials10train_r100test_r100AllTrue
Basketball_temporal/1993,Basketball_coarse,SpringRank,-0.12529367208480835,0.6202036142349243,0.7454972863197327,-0.031323418021202115,0.155050903558731,0.1863743215799331,-0.102558434009552,0.566332995891571,0.668891429901123,0.7076015710830689,0.7647980213165283,0.0571964502334594,trials10train_r100test_r100AllTrue,trials10train_r100test_r100AllTrue
Basketball_temporal/1993,Basketball_coarse,davidScore,-0.12216132879257202,0.6202036142349243,0.7423649430274963,-0.030540332198143005,0.155050903558731,0.185591235756874,-0.03233695030212402,0.566332995891571,0.5986699461936951,0.7621034860610962,0.7647980213165283,0.0026945352554321,trials10train_r100test_r100AllTrue,trials10train_r100test_r100AllTrue
Basketball_temporal/1993,Basketball_coarse,SVD_NRS,-0.2380579113960266,0.6202036142349243,0.8582615256309509,-0.05951447784900671,0.155050903558731,0.2145653814077377,-0.05690491199493408,0.566332995891571,0.6232379078865051,0.7595078468322753,0.7647980213165283,0.0052901744842529,trials10train_r100test_r100AllTrue,trials10train_r100test_r100AllTrue
Basketball_temporal/1993,Basketball_coarse,btl,-0.2604541778564453,0.6202036142349243,0.8806577920913696,-0.06511354446411141,0.155050903558731,0.2201644480228424,0.05593173503875737,0.566332995891571,0.5104012608528137,0.5838046550750733,0.7647980213165283,0.180993366241455,trials10train_r100test_r100AllTrue,trials10train_r100test_r100AllTrue
Basketball_temporal/1993,Basketball_coarse,PageRank,-0.22552859783172607,0.6202036142349243,0.8457322120666504,-0.0563821494579316,0.155050903558731,0.2114330530166626,0.041451215744018555,0.566332995891571,0.5248817801475525,0.7628381490707398,0.7647980213165283,0.0019598722457885,trials10train_r100test_r100AllTrue,trials10train_r100test_r100AllTrue
Basketball_temporal/1993,Basketball_coarse,syncRank,-1.0587314367294314,0.6202036142349243,1.6789350509643557,-0.2646828591823578,0.155050903558731,0.4197337627410888,-0.2891191244125366,0.566332995891571,0.8554521203041077,0.4258344173431397,0.7647980213165283,0.3389636039733886,trials10train_r100test_r100AllTrue,trials10train_r100test_r100AllTrue
Basketball_temporal/1993,Basketball_coarse,rankCentrality,-1.3108848333358765,0.6202036142349243,1.9310884475708008,-0.3277212083339692,0.155050903558731,0.4827721118927002,-0.7146854996681213,0.566332995891571,1.2810184955596924,0.7493244409561158,0.7647980213165283,0.0154735803604125,trials10train_r100test_r100AllTrue,trials10train_r100test_r100AllTrue
Basketball_temporal/1993,Basketball_coarse,serialRank,-1.4236491918563843,0.6202036142349243,2.0438528060913086,-0.3559122979640962,0.155050903558731,0.5109632015228271,-0.29428856372833256,0.566332995891571,0.8606215596199036,0.7561127662658692,0.7647980213165283,0.0086852550506591,trials10train_r100test_r100AllTrue,trials10train_r100test_r100AllTrue
Basketball_temporal/1993,Basketball_coarse,DIGRAC,-0.3729757142066955,0.6202036142349243,0.9931793284416198,-0.09324980169534691,0.155050903558731,0.2483007052540779,-0.18893378138542172,0.566332995891571,0.7552667772769928,-15.414023113250733,0.7647980213165283,16.17882113456726,trials10train_r100test_r100AllTrue,K20dropout50ratio_coe100margin_coe0withdistFiedler5sigma100alpha100hid32lr10useSpringRanktrials10train_r100test_r100AllTrue
Basketball_temporal/1993,Basketball_coarse,ib,-0.5627721130847934,0.6202036142349243,1.1829757273197177,-0.5405246645212175,0.155050903558731,0.6955755680799485,-0.3355810666084289,0.566332995891571,0.9019140625,-5.771969938278199,0.7647980213165283,6.536767959594727,trials10train_r100test_r100AllTrue,K20dropout50ratio_coe100margin_coe0withdistFiedler5sigma100alpha100hid32lr10useSpringRanktrials10train_r100test_r100AllTrue
Basketball_temporal/1994,Basketball_coarse,SpringRank,-0.13066869974136353,0.6102997660636902,0.7409684658050537,-0.03266717493534091,0.1525749415159225,0.1852421164512634,-0.005784571170806885,0.5573071837425232,0.5630917549133301,0.7472907066345216,0.8045990705490113,0.0573083639144897,trials10train_r100test_r100AllTrue,trials10train_r100test_r100AllTrue
Basketball_temporal/1994,Basketball_coarse,davidScore,-0.12759417295455933,0.6102997660636902,0.7378939390182495,-0.031898543238639804,0.1525749415159225,0.1844734847545623,-0.02908545732498169,0.5573071837425232,0.5863926410675049,0.8018666744232179,0.8045990705490113,0.0027323961257934,trials10train_r100test_r100AllTrue,trials10train_r100test_r100AllTrue
Basketball_temporal/1994,Basketball_coarse,SVD_NRS,-0.22905457019805908,0.6102997660636902,0.8393543362617493,-0.0572636425495148,0.1525749415159225,0.2098385840654373,-0.04489469528198242,0.5573071837425232,0.6022018790245056,0.7993186235427857,0.8045990705490113,0.0052804470062255,trials10train_r100test_r100AllTrue,trials10train_r100test_r100AllTrue
Basketball_temporal/1994,Basketball_coarse,btl,-0.1618754804134369,0.6102997660636902,0.7721752464771271,-0.0404688701033592,0.1525749415159225,0.1930438116192817,0.12579056322574617,0.5573071837425232,0.431516620516777,-0.1777660846710205,0.8045990705490113,0.9823651552200318,trials10train_r100test_r100AllTrue,trials10train_r100test_r100AllTrue
Basketball_temporal/1994,Basketball_coarse,PageRank,-0.21675634384155273,0.6102997660636902,0.8270561099052429,-0.05418908596038821,0.1525749415159225,0.2067640274763107,0.029510855674743652,0.5573071837425232,0.5277963280677795,0.8028042793273926,0.8045990705490113,0.0017947912216186,trials10train_r100test_r100AllTrue,trials10train_r100test_r100AllTrue
Basketball_temporal/1994,Basketball_coarse,syncRank,-1.0576480031013489,0.6102997660636902,1.667947769165039,-0.2644120007753372,0.1525749415159225,0.4169869422912597,-0.29928165674209595,0.5573071837425232,0.8565888404846191,0.46035099029541016,0.8045990705490113,0.3442480802536011,trials10train_r100test_r100AllTrue,trials10train_r100test_r100AllTrue
Basketball_temporal/1994,Basketball_coarse,rankCentrality,-1.4265950322151184,0.6102997660636902,2.0368947982788086,-0.35664875805377966,0.1525749415159225,0.5092236995697021,-0.7958992123603821,0.5573071837425232,1.3532063961029053,0.7878207206726074,0.8045990705490113,0.0167783498764038,trials10train_r100test_r100AllTrue,trials10train_r100test_r100AllTrue
Basketball_temporal/1994,Basketball_coarse,serialRank,-1.3897002339363098,0.6102997660636902,2.0,-0.3474250584840775,0.1525749415159225,0.5,-0.3041173934936523,0.5573071837425232,0.8614245772361755,0.7956849098205567,0.8045990705490113,0.0089141607284545,trials10train_r100test_r100AllTrue,trials10train_r100test_r100AllTrue
Basketball_temporal/1994,Basketball_coarse,DIGRAC,-0.3130515122413634,0.6102997660636902,0.9233512783050536,-0.0782628780603409,0.1525749415159225,0.2308378195762634,-0.18824505805969238,0.5573071837425232,0.7455522418022156,-15.45105550289154,0.8045990705490113,16.25565457344055,trials10train_r100test_r100AllTrue,K20dropout50ratio_coe100margin_coe0withdistFiedler5sigma100alpha100hid32lr10useSpringRanktrials10train_r100test_r100AllTrue
Basketball_temporal/1994,Basketball_coarse,ib,-0.6041429626941681,0.6102997660636902,1.2144427287578583,-0.49016140878200537,0.1525749415159225,0.6427363502979279,-0.3422498691082001,0.5573071837425232,0.8995570528507233,-5.873136401176453,0.8045990705490113,6.677735471725464,trials10train_r100test_r100AllTrue,K20dropout50ratio_coe100margin_coe0withdistFiedler5sigma100alpha100hid32lr10useSpringRanktrials10train_r100test_r100AllTrue
Basketball_temporal/1995,Basketball_coarse,SpringRank,-0.12547242641448975,0.6439909338951111,0.7694633603096008,-0.03136810660362252,0.1609977334737777,0.1923658400774002,-0.10098809003829956,0.5652342438697815,0.666222333908081,0.771474313735962,0.8288734436035157,0.0573991298675537,trials10train_r100test_r100AllTrue,trials10train_r100test_r100AllTrue
Basketball_temporal/1995,Basketball_coarse,davidScore,-0.13303101062774658,0.6439909338951111,0.7770219445228577,-0.0332577526569367,0.1609977334737777,0.1942554861307144,-0.021182775497436523,0.5652342438697815,0.586417019367218,0.8261435270309448,0.8288734436035157,0.0027299165725708,trials10train_r100test_r100AllTrue,trials10train_r100test_r100AllTrue
Basketball_temporal/1995,Basketball_coarse,SVD_NRS,-0.22071051597595215,0.6439909338951111,0.8647014498710632,-0.05517762899398812,0.1609977334737777,0.2161753624677658,-0.041823387145996094,0.5652342438697815,0.6070576310157776,0.8236345052719116,0.8288734436035157,0.005238938331604,trials10train_r100test_r100AllTrue,trials10train_r100test_r100AllTrue
Basketball_temporal/1995,Basketball_coarse,btl,-0.19274375438690183,0.6439909338951111,0.8367346882820129,-0.048185938596725514,0.1609977334737777,0.2091836720705032,0.0909966379404068,0.5652342438697815,0.4742376059293747,0.26327717304229736,0.8288734436035157,0.5655962705612183,trials10train_r100test_r100AllTrue,trials10train_r100test_r100AllTrue
Basketball_temporal/1995,Basketball_coarse,PageRank,-0.2252456545829773,0.6439909338951111,0.8692365884780884,-0.05631141364574441,0.1609977334737777,0.2173091471195221,0.03517502546310425,0.5652342438697815,0.5300592184066772,0.8269937038421632,0.8288734436035157,0.0018797397613525,trials10train_r100test_r100AllTrue,trials10train_r100test_r100AllTrue
Basketball_temporal/1995,Basketball_coarse,syncRank,-1.1770219445228578,0.6439909338951111,1.8210128784179689,-0.2942554861307144,0.1609977334737777,0.4552532196044921,-0.2837049543857575,0.5652342438697815,0.848939198255539,0.4805388927459718,0.8288734436035157,0.3483345508575439,trials10train_r100test_r100AllTrue,trials10train_r100test_r100AllTrue
Basketball_temporal/1995,Basketball_coarse,rankCentrality,-1.2705972075462342,0.6439909338951111,1.9145881414413453,-0.38941800892353073,0.1609977334737777,0.5504157423973084,-0.7904161810874939,0.5652342438697815,1.3556504249572754,0.8131474018096925,0.8288734436035157,0.0157260417938232,trials10train_r100test_r100AllTrue,trials10train_r100test_r100AllTrue
Basketball_temporal/1995,Basketball_coarse,serialRank,-1.2350718379020689,0.6439909338951111,1.87906277179718,-0.3087679594755173,0.1609977334737777,0.469765692949295,-0.2921662092208862,0.5652342438697815,0.8574004530906677,0.8205336332321168,0.8288734436035157,0.0083398103713989,trials10train_r100test_r100AllTrue,trials10train_r100test_r100AllTrue
Basketball_temporal/1995,Basketball_coarse,DIGRAC,-0.29817081928253175,0.6439909338951111,0.9421617531776428,-0.07454270482063302,0.1609977334737777,0.2355404382944107,-0.18797019541263582,0.5652342438697815,0.7532044392824173,-15.417015314102173,0.8288734436035157,16.24588875770569,trials10train_r100test_r100AllTrue,K20dropout50ratio_coe100margin_coe0withdistFiedler5sigma100alpha100hid32lr10useSpringRanktrials10train_r100test_r100AllTrue
Basketball_temporal/1995,Basketball_coarse,ib,-0.5507331824302673,0.6439909338951111,1.1947241163253783,-0.4920483732223512,0.1609977334737777,0.6530461066961288,-0.3399892079830169,0.5652342438697815,0.9052234518527984,-5.9759512662887575,0.8288734436035157,6.804824709892273,trials10train_r100test_r100AllTrue,K20dropout50ratio_coe100margin_coe0withdistFiedler5sigma100alpha100hid32lr10useSpringRanktrials10train_r100test_r100AllTrue
Basketball_temporal/1996,Basketball_coarse,SpringRank,-0.1321101188659668,0.692844033241272,0.8249541521072388,-0.0330275297164917,0.173211008310318,0.2062385380268097,-0.10398674011230469,0.5793476104736328,0.6833343505859375,0.8495815277099611,0.9069351196289064,0.0573535919189453,trials10train_r100test_r100AllTrue,trials10train_r100test_r100AllTrue
Basketball_temporal/1996,Basketball_coarse,davidScore,-0.11743122339248657,0.692844033241272,0.8102752566337585,-0.029357805848121615,0.173211008310318,0.2025688141584396,-0.06846654415130615,0.5793476104736328,0.647814154624939,0.904150986671448,0.9069351196289064,0.0027841329574584,trials10train_r100test_r100AllTrue,trials10train_r100test_r100AllTrue
Basketball_temporal/1996,Basketball_coarse,SVD_NRS,-0.25394493341445923,0.692844033241272,0.9467889666557312,-0.06348623335361481,0.173211008310318,0.2366972416639328,-0.09846282005310059,0.5793476104736328,0.6778104305267334,0.9014547586441042,0.9069351196289064,0.0054803609848022,trials10train_r100test_r100AllTrue,trials10train_r100test_r100AllTrue
Basketball_temporal/1996,Basketball_coarse,btl,-0.27185320854187,0.692844033241272,0.964697241783142,-0.0679633021354675,0.173211008310318,0.2411743104457855,0.03150655031204219,0.5793476104736328,0.5478410601615906,0.6924371242523195,0.9069351196289064,0.2144979953765869,trials10train_r100test_r100AllTrue,trials10train_r100test_r100AllTrue
Basketball_temporal/1996,Basketball_coarse,PageRank,-0.22311925888061523,0.692844033241272,0.9159632921218872,-0.05577981472015381,0.173211008310318,0.2289908230304718,0.018672466278076172,0.5793476104736328,0.5606751441955566,0.9051054716110231,0.9069351196289064,0.0018296480178833,trials10train_r100test_r100AllTrue,trials10train_r100test_r100AllTrue
Basketball_temporal/1996,Basketball_coarse,syncRank,-0.9805504083633425,0.692844033241272,1.6733944416046145,-0.24513760209083552,0.173211008310318,0.4183486104011535,-0.28151416778564453,0.5793476104736328,0.8608617782592773,0.5533802509307864,0.9069351196289064,0.3535548686981201,trials10train_r100test_r100AllTrue,trials10train_r100test_r100AllTrue
Basketball_temporal/1996,Basketball_coarse,rankCentrality,-1.3533943891525269,0.692844033241272,2.046238422393799,-0.3383485972881317,0.173211008310318,0.5115596055984497,-0.7739289283752442,0.5793476104736328,1.353276538848877,0.890593719482422,0.9069351196289064,0.0163414001464843,trials10train_r100test_r100AllTrue,trials10train_r100test_r100AllTrue
Basketball_temporal/1996,Basketball_coarse,serialRank,-1.3607338666915894,0.692844033241272,2.0535778999328613,-0.34018346667289734,0.173211008310318,0.5133944749832153,-0.28594185113906856,0.5793476104736328,0.8652894616127014,0.8976580858230593,0.9069351196289064,0.0092770338058471,trials10train_r100test_r100AllTrue,trials10train_r100test_r100AllTrue
Basketball_temporal/1996,Basketball_coarse,DIGRAC,-0.4561027538776399,0.692844033241272,1.1489467871189118,-0.11402568846940991,0.173211008310318,0.2872366967797279,-0.18774052619934078,0.5793476104736328,0.7670881366729736,-15.446294236183165,0.9069351196289064,16.353229355812072,trials10train_r100test_r100AllTrue,K20dropout50ratio_coe100margin_coe0withdistFiedler5sigma100alpha100hid32lr10useSpringRanktrials10train_r100test_r100AllTrue
Basketball_temporal/1996,Basketball_coarse,ib,-0.5509798228740692,0.692844033241272,1.2438238561153412,-0.47706422030925755,0.173211008310318,0.6502752286195755,-0.33673873305320756,0.5793476104736328,0.9160863435268404,-5.959467554092407,0.9069351196289064,6.866402673721313,trials10train_r100test_r100AllTrue,K20dropout50ratio_coe100margin_coe0withdistFiedler5sigma100alpha100hid32lr10useSpringRanktrials10train_r100test_r100AllTrue
Basketball_temporal/1997,Basketball_coarse,SpringRank,-0.1485714316368103,0.6657142639160156,0.8142856955528259,-0.03714285790920249,0.1664285659790039,0.2035714238882064,-0.1294274926185608,0.5817639827728271,0.7111914753913879,0.8881396293640139,0.9457767248153688,0.0576370954513549,trials10train_r100test_r100AllTrue,trials10train_r100test_r100AllTrue
Basketball_temporal/1997,Basketball_coarse,davidScore,-0.1614285707473755,0.6657142639160156,0.8271428346633911,-0.04035714268684379,0.1664285659790039,0.2067857086658477,-0.050134241580963135,0.5817639827728271,0.6318982243537903,0.9429711103439333,0.9457767248153688,0.0028056144714355,trials10train_r100test_r100AllTrue,trials10train_r100test_r100AllTrue
Basketball_temporal/1997,Basketball_coarse,SVD_NRS,-0.25,0.6657142639160156,0.9157142639160156,-0.0625,0.1664285659790039,0.2289285659790039,-0.09521853923797607,0.5817639827728271,0.6769825220108032,0.940152168273926,0.9457767248153688,0.0056245565414428,trials10train_r100test_r100AllTrue,trials10train_r100test_r100AllTrue
Basketball_temporal/1997,Basketball_coarse,btl,-0.303000020980835,0.6657142639160156,0.9687142848968506,-0.0757500052452087,0.1664285659790039,0.2421785712242126,0.02167504429817202,0.5817639827728271,0.5600889384746551,0.9144121170043947,0.9457767248153688,0.0313646078109741,trials10train_r100test_r100AllTrue,trials10train_r100test_r100AllTrue
Basketball_temporal/1997,Basketball_coarse,PageRank,-0.23714286088943481,0.6657142639160156,0.9028571248054504,-0.059285715222358704,0.1664285659790039,0.2257142812013626,0.01925671100616455,0.5817639827728271,0.5625072717666626,0.944013547897339,0.9457767248153688,0.0017631769180297,trials10train_r100test_r100AllTrue,trials10train_r100test_r100AllTrue
Basketball_temporal/1997,Basketball_coarse,syncRank,-1.0542857646942139,0.6657142639160156,1.7200000286102295,-0.26357144117355347,0.1664285659790039,0.4300000071525574,-0.2779126763343811,0.5817639827728271,0.8596766591072083,0.5892983436584474,0.9457767248153688,0.3564783811569214,trials10train_r100test_r100AllTrue,trials10train_r100test_r100AllTrue
Basketball_temporal/1997,Basketball_coarse,rankCentrality,-1.2242857217788696,0.6657142639160156,1.8899999856948853,-0.3060714304447174,0.1664285659790039,0.4724999964237213,-0.717893719673157,0.5817639827728271,1.299657702445984,0.92851140499115,0.9457767248153688,0.0172653198242187,trials10train_r100test_r100AllTrue,trials10train_r100test_r100AllTrue
Basketball_temporal/1997,Basketball_coarse,serialRank,-1.2799999713897703,0.6657142639160156,1.945714235305786,-0.31999999284744257,0.1664285659790039,0.4864285588264465,-0.2812606394290924,0.5817639827728271,0.8630246222019196,0.9370498418807985,0.9457767248153688,0.0087268829345703,trials10train_r100test_r100AllTrue,trials10train_r100test_r100AllTrue
Basketball_temporal/1997,Basketball_coarse,DIGRAC,-0.4448857390880583,0.6657142639160156,1.110600003004074,-0.11122143477201457,0.1664285659790039,0.2776500007510185,-0.18488457024097438,0.5817639827728271,0.7666485530138015,-15.390380239486694,0.9457767248153688,16.336156964302063,trials10train_r100test_r100AllTrue,K20dropout50ratio_coe100margin_coe0withdistFiedler5sigma100alpha100hid32lr10useSpringRanktrials10train_r100test_r100AllTrue
Basketball_temporal/1997,Basketball_coarse,ib,-0.5793357360363007,0.6657142639160156,1.2450499999523164,-0.504442864060402,0.1664285659790039,0.6708714300394059,-0.3247596561908722,0.5817639827728271,0.9065236389636994,-6.026049041748046,0.9457767248153688,6.971825766563415,trials10train_r100test_r100AllTrue,K20dropout50ratio_coe100margin_coe0withdistFiedler5sigma100alpha100hid32lr10useSpringRanktrials10train_r100test_r100AllTrue
Basketball_temporal/1998,Basketball_coarse,SpringRank,-0.1373937726020813,0.6359773278236389,0.7733711004257202,-0.0343484431505203,0.1589943319559097,0.19334277510643,-0.10489505529403687,0.5913578867912292,0.6962529420852661,0.8076533555984498,0.8661757707595825,0.0585224151611328,trials10train_r100test_r100AllTrue,trials10train_r100test_r100AllTrue
Basketball_temporal/1998,Basketball_coarse,davidScore,-0.15580737590789795,0.6359773278236389,0.7917847037315369,-0.03895184397697449,0.1589943319559097,0.1979461759328842,-0.045766472816467285,0.5913578867912292,0.6371243596076965,0.8633856534957887,0.8661757707595825,0.0027901172637939,trials10train_r100test_r100AllTrue,trials10train_r100test_r100AllTrue
Basketball_temporal/1998,Basketball_coarse,SVD_NRS,-0.25495749711990356,0.6359773278236389,0.8909348249435425,-0.06373937427997589,0.1589943319559097,0.2227337062358856,-0.08186829090118408,0.5913578867912292,0.6732261776924133,0.8608898401260376,0.8661757707595825,0.0052859306335449,trials10train_r100test_r100AllTrue,trials10train_r100test_r100AllTrue
Basketball_temporal/1998,Basketball_coarse,btl,-0.31968839764595025,0.6359773278236389,0.9556657254695892,-0.07992209941148759,0.1589943319559097,0.2389164313673973,0.027770531177520708,0.5913578867912292,0.5635873556137085,0.8349316835403443,0.8661757707595825,0.0312440872192382,trials10train_r100test_r100AllTrue,trials10train_r100test_r100AllTrue
Basketball_temporal/1998,Basketball_coarse,PageRank,-0.20963174104690552,0.6359773278236389,0.8456090688705444,-0.05240793526172641,0.1589943319559097,0.2114022672176361,0.03275430202484131,0.5913578867912292,0.5586035847663879,0.8642845630645752,0.8661757707595825,0.0018912076950073,trials10train_r100test_r100AllTrue,trials10train_r100test_r100AllTrue
Basketball_temporal/1998,Basketball_coarse,syncRank,-1.0524079203605652,0.6359773278236389,1.688385248184204,-0.2631019800901413,0.1589943319559097,0.422096312046051,-0.28397172689437866,0.5913578867912292,0.8753296136856079,0.5079891443252563,0.8661757707595825,0.3581866264343262,trials10train_r100test_r100AllTrue,trials10train_r100test_r100AllTrue
Basketball_temporal/1998,Basketball_coarse,rankCentrality,-1.2804532647132876,0.6359773278236389,1.9164305925369265,-0.32011331617832184,0.1589943319559097,0.4791076481342315,-0.767665445804596,0.5913578867912292,1.3590233325958252,0.8492085933685303,0.8661757707595825,0.0169671773910522,trials10train_r100test_r100AllTrue,trials10train_r100test_r100AllTrue
Basketball_temporal/1998,Basketball_coarse,serialRank,-1.2762039303779602,0.6359773278236389,1.9121812582015991,-0.31905098259449005,0.1589943319559097,0.4780453145503998,-0.2886979341506958,0.5913578867912292,0.880055820941925,0.8575146913528443,0.8661757707595825,0.0086610794067382,trials10train_r100test_r100AllTrue,trials10train_r100test_r100AllTrue
Basketball_temporal/1998,Basketball_coarse,DIGRAC,-0.3651274919509886,0.6359773278236389,1.0011048197746275,-0.09128187298774718,0.1589943319559097,0.2502762049436569,-0.1832895576953888,0.5913578867912292,0.774647444486618,-15.54287407398224,0.8661757707595825,16.409049844741823,trials10train_r100test_r100AllTrue,K20dropout50ratio_coe100margin_coe0withdistFiedler5sigma100alpha100hid32lr10useSpringRanktrials10train_r100test_r100AllTrue
Basketball_temporal/1998,Basketball_coarse,ib,-0.5849929225444794,0.6359773278236389,1.2209702503681183,-0.5139235174655914,0.1589943319559097,0.6729178494215011,-0.3254767441749573,0.5913578867912292,0.9168346309661866,-6.060918116569519,0.8661757707595825,6.927093887329102,trials10train_r100test_r100AllTrue,K20dropout50ratio_coe100margin_coe0withdistFiedler5sigma100alpha100hid32lr10useSpringRanktrials10train_r100test_r100AllTrue
Basketball_temporal/1999,Basketball_coarse,SpringRank,-0.13082808256149292,0.7000696063041687,0.8308976888656616,-0.03270702064037331,0.1750174015760421,0.2077244222164154,-0.0058075785636901855,0.598717212677002,0.6045247912406921,0.8307353734970093,0.8963996648788453,0.0656642913818359,trials10train_r100test_r100AllTrue,trials10train_r100test_r100AllTrue
Basketball_temporal/1999,Basketball_coarse,davidScore,-0.10716772079467773,0.7000696063041687,0.8072373270988464,-0.026791930198669517,0.1750174015760421,0.2018093317747116,-0.05545854568481445,0.598717212677002,0.6541757583618164,0.8935059309005738,0.8963996648788453,0.0028937339782714,trials10train_r100test_r100AllTrue,trials10train_r100test_r100AllTrue
Basketball_temporal/1999,Basketball_coarse,SVD_NRS,-0.24913012981414806,0.7000696063041687,0.9491997361183168,-0.062282532453537015,0.1750174015760421,0.2372999340295791,-0.061182379722595215,0.598717212677002,0.6598995923995972,0.8910528659820558,0.8963996648788453,0.0053467988967895,trials10train_r100test_r100AllTrue,trials10train_r100test_r100AllTrue
Basketball_temporal/1999,Basketball_coarse,btl,-0.2684759676456453,0.7000696063041687,0.968545573949814,-0.0671189919114113,0.1750174015760421,0.2421363934874534,0.04671346843242641,0.598717212677002,0.5520037442445755,0.43622319698333745,0.8963996648788453,0.4601764678955078,trials10train_r100test_r100AllTrue,trials10train_r100test_r100AllTrue
Basketball_temporal/1999,Basketball_coarse,PageRank,-0.24077939987182606,0.7000696063041687,0.9408490061759948,-0.0601948499679566,0.1750174015760421,0.2352122515439987,0.02886098623275757,0.598717212677002,0.5698562264442444,0.8947652578353883,0.8963996648788453,0.001634407043457,trials10train_r100test_r100AllTrue,trials10train_r100test_r100AllTrue
Basketball_temporal/1999,Basketball_coarse,syncRank,-0.8643006682395935,0.7000696063041687,1.5643702745437622,-0.2160751670598984,0.1750174015760421,0.3910925686359405,-0.2730278968811035,0.598717212677002,0.8717451095581055,0.5276826858520509,0.8963996648788453,0.3687169790267944,trials10train_r100test_r100AllTrue,trials10train_r100test_r100AllTrue
Basketball_temporal/1999,Basketball_coarse,rankCentrality,-1.1997216343879702,0.7000696063041687,1.899791240692139,-0.2999304085969925,0.1750174015760421,0.4749478101730346,-0.7210802674293517,0.598717212677002,1.3197974801063537,0.877648425102234,0.8963996648788453,0.0187512397766113,trials10train_r100test_r100AllTrue,trials10train_r100test_r100AllTrue
Basketball_temporal/1999,Basketball_coarse,serialRank,-1.3166318535804753,0.7000696063041687,2.016701459884644,-0.3291579633951188,0.1750174015760421,0.5041753649711609,-0.2764520406723022,0.598717212677002,0.8751692533493042,0.8877038955688478,0.8963996648788453,0.0086957693099975,trials10train_r100test_r100AllTrue,trials10train_r100test_r100AllTrue
Basketball_temporal/1999,Basketball_coarse,DIGRAC,-0.2190674889087677,0.7000696063041687,0.9191370952129364,-0.05476687222719201,0.1750174015760421,0.2297842738032341,-0.17041355311870576,0.598717212677002,0.7691307657957077,-15.578265190124512,0.8963996648788453,16.474664855003358,trials10train_r100test_r100AllTrue,K20dropout50ratio_coe100margin_coe0withdistFiedler5sigma100alpha100hid32lr10useSpringRanktrials10train_r100test_r100AllTrue
Basketball_temporal/1999,Basketball_coarse,ib,-0.5228949010372161,0.7000696063041687,1.2229645073413848,-0.49600556552410136,0.1750174015760421,0.6710229671001434,-0.3185019755363464,0.598717212677002,0.9172191882133484,-6.444973659515381,0.8963996648788453,7.341373324394226,trials10train_r100test_r100AllTrue,K20dropout50ratio_coe100margin_coe0withdistFiedler5sigma100alpha100hid32lr10useSpringRanktrials10train_r100test_r100AllTrue
Basketball_temporal/2000,Basketball_coarse,SpringRank,-0.18044120073318481,0.6638129949569702,0.844254195690155,-0.045110300183296204,0.1659532487392425,0.2110635489225387,-0.09772038459777832,0.6019979119300842,0.6997182965278625,0.8809914350509643,0.9387068271636962,0.0577153921127319,trials10train_r100test_r100AllTrue,trials10train_r100test_r100AllTrue
Basketball_temporal/2000,Basketball_coarse,davidScore,-0.19229501485824585,0.6638129949569702,0.8561080098152161,-0.04807375371456149,0.1659532487392425,0.214027002453804,-0.04541224241256714,0.6019979119300842,0.6474101543426514,0.9357704877853393,0.9387068271636962,0.0029363393783569,trials10train_r100test_r100AllTrue,trials10train_r100test_r100AllTrue
Basketball_temporal/2000,Basketball_coarse,SVD_NRS,-0.27395451068878174,0.6638129949569702,0.937767505645752,-0.06848862767219549,0.1659532487392425,0.234441876411438,-0.0658995509147644,0.6019979119300842,0.6678974628448486,0.9330404043197631,0.9387068271636962,0.0056664228439331,trials10train_r100test_r100AllTrue,trials10train_r100test_r100AllTrue
Basketball_temporal/2000,Basketball_coarse,btl,-0.3196575343608856,0.6638129949569702,0.9834705293178558,-0.0799143835902214,0.1659532487392425,0.2458676323294639,0.02430101037025456,0.6019979119300842,0.5776969015598297,0.9063819646835327,0.9387068271636962,0.0323248624801635,trials10train_r100test_r100AllTrue,trials10train_r100test_r100AllTrue
Basketball_temporal/2000,Basketball_coarse,PageRank,-0.24497854709625255,0.6638129949569702,0.9087915420532228,-0.06124463677406311,0.1659532487392425,0.2271978855133056,0.01670771837234497,0.6019979119300842,0.5852901935577393,0.9370526075363159,0.9387068271636962,0.0016542196273803,trials10train_r100test_r100AllTrue,trials10train_r100test_r100AllTrue
Basketball_temporal/2000,Basketball_coarse,syncRank,-1.10240364074707,0.6638129949569702,1.7662166357040403,-0.2756009101867676,0.1659532487392425,0.4415541589260101,-0.293190062046051,0.6019979119300842,0.8951879739761353,0.5567140817642211,0.9387068271636962,0.3819927453994751,trials10train_r100test_r100AllTrue,trials10train_r100test_r100AllTrue
Basketball_temporal/2000,Basketball_coarse,rankCentrality,-1.2459664344787598,0.6638129949569702,1.90977942943573,-0.31149160861969,0.1659532487392425,0.4774448573589325,-0.7951582312583922,0.6019979119300842,1.3971561431884765,0.9202309846878052,0.9387068271636962,0.0184758424758911,trials10train_r100test_r100AllTrue,trials10train_r100test_r100AllTrue
Basketball_temporal/2000,Basketball_coarse,serialRank,-1.3012841939926147,0.6638129949569702,1.965097188949585,-0.3253210484981537,0.1659532487392425,0.4912742972373962,-0.29730066657066345,0.6019979119300842,0.8992985785007477,0.9288093566894532,0.9387068271636962,0.0098974704742431,trials10train_r100test_r100AllTrue,trials10train_r100test_r100AllTrue
Basketball_temporal/2000,Basketball_coarse,DIGRAC,-0.40630225062370307,0.6638129949569702,1.0701152455806733,-0.10158050179481509,0.1659532487392425,0.2675337505340576,-0.19714182496070864,0.6019979119300842,0.7991397368907929,-15.6969313621521,0.9387068271636962,16.635638189315795,trials10train_r100test_r100AllTrue,K20dropout50ratio_coe100margin_coe0withdistFiedler5sigma100alpha100hid32lr10useSpringRanktrials10train_r100test_r100AllTrue
Basketball_temporal/2000,Basketball_coarse,ib,-0.5766479849815369,0.6638129949569702,1.2404609799385071,-0.4998155987262726,0.1659532487392425,0.6657688474655151,-0.34069339156150813,0.6019979119300842,0.9426913034915924,-6.2490600585937495,0.9387068271636962,7.187766885757446,trials10train_r100test_r100AllTrue,K20dropout50ratio_coe100margin_coe0withdistFiedler5sigma100alpha100hid32lr10useSpringRanktrials10train_r100test_r100AllTrue
Basketball_temporal/2001,Basketball_coarse,SpringRank,-0.1350153684616089,0.6191612482070923,0.7541766166687012,-0.033753842115402305,0.154790312051773,0.1885441541671753,-0.11047905683517456,0.5884734988212585,0.6989525556564331,0.835290002822876,0.8930885553359985,0.0577985525131225,trials10train_r100test_r100AllTrue,trials10train_r100test_r100AllTrue
Basketball_temporal/2001,Basketball_coarse,davidScore,-0.1595636010169983,0.6191612482070923,0.7787248492240906,-0.0398909002542496,0.154790312051773,0.1946812123060226,-0.05415773391723633,0.5884734988212585,0.6426312327384949,0.8901865482330322,0.8930885553359985,0.0029020071029663,trials10train_r100test_r100AllTrue,trials10train_r100test_r100AllTrue
Basketball_temporal/2001,Basketball_coarse,SVD_NRS,-0.31912720203399647,0.6191612482070923,0.9382884502410888,-0.0797818005084992,0.154790312051773,0.2345721125602722,-0.07935154438018799,0.5884734988212585,0.6678250432014465,0.8876670360565186,0.8930885553359985,0.0054215192794799,trials10train_r100test_r100AllTrue,trials10train_r100test_r100AllTrue
Basketball_temporal/2001,Basketball_coarse,btl,-0.2900784373283385,0.6191612482070923,0.9092396855354308,-0.0725196093320847,0.154790312051773,0.2273099213838577,0.04059738516807554,0.5884734988212585,0.547876113653183,0.6679283142089845,0.8930885553359985,0.2251602411270141,trials10train_r100test_r100AllTrue,trials10train_r100test_r100AllTrue
Basketball_temporal/2001,Basketball_coarse,PageRank,-0.22366178035736084,0.6191612482070923,0.8428230285644531,-0.05591544508934021,0.154790312051773,0.2107057571411132,0.027624189853668213,0.5884734988212585,0.5608493089675903,0.8911987066268922,0.8930885553359985,0.0018898487091064,trials10train_r100test_r100AllTrue,trials10train_r100test_r100AllTrue
Basketball_temporal/2001,Basketball_coarse,syncRank,-1.106034755706787,0.6191612482070923,1.7251960039138794,-0.2765086889266968,0.154790312051773,0.4312990009784698,-0.2980825901031494,0.5884734988212585,0.886556088924408,0.5131306409835815,0.8930885553359985,0.379957914352417,trials10train_r100test_r100AllTrue,trials10train_r100test_r100AllTrue
Basketball_temporal/2001,Basketball_coarse,rankCentrality,-1.3774292469024658,0.6191612482070923,1.996590495109558,-0.34435731172561657,0.154790312051773,0.4991476237773895,-0.8103850126266479,0.5884734988212585,1.3988585114479064,0.8755478143692017,0.8930885553359985,0.0175407409667968,trials10train_r100test_r100AllTrue,trials10train_r100test_r100AllTrue
Basketball_temporal/2001,Basketball_coarse,serialRank,-1.4101601839065552,0.6191612482070923,2.0293214321136475,-0.3525400459766389,0.154790312051773,0.5073303580284119,-0.30064324140548704,0.5884734988212585,0.8891167402267456,0.8831775426864624,0.8930885553359985,0.0099110126495361,trials10train_r100test_r100AllTrue,trials10train_r100test_r100AllTrue
Basketball_temporal/2001,Basketball_coarse,DIGRAC,-0.38492330312728873,0.6191612482070923,1.004084551334381,-0.09623593986034404,0.154790312051773,0.251026251912117,-0.19611032247543336,0.5884734988212585,0.7845838212966919,-15.810404419898989,0.8930885553359985,16.703492975234987,trials10train_r100test_r100AllTrue,K20dropout50ratio_coe100margin_coe0withdistFiedler5sigma100alpha100hid32lr10useSpringRanktrials10train_r100test_r100AllTrue
Basketball_temporal/2001,Basketball_coarse,ib,-0.6352131116390227,0.6191612482070923,1.254374359846115,-0.478145251274109,0.154790312051773,0.632935563325882,-0.35529327392578125,0.5884734988212585,0.9437667727470398,-6.347262120246888,0.8930885553359985,7.240350675582886,trials10train_r100test_r100AllTrue,K20dropout50ratio_coe100margin_coe0withdistFiedler5sigma100alpha100hid32lr10useSpringRanktrials10train_r100test_r100AllTrue
Basketball_temporal/2002,Basketball_coarse,SpringRank,-0.12533330917358398,0.6706666946411133,0.7960000038146973,-0.031333327293395996,0.1676666736602783,0.1990000009536743,-0.10022610425949097,0.6043559312820435,0.7045820355415344,0.8925234317779542,0.9503316164016724,0.0578081846237182,trials10train_r100test_r100AllTrue,trials10train_r100test_r100AllTrue
Basketball_temporal/2002,Basketball_coarse,davidScore,-0.12666666507720947,0.6706666946411133,0.7973333597183228,-0.031666666269302396,0.1676666736602783,0.1993333399295807,-0.058067262172698975,0.6043559312820435,0.6624231934547424,0.9474096536636353,0.9503316164016724,0.0029219627380371,trials10train_r100test_r100AllTrue,trials10train_r100test_r100AllTrue
Basketball_temporal/2002,Basketball_coarse,SVD_NRS,-0.21066665649414062,0.6706666946411133,0.8813333511352539,-0.0526666641235351,0.1676666736602783,0.2203333377838134,-0.07227754592895508,0.6043559312820435,0.6766334772109985,0.9447640895843508,0.9503316164016724,0.0055675268173217,trials10train_r100test_r100AllTrue,trials10train_r100test_r100AllTrue
Basketball_temporal/2002,Basketball_coarse,btl,-0.25119996666908273,0.6706666946411133,0.921866661310196,-0.0627999916672706,0.1676666736602783,0.2304666653275489,0.049251222610473655,0.6043559312820435,0.5551047086715698,0.7855283975601197,0.9503316164016724,0.1648032188415527,trials10train_r100test_r100AllTrue,trials10train_r100test_r100AllTrue
Basketball_temporal/2002,Basketball_coarse,PageRank,-0.2373332977294923,0.6706666946411133,0.9079999923706056,-0.05933332443237302,0.1676666736602783,0.2269999980926513,0.02553337812423706,0.6043559312820435,0.5788225531578064,0.9485153198242188,0.9503316164016724,0.0018162965774536,trials10train_r100test_r100AllTrue,trials10train_r100test_r100AllTrue
Basketball_temporal/2002,Basketball_coarse,syncRank,-1.0776000142097473,0.6706666946411133,1.7482667088508606,-0.26940000355243676,0.1676666736602783,0.4370666772127151,-0.25241208672523496,0.6043559312820435,0.8567680180072784,0.563670063018799,0.9503316164016724,0.3866615533828735,trials10train_r100test_r100AllTrue,trials10train_r100test_r100AllTrue
Basketball_temporal/2002,Basketball_coarse,rankCentrality,-1.2733333110809326,0.6706666946411133,1.944000005722046,-0.31833332777023315,0.1676666736602783,0.4860000014305115,-0.7216331958770754,0.6043559312820435,1.3259891271591189,0.9315419673919679,0.9503316164016724,0.0187896490097045,trials10train_r100test_r100AllTrue,trials10train_r100test_r100AllTrue
Basketball_temporal/2002,Basketball_coarse,serialRank,-1.2359999418258667,0.6706666946411133,1.90666663646698,-0.3089999854564667,0.1676666736602783,0.476666659116745,-0.2782421231269836,0.6043559312820435,0.882598054409027,0.9421130895614626,0.9503316164016724,0.0082185268402099,trials10train_r100test_r100AllTrue,trials10train_r100test_r100AllTrue
Basketball_temporal/2002,Basketball_coarse,DIGRAC,-0.38813330531120305,0.6706666946411133,1.0587999999523163,-0.09703332632780079,0.1676666736602783,0.2646999999880791,-0.18206683814525604,0.6043559312820435,0.7864227694272995,-15.871817946434021,0.9503316164016724,16.822149562835694,trials10train_r100test_r100AllTrue,K20dropout50ratio_coe100margin_coe0withdistFiedler5sigma100alpha100hid32lr10useSpringRanktrials10train_r100test_r100AllTrue
Basketball_temporal/2002,Basketball_coarse,ib,-0.5510066401958467,0.6706666946411133,1.22167333483696,-0.4725466591119766,0.1676666736602783,0.6402133327722549,-0.3107550048828125,0.6043559312820435,0.915110936164856,-6.4097580194473265,0.9503316164016724,7.360089635848999,trials10train_r100test_r100AllTrue,K20dropout50ratio_coe100margin_coe0withdistFiedler5sigma100alpha100hid32lr10useSpringRanktrials10train_r100test_r100AllTrue
Basketball_temporal/2003,Basketball_coarse,SpringRank,-0.1174168586730957,0.6901500225067139,0.8075668811798096,-0.02935421466827398,0.1725375056266784,0.2018917202949524,-0.11867809295654297,0.6057354807853699,0.7244135737419128,0.8979779958724976,0.9572601556777954,0.0592821598052978,trials10train_r100test_r100AllTrue,trials10train_r100test_r100AllTrue
Basketball_temporal/2003,Basketball_coarse,davidScore,-0.1148076057434082,0.6901500225067139,0.8049576282501221,-0.02870190143585208,0.1725375056266784,0.2012394070625305,-0.07711094617843628,0.6057354807853699,0.6828464269638062,0.9542729377746583,0.9572601556777954,0.0029872179031372,trials10train_r100test_r100AllTrue,trials10train_r100test_r100AllTrue
Basketball_temporal/2003,Basketball_coarse,SVD_NRS,-0.24657535552978516,0.6901500225067139,0.936725378036499,-0.06164383888244629,0.1725375056266784,0.2341813445091247,-0.10203355550765991,0.6057354807853699,0.7077690362930298,0.9515736103057862,0.9572601556777954,0.0056865453720092,trials10train_r100test_r100AllTrue,trials10train_r100test_r100AllTrue
Basketball_temporal/2003,Basketball_coarse,btl,-0.2574037969112397,0.6901500225067139,0.9475538194179536,-0.0643509492278099,0.1725375056266784,0.2368884548544883,0.04390824437141416,0.6057354807853699,0.5618272364139557,0.702762508392334,0.9572601556777954,0.2544976472854614,trials10train_r100test_r100AllTrue,trials10train_r100test_r100AllTrue
Basketball_temporal/2003,Basketball_coarse,PageRank,-0.24918460845947255,0.6901500225067139,0.9393346309661864,-0.06229615211486819,0.1725375056266784,0.2348336577415466,0.015896618366241455,0.6057354807853699,0.5898388624191284,0.9555058717727662,0.9572601556777954,0.0017542839050292,trials10train_r100test_r100AllTrue,trials10train_r100test_r100AllTrue
Basketball_temporal/2003,Basketball_coarse,syncRank,-1.1641226172447205,0.6901500225067139,1.8542726397514344,-0.2910306543111802,0.1725375056266784,0.4635681599378586,-0.2789387106895447,0.6057354807853699,0.8846741914749146,0.5585989952087402,0.9572601556777954,0.3986611604690552,trials10train_r100test_r100AllTrue,trials10train_r100test_r100AllTrue
Basketball_temporal/2003,Basketball_coarse,rankCentrality,-1.240704536437988,0.6901500225067139,1.930854558944702,-0.31017613410949707,0.1725375056266784,0.4827136397361755,-0.7973209023475647,0.6057354807853699,1.4030563831329346,0.9377231597900392,0.9572601556777954,0.0195369958877563,trials10train_r100test_r100AllTrue,trials10train_r100test_r100AllTrue
Basketball_temporal/2003,Basketball_coarse,serialRank,-1.3555121421813965,0.6901500225067139,2.0456621646881104,-0.3388780355453492,0.1725375056266784,0.5114155411720276,-0.2826352119445801,0.6057354807853699,0.88837069272995,0.9471060037612915,0.9572601556777954,0.0101541519165039,trials10train_r100test_r100AllTrue,trials10train_r100test_r100AllTrue
Basketball_temporal/2003,Basketball_coarse,DIGRAC,-0.3831963598728181,0.6901500225067139,1.073346382379532,-0.09579908996820458,0.1725375056266784,0.268336595594883,-0.187630124092102,0.6057354807853699,0.7933656048774719,-16.021113562583924,0.9572601556777954,16.978373718261718,trials10train_r100test_r100AllTrue,K20dropout50ratio_coe100margin_coe0withdistFiedler5sigma100alpha100hid32lr10useSpringRanktrials10train_r100test_r100AllTrue
Basketball_temporal/2003,Basketball_coarse,ib,-0.49619050025939937,0.6901500225067139,1.1863405227661132,-0.5160143607854843,0.1725375056266784,0.6885518664121628,-0.32174654006958014,0.6057354807853699,0.92748202085495,-6.903681755065918,0.9572601556777954,7.860941910743714,trials10train_r100test_r100AllTrue,K20dropout50ratio_coe100margin_coe0withdistFiedler5sigma100alpha100hid32lr10useSpringRanktrials10train_r100test_r100AllTrue
Basketball_temporal/2004,Basketball_coarse,SpringRank,-0.1411609649658203,0.6094986796379089,0.7506596446037292,-0.035290241241455106,0.1523746699094772,0.1876649111509323,-0.10040879249572754,0.5828815698623657,0.6832903623580933,0.8653511762619018,0.9303649425506592,0.0650137662887573,trials10train_r100test_r100AllTrue,trials10train_r100test_r100AllTrue
Basketball_temporal/2004,Basketball_coarse,davidScore,-0.13588392734527588,0.6094986796379089,0.7453826069831848,-0.033970981836319,0.1523746699094772,0.1863456517457962,-0.0551798939704895,0.5828815698623657,0.6380614638328552,0.9273876428604126,0.9303649425506592,0.0029772996902465,trials10train_r100test_r100AllTrue,trials10train_r100test_r100AllTrue
Basketball_temporal/2004,Basketball_coarse,SVD_NRS,-0.2546173930168152,0.6094986796379089,0.8641160726547241,-0.0636543482542038,0.1523746699094772,0.216029018163681,-0.054341673851013184,0.5828815698623657,0.6372232437133789,0.924709701538086,0.9303649425506592,0.0056552410125732,trials10train_r100test_r100AllTrue,trials10train_r100test_r100AllTrue
Basketball_temporal/2004,Basketball_coarse,btl,-0.2796833872795105,0.6094986796379089,0.8891820669174194,-0.06992084681987759,0.1523746699094772,0.2222955167293548,0.04024623930454252,0.5828815698623657,0.5426353305578232,0.7284803867340088,0.9303649425506592,0.2018845558166503,trials10train_r100test_r100AllTrue,trials10train_r100test_r100AllTrue
Basketball_temporal/2004,Basketball_coarse,PageRank,-0.2572559118270874,0.6094986796379089,0.8667545914649963,-0.0643139779567718,0.1523746699094772,0.216688647866249,0.02346503734588623,0.5828815698623657,0.5594165325164795,0.9283846616744995,0.9303649425506592,0.0019802808761596,trials10train_r100test_r100AllTrue,trials10train_r100test_r100AllTrue
Basketball_temporal/2004,Basketball_coarse,syncRank,-1.0646438002586365,0.6094986796379089,1.6741424798965454,-0.2661609500646591,0.1523746699094772,0.4185356199741363,-0.30104589462280273,0.5828815698623657,0.8839274644851685,0.537954068183899,0.9303649425506592,0.3924108743667602,trials10train_r100test_r100AllTrue,trials10train_r100test_r100AllTrue
Basketball_temporal/2004,Basketball_coarse,rankCentrality,-1.3403694033622742,0.6094986796379089,1.949868083000183,-0.33509235084056854,0.1523746699094772,0.4874670207500458,-0.763029217720032,0.5828815698623657,1.3459107875823977,0.9119720220565797,0.9303649425506592,0.0183929204940795,trials10train_r100test_r100AllTrue,trials10train_r100test_r100AllTrue
Basketball_temporal/2004,Basketball_coarse,serialRank,-1.3683377385139466,0.6094986796379089,1.9778364181518555,-0.3420844346284867,0.1523746699094772,0.4944591045379639,-0.30554567575454716,0.5828815698623657,0.8884272456169129,0.920322036743164,0.9303649425506592,0.0100429058074951,trials10train_r100test_r100AllTrue,trials10train_r100test_r100AllTrue
Basketball_temporal/2004,Basketball_coarse,DIGRAC,-0.2887137198448181,0.6094986796379089,0.898212399482727,-0.0721833771467209,0.1523746699094772,0.2245580470561981,-0.1984767007827759,0.5828815698623657,0.7813582706451416,-15.997325253486634,0.9303649425506592,16.927690196037293,trials10train_r100test_r100AllTrue,K20dropout50ratio_coe100margin_coe0withdistFiedler5sigma100alpha100hid32lr10useSpringRanktrials10train_r100test_r100AllTrue
Basketball_temporal/2004,Basketball_coarse,ib,-0.5516688632965088,0.6094986796379089,1.1611675429344177,-0.5472163611650467,0.1523746699094772,0.6995910310745239,-0.33930472850799565,0.5828815698623657,0.9221862983703614,-6.23694372177124,0.9303649425506592,7.167308664321899,trials10train_r100test_r100AllTrue,K20dropout50ratio_coe100margin_coe0withdistFiedler5sigma100alpha100hid32lr10useSpringRanktrials10train_r100test_r100AllTrue
Basketball_temporal/2005,Basketball_coarse,SpringRank,-0.11866027116775513,0.659649133682251,0.7783094048500061,-0.02966506779193881,0.1649122834205627,0.1945773512125015,-0.13261622190475464,0.5976330637931824,0.730249285697937,0.9588143348693848,1.0165223598480224,0.0577080249786376,trials10train_r100test_r100AllTrue,trials10train_r100test_r100AllTrue
Basketball_temporal/2005,Basketball_coarse,davidScore,-0.1454545259475708,0.659649133682251,0.8051036596298218,-0.0363636314868927,0.1649122834205627,0.2012759149074554,-0.04816633462905884,0.5976330637931824,0.6457993984222412,1.0135001420974732,1.0165223598480224,0.0030222177505493,trials10train_r100test_r100AllTrue,trials10train_r100test_r100AllTrue
Basketball_temporal/2005,Basketball_coarse,SVD_NRS,-0.2615630030632018,0.659649133682251,0.9212121367454528,-0.0653907507658005,0.1649122834205627,0.2303030341863632,-0.0839395523071289,0.5976330637931824,0.6815726161003113,1.010851788520813,1.0165223598480224,0.0056705713272094,trials10train_r100test_r100AllTrue,trials10train_r100test_r100AllTrue
Basketball_temporal/2005,Basketball_coarse,btl,-0.31910685300827024,0.659649133682251,0.9787559866905212,-0.07977671325206762,0.1649122834205627,0.2446889966726303,0.023509126901626543,0.5976330637931824,0.5741239368915558,0.982520890235901,1.0165223598480224,0.0340014696121215,trials10train_r100test_r100AllTrue,trials10train_r100test_r100AllTrue
Basketball_temporal/2005,Basketball_coarse,PageRank,-0.24625200033187866,0.659649133682251,0.9059011340141296,-0.06156300008296972,0.1649122834205627,0.2264752835035324,0.016942262649536133,0.5976330637931824,0.5806908011436462,1.014534306526184,1.0165223598480224,0.0019880533218383,trials10train_r100test_r100AllTrue,trials10train_r100test_r100AllTrue
Basketball_temporal/2005,Basketball_coarse,syncRank,-1.1240829229354858,0.659649133682251,1.7837320566177368,-0.2810207307338715,0.1649122834205627,0.4459330141544342,-0.2898457646369934,0.5976330637931824,0.8874788284301758,0.6113725423812866,1.0165223598480224,0.4051498174667358,trials10train_r100test_r100AllTrue,trials10train_r100test_r100AllTrue
Basketball_temporal/2005,Basketball_coarse,rankCentrality,-1.2146730422973635,0.659649133682251,1.8743221759796145,-0.3036682605743408,0.1649122834205627,0.4685805439949035,-0.6947844505310061,0.5976330637931824,1.2924175143241885,0.997651767730713,1.0165223598480224,0.0188705921173095,trials10train_r100test_r100AllTrue,trials10train_r100test_r100AllTrue
Basketball_temporal/2005,Basketball_coarse,serialRank,-1.3047528266906738,0.659649133682251,1.9644019603729248,-0.3261882066726685,0.1649122834205627,0.4911004900932312,-0.2940934896469116,0.5976330637931824,0.891726553440094,1.0067246437072754,1.0165223598480224,0.009797716140747,trials10train_r100test_r100AllTrue,trials10train_r100test_r100AllTrue
Basketball_temporal/2005,Basketball_coarse,DIGRAC,-0.30994576334953305,0.659649133682251,0.969594897031784,-0.07748644083738332,0.1649122834205627,0.242398724257946,-0.19337725400924688,0.5976330637931824,0.7910103178024293,-16.064742255210877,1.0165223598480224,17.0812646150589,trials10train_r100test_r100AllTrue,K20dropout50ratio_coe100margin_coe0withdistFiedler5sigma100alpha100hid32lr10useSpringRanktrials10train_r100test_r100AllTrue
Basketball_temporal/2005,Basketball_coarse,ib,-0.4968420910835267,0.659649133682251,1.1564912247657777,-0.5315789443254471,0.1649122834205627,0.6964912277460098,-0.3172826409339904,0.5976330637931824,0.9149157047271728,-7.42746877670288,1.0165223598480224,8.443991136550903,trials10train_r100test_r100AllTrue,K20dropout50ratio_coe100margin_coe0withdistFiedler5sigma100alpha100hid32lr10useSpringRanktrials10train_r100test_r100AllTrue
Basketball_temporal/2006,Basketball_coarse,SpringRank,-0.13441193103790283,0.6757934093475342,0.810205340385437,-0.03360298275947571,0.1689483523368835,0.2025513350963592,-0.13019037246704102,0.6035505533218384,0.7337409257888794,0.9718385696411134,1.0294702053070068,0.0576316356658935,trials10train_r100test_r100AllTrue,trials10train_r100test_r100AllTrue
Basketball_temporal/2006,Basketball_coarse,davidScore,-0.09831982851028442,0.6757934093475342,0.7741132378578186,-0.024579957127571106,0.1689483523368835,0.1935283094644546,-0.05114465951919556,0.6035505533218384,0.6546952128410339,1.0263938426971437,1.0294702053070068,0.0030763626098632,trials10train_r100test_r100AllTrue,trials10train_r100test_r100AllTrue
Basketball_temporal/2006,Basketball_coarse,SVD_NRS,-0.23522090911865223,0.6757934093475342,0.9110143184661864,-0.058805227279663114,0.1689483523368835,0.2277535796165466,-0.08792072534561157,0.6035505533218384,0.69147127866745,1.0237545728683473,1.0294702053070068,0.0057156324386596,trials10train_r100test_r100AllTrue,trials10train_r100test_r100AllTrue
Basketball_temporal/2006,Basketball_coarse,btl,-0.15967641472816463,0.6757934093475342,0.8354698240756988,-0.03991910368204121,0.1689483523368835,0.2088674560189247,0.10578604340553288,0.6035505533218384,0.4977645099163055,0.18779480457305908,1.0294702053070068,0.8416754007339478,trials10train_r100test_r100AllTrue,trials10train_r100test_r100AllTrue
Basketball_temporal/2006,Basketball_coarse,PageRank,-0.21904170513153076,0.6757934093475342,0.8948351144790649,-0.05476042628288272,0.1689483523368835,0.2237087786197662,0.021615266799926758,0.6035505533218384,0.5819352865219116,1.0275426626205444,1.0294702053070068,0.0019275426864624,trials10train_r100test_r100AllTrue,trials10train_r100test_r100AllTrue
Basketball_temporal/2006,Basketball_coarse,syncRank,-1.1026757955551147,0.6757934093475342,1.778469204902649,-0.2756689488887787,0.1689483523368835,0.4446173012256622,-0.28851306438446045,0.6035505533218384,0.8920636177062988,0.6146958589553833,1.0294702053070068,0.4147743463516235,trials10train_r100test_r100AllTrue,trials10train_r100test_r100AllTrue
Basketball_temporal/2006,Basketball_coarse,rankCentrality,-1.3154946565628054,0.6757934093475342,1.9912880659103396,-0.3288736641407013,0.1689483523368835,0.4978220164775848,-0.7532229423522949,0.6035505533218384,1.3567734956741333,1.0113600969314576,1.0294702053070068,0.0181101083755493,trials10train_r100test_r100AllTrue,trials10train_r100test_r100AllTrue
Basketball_temporal/2006,Basketball_coarse,serialRank,-1.3222153186798098,0.6757934093475342,1.998008728027344,-0.3305538296699524,0.1689483523368835,0.4995021820068359,-0.29259851574897766,0.6035505533218384,0.896149069070816,1.0183402538299562,1.0294702053070068,0.0111299514770507,trials10train_r100test_r100AllTrue,trials10train_r100test_r100AllTrue
Basketball_temporal/2006,Basketball_coarse,DIGRAC,-0.4178966903686523,0.6757934093475342,1.0936900997161865,-0.10447417259216313,0.1689483523368835,0.2734225249290466,-0.1936895734071732,0.6035505533218384,0.7972401267290116,-16.24601752758026,1.0294702053070068,17.275487732887267,trials10train_r100test_r100AllTrue,K20dropout50ratio_coe100margin_coe0withdistFiedler5sigma100alpha100hid32lr10useSpringRanktrials10train_r100test_r100AllTrue
Basketball_temporal/2006,Basketball_coarse,ib,-0.5449533188343048,0.6757934093475342,1.220746728181839,-0.5025015544891358,0.1689483523368835,0.6714499068260192,-0.32641364097595205,0.6035505533218384,0.9299641942977904,-6.401551651954651,1.0294702053070068,7.4310218572616575,trials10train_r100test_r100AllTrue,K20dropout50ratio_coe100margin_coe0withdistFiedler5sigma100alpha100hid32lr10useSpringRanktrials10train_r100test_r100AllTrue
Basketball_temporal/2007,Basketball_coarse,SpringRank,-0.12362796068191528,0.6655112504959106,0.7891392111778259,-0.030906990170478793,0.1663778126239776,0.1972848027944564,-0.10976219177246094,0.6116501092910767,0.7214123010635376,1.0759683847427368,1.1356131553649902,0.0596447706222534,trials10train_r100test_r100AllTrue,trials10train_r100test_r100AllTrue
Basketball_temporal/2007,Basketball_coarse,davidScore,-0.17331022024154663,0.6655112504959106,0.8388214707374573,-0.043327555060386685,0.1663778126239776,0.2097053676843643,-0.039904654026031494,0.6116501092910767,0.6515547633171082,1.1324803113937378,1.1356131553649902,0.0031328439712524,trials10train_r100test_r100AllTrue,trials10train_r100test_r100AllTrue
Basketball_temporal/2007,Basketball_coarse,SVD_NRS,-0.2253032922744751,0.6655112504959106,0.8908145427703857,-0.0563258230686188,0.1663778126239776,0.2227036356925964,-0.0592576265335083,0.6116501092910767,0.670907735824585,1.1298444032669068,1.1356131553649902,0.0057687520980834,trials10train_r100test_r100AllTrue,trials10train_r100test_r100AllTrue
Basketball_temporal/2007,Basketball_coarse,btl,-0.2792605459690094,0.6655112504959106,0.94477179646492,-0.0698151364922524,0.1663778126239776,0.23619294911623,0.04434748291969304,0.6116501092910767,0.5673026263713836,1.1014125108718873,1.1356131553649902,0.034200644493103,trials10train_r100test_r100AllTrue,trials10train_r100test_r100AllTrue
Basketball_temporal/2007,Basketball_coarse,PageRank,-0.22761410474777222,0.6655112504959106,0.8931253552436829,-0.05690352618694308,0.1663778126239776,0.2232813388109207,0.038176894187927246,0.6116501092910767,0.5734732151031494,1.1337642192840576,1.1356131553649902,0.0018489360809326,trials10train_r100test_r100AllTrue,trials10train_r100test_r100AllTrue
Basketball_temporal/2007,Basketball_coarse,syncRank,-1.2027729749679565,0.6655112504959106,1.8682842254638672,-0.3006932437419892,0.1663778126239776,0.4670710563659668,-0.2855406403541565,0.6116501092910767,0.8971907496452332,0.7127256870269775,1.1356131553649902,0.4228874683380127,trials10train_r100test_r100AllTrue,trials10train_r100test_r100AllTrue
Basketball_temporal/2007,Basketball_coarse,rankCentrality,-1.2790294885635374,0.6655112504959106,1.944540739059448,-0.3197573721408844,0.1663778126239776,0.486135184764862,-0.8000549077987671,0.6116501092910767,1.4117050170898438,1.1155335187911988,1.1356131553649902,0.0200796365737915,trials10train_r100test_r100AllTrue,trials10train_r100test_r100AllTrue
Basketball_temporal/2007,Basketball_coarse,serialRank,-1.396880340576172,0.6655112504959106,2.0623915910720827,-0.34922008514404307,0.1663778126239776,0.5155978977680207,-0.29022266864776614,0.6116501092910767,0.9018727779388428,1.1246049642562865,1.1356131553649902,0.0110081911087036,trials10train_r100test_r100AllTrue,trials10train_r100test_r100AllTrue
Basketball_temporal/2007,Basketball_coarse,DIGRAC,-0.6323512554168702,0.6655112504959106,1.2978625059127809,-0.1580878138542176,0.1663778126239776,0.3244656264781952,-0.19350289821624755,0.6116501092910767,0.8051530075073242,-15.683506894111634,1.1356131553649902,16.819120049476624,trials10train_r100test_r100AllTrue,K20dropout50ratio_coe100margin_coe0withdistFiedler5sigma100alpha100hid32lr10useSpringRanktrials10train_r100test_r100AllTrue
Basketball_temporal/2007,Basketball_coarse,ib,-0.5673252582550048,0.6655112504959106,1.2328365087509154,-0.47330445110797886,0.1663778126239776,0.6396822637319565,-0.3273970675468445,0.6116501092910767,0.9390471768379212,-6.9876624822616575,1.1356131553649902,8.123275637626648,trials10train_r100test_r100AllTrue,K20dropout50ratio_coe100margin_coe0withdistFiedler5sigma100alpha100hid32lr10useSpringRanktrials10train_r100test_r100AllTrue
Basketball_temporal/2008,Basketball_coarse,SpringRank,-0.12718063592910767,0.6888013482093811,0.8159819841384888,-0.031795158982277,0.1722003370523452,0.2039954960346222,-0.1253337264060974,0.6101373434066772,0.7354710698127747,1.098542070388794,1.1636905670166016,0.0651484966278076,trials10train_r100test_r100AllTrue,trials10train_r100test_r100AllTrue
Basketball_temporal/2008,Basketball_coarse,davidScore,-0.11142373085021973,0.6888013482093811,0.8002250790596008,-0.027855932712555015,0.1722003370523452,0.2000562697649002,-0.03843313455581665,0.6101373434066772,0.6485704779624939,1.160496497154236,1.1636905670166016,0.0031940698623657,trials10train_r100test_r100AllTrue,trials10train_r100test_r100AllTrue
Basketball_temporal/2008,Basketball_coarse,SVD_NRS,-0.21384358406066895,0.6888013482093811,0.90264493227005,-0.05346089601516732,0.1722003370523452,0.2256612330675125,-0.06418395042419434,0.6101373434066772,0.6743212938308716,1.1579150438308716,1.1636905670166016,0.0057755231857299,trials10train_r100test_r100AllTrue,trials10train_r100test_r100AllTrue
Basketball_temporal/2008,Basketball_coarse,btl,-0.20889138579368594,0.6888013482093811,0.897692734003067,-0.05222284644842151,0.1722003370523452,0.2244231835007667,0.06355648934841152,0.6101373434066772,0.5465808540582657,0.7165582180023193,1.1636905670166016,0.4471323490142822,trials10train_r100test_r100AllTrue,trials10train_r100test_r100AllTrue
Basketball_temporal/2008,Basketball_coarse,PageRank,-0.23747891187667847,0.6888013482093811,0.9262802600860596,-0.0593697279691697,0.1722003370523452,0.2315700650215149,0.028503239154815674,0.6101373434066772,0.5816341042518616,1.1618876218795777,1.1636905670166016,0.0018029451370239,trials10train_r100test_r100AllTrue,trials10train_r100test_r100AllTrue
Basketball_temporal/2008,Basketball_coarse,syncRank,-1.065841257572174,0.6888013482093811,1.7546426057815552,-0.26646031439304363,0.1722003370523452,0.4386606514453888,-0.2851381301879883,0.6101373434066772,0.8952754735946655,0.7271129846572876,1.1636905670166016,0.436577582359314,trials10train_r100test_r100AllTrue,trials10train_r100test_r100AllTrue
Basketball_temporal/2008,Basketball_coarse,rankCentrality,-1.232414186000824,0.6888013482093811,1.921215534210205,-0.308103546500206,0.1722003370523452,0.4803038835525512,-0.7179020643234251,0.6101373434066772,1.3280394077301023,1.1435835123062135,1.1636905670166016,0.0201070547103881,trials10train_r100test_r100AllTrue,trials10train_r100test_r100AllTrue
Basketball_temporal/2008,Basketball_coarse,serialRank,-1.3202025294303894,0.6888013482093811,2.0090038776397705,-0.33005063235759746,0.1722003370523452,0.5022509694099426,-0.289133220911026,0.6101373434066772,0.8992705643177032,1.1527121782302856,1.1636905670166016,0.0109783887863159,trials10train_r100test_r100AllTrue,trials10train_r100test_r100AllTrue
Basketball_temporal/2008,Basketball_coarse,DIGRAC,-0.6605064773559568,0.6888013482093811,1.349307825565338,-0.16512661933898928,0.1722003370523452,0.3373269563913345,-0.19406872093677519,0.6101373434066772,0.8042060643434524,-16.42606403827667,1.1636905670166016,17.589754605293273,trials10train_r100test_r100AllTrue,K20dropout50ratio_coe100margin_coe0withdistFiedler5sigma100alpha100hid32lr10useSpringRanktrials10train_r100test_r100AllTrue
Basketball_temporal/2008,Basketball_coarse,ib,-0.48795160412788396,0.6888013482093811,1.176752952337265,-0.5282667410373689,0.1722003370523452,0.7004670780897141,-0.3181745827198027,0.6101373434066772,0.92831192612648,-6.791315174102783,1.1636905670166016,7.955005741119384,trials10train_r100test_r100AllTrue,K20dropout50ratio_coe100margin_coe0withdistFiedler5sigma100alpha100hid32lr10useSpringRanktrials10train_r100test_r100AllTrue
Basketball_temporal/2009,Basketball_coarse,SpringRank,-0.13203883171081543,0.6457697749137878,0.7778086066246033,-0.033009707927703885,0.1614424437284469,0.1944521516561508,-0.10551315546035767,0.5898038744926453,0.6953170299530029,1.1935758352279666,1.2531939506530765,0.0596181154251098,trials10train_r100test_r100AllTrue,trials10train_r100test_r100AllTrue
Basketball_temporal/2009,Basketball_coarse,davidScore,-0.11761438846588135,0.6457697749137878,0.7633841633796692,-0.029403597116470392,0.1614424437284469,0.1908460408449173,-0.060084760189056396,0.5898038744926453,0.6498886346817017,1.2498881816864016,1.2531939506530765,0.0033057689666748,trials10train_r100test_r100AllTrue,trials10train_r100test_r100AllTrue
Basketball_temporal/2009,Basketball_coarse,SVD_NRS,-0.23633843660354614,0.6457697749137878,0.882108211517334,-0.05908460915088659,0.1614424437284469,0.2205270528793335,-0.06743729114532471,0.5898038744926453,0.65724116563797,1.2472942829132083,1.2531939506530765,0.0058996677398681,trials10train_r100test_r100AllTrue,trials10train_r100test_r100AllTrue
Basketball_temporal/2009,Basketball_coarse,btl,-0.29747571349143975,0.6457697749137878,0.9432454884052276,-0.07436892837286,0.1614424437284469,0.2358113721013069,0.023406910896301314,0.5898038744926453,0.566396963596344,1.2175341129302981,1.2531939506530765,0.0356598377227783,trials10train_r100test_r100AllTrue,trials10train_r100test_r100AllTrue
Basketball_temporal/2009,Basketball_coarse,PageRank,-0.20970875024795532,0.6457697749137878,0.8554785251617432,-0.052427187561988886,0.1614424437284469,0.2138696312904358,0.02701270580291748,0.5898038744926453,0.5627911686897278,1.250746583938599,1.2531939506530765,0.0024473667144775,trials10train_r100test_r100AllTrue,trials10train_r100test_r100AllTrue
Basketball_temporal/2009,Basketball_coarse,syncRank,-1.0918169617652893,0.6457697749137878,1.7375867366790771,-0.2729542404413224,0.1614424437284469,0.4343966841697693,-0.3057323098182678,0.5898038744926453,0.8955361843109131,0.8029442548751834,1.2531939506530765,0.4502496957778931,trials10train_r100test_r100AllTrue,trials10train_r100test_r100AllTrue
Basketball_temporal/2009,Basketball_coarse,rankCentrality,-1.241608917713165,0.6457697749137878,1.887378692626953,-0.3104022294282914,0.1614424437284469,0.4718446731567383,-0.6542652249336243,0.5898038744926453,1.2440690994262695,1.231433963775635,1.2531939506530765,0.0217599868774414,trials10train_r100test_r100AllTrue,trials10train_r100test_r100AllTrue
Basketball_temporal/2009,Basketball_coarse,serialRank,-1.379195511341095,0.6457697749137878,2.024965286254883,-0.3447988778352738,0.1614424437284469,0.5062413215637207,-0.3096631586551666,0.5898038744926453,0.8994670331478118,1.241933131217957,1.2531939506530765,0.0112608194351196,trials10train_r100test_r100AllTrue,trials10train_r100test_r100AllTrue
Basketball_temporal/2009,Basketball_coarse,DIGRAC,-0.1874285554885864,0.6457697749137878,0.8331983304023742,-0.0468571388721466,0.1614424437284469,0.2082995826005935,-0.20042264103889462,0.5898038744926453,0.7902265155315399,-15.980255126953127,1.2531939506530765,17.233449077606203,trials10train_r100test_r100AllTrue,K20dropout50ratio_coe100margin_coe0withdistFiedler5sigma100alpha100hid32lr10useSpringRanktrials10train_r100test_r100AllTrue
Basketball_temporal/2009,Basketball_coarse,ib,-0.5818252265453339,0.6457697749137878,1.2275950014591217,-0.5089264911413194,0.1614424437284469,0.6703689348697662,-0.3300941908359527,0.5898038744926453,0.919898065328598,-7.460369729995727,1.2531939506530765,8.713563680648804,trials10train_r100test_r100AllTrue,K20dropout50ratio_coe100margin_coe0withdistFiedler5sigma100alpha100hid32lr10useSpringRanktrials10train_r100test_r100AllTrue
Basketball_temporal/2010,Basketball_coarse,SpringRank,-0.13694876432418823,0.6507806181907654,0.7877293825149536,-0.034237191081047114,0.1626951545476913,0.1969323456287384,-0.13492465019226074,0.6041992902755737,0.7391239404678345,1.1001933097839358,1.1581235885620118,0.0579302787780761,trials10train_r100test_r100AllTrue,trials10train_r100test_r100AllTrue
Basketball_temporal/2010,Basketball_coarse,davidScore,-0.12380170822143555,0.6507806181907654,0.7745823264122009,-0.030950427055358914,0.1626951545476913,0.1936455816030502,-0.053027987480163574,0.6041992902755737,0.6572272777557373,1.1548743009567262,1.1581235885620118,0.0032492876052856,trials10train_r100test_r100AllTrue,trials10train_r100test_r100AllTrue
Basketball_temporal/2010,Basketball_coarse,SVD_NRS,-0.2552725076675414,0.6507806181907654,0.9060531258583068,-0.0638181269168854,0.1626951545476913,0.2265132814645767,-0.0696558952331543,0.6041992902755737,0.673855185508728,1.1520157337188721,1.1581235885620118,0.0061078548431396,trials10train_r100test_r100AllTrue,trials10train_r100test_r100AllTrue
Basketball_temporal/2010,Basketball_coarse,btl,-0.1985209465026856,0.6507806181907654,0.849301564693451,-0.0496302366256714,0.1626951545476913,0.2123253911733627,0.08167657554149632,0.6041992902755737,0.5225227147340774,0.5220058679580689,1.1581235885620118,0.6361177206039429,trials10train_r100test_r100AllTrue,trials10train_r100test_r100AllTrue
Basketball_temporal/2010,Basketball_coarse,PageRank,-0.2552725076675414,0.6507806181907654,0.9060531258583068,-0.0638181269168854,0.1626951545476913,0.2265132814645767,0.028626680374145508,0.6041992902755737,0.5755726099014282,1.1559571981430055,1.1581235885620118,0.0021663904190063,trials10train_r100test_r100AllTrue,trials10train_r100test_r100AllTrue
Basketball_temporal/2010,Basketball_coarse,syncRank,-0.8972883820533752,0.6507806181907654,1.5480690002441406,-0.2243220955133438,0.1626951545476913,0.3870172500610351,-0.30444014072418224,0.6041992902755737,0.908639430999756,0.7113987922668459,1.1581235885620118,0.446724796295166,trials10train_r100test_r100AllTrue,trials10train_r100test_r100AllTrue
Basketball_temporal/2010,Basketball_coarse,rankCentrality,-1.3804436326026917,0.6507806181907654,2.031224250793457,-0.34511090815067297,0.1626951545476913,0.5078060626983643,-0.7420405149459839,0.6041992902755737,1.3462398052215576,1.1371850252151492,1.1581235885620118,0.0209385633468627,trials10train_r100test_r100AllTrue,trials10train_r100test_r100AllTrue
Basketball_temporal/2010,Basketball_coarse,serialRank,-1.323473036289215,0.6507806181907654,1.9742536544799805,-0.3308682590723038,0.1626951545476913,0.4935634136199951,-0.3086913228034973,0.6041992902755737,0.912890613079071,1.1475466012954714,1.1581235885620118,0.0105769872665405,trials10train_r100test_r100AllTrue,trials10train_r100test_r100AllTrue
Basketball_temporal/2010,Basketball_coarse,DIGRAC,-0.3230457305908202,0.6507806181907654,0.9738263487815856,-0.0807614326477051,0.1626951545476913,0.2434565871953964,-0.19998872935771939,0.6041992902755737,0.8041880196332931,-16.775341010093687,1.1581235885620118,17.9334645986557,trials10train_r100test_r100AllTrue,K20dropout50ratio_coe100margin_coe0withdistFiedler5sigma100alpha100hid32lr10useSpringRanktrials10train_r100test_r100AllTrue
Basketball_temporal/2010,Basketball_coarse,ib,-0.6494658863544465,0.6507806181907654,1.3002465045452118,-0.4027608841657639,0.1626951545476913,0.5654560387134552,-0.33569812297821044,0.6041992902755737,0.9398974132537842,-7.956726813316344,1.1581235885620118,9.114850401878355,trials10train_r100test_r100AllTrue,K20dropout50ratio_coe100margin_coe0withdistFiedler5sigma100alpha100hid32lr10useSpringRanktrials10train_r100test_r100AllTrue
Basketball_temporal/2011,Basketball_coarse,SpringRank,-0.13318532705307007,0.6759156584739685,0.8091009855270386,-0.03329633176326749,0.1689789146184921,0.2022752463817596,-0.12384897470474243,0.6055998802185059,0.7294488549232483,1.088389277458191,1.148339080810547,0.0599498033523559,trials10train_r100test_r100AllTrue,trials10train_r100test_r100AllTrue
Basketball_temporal/2011,Basketball_coarse,davidScore,-0.10987788438796997,0.6759156584739685,0.7857935428619385,-0.027469471096992493,0.1689789146184921,0.1964483857154846,-0.05439567565917969,0.6055998802185059,0.6599955558776855,1.1451259851455688,1.148339080810547,0.003213095664978,trials10train_r100test_r100AllTrue,trials10train_r100test_r100AllTrue
Basketball_temporal/2011,Basketball_coarse,SVD_NRS,-0.19644838571548462,0.6759156584739685,0.8723640441894531,-0.0491120964288711,0.1689789146184921,0.2180910110473632,-0.07729166746139526,0.6055998802185059,0.6828915476799011,1.1425300121307373,1.148339080810547,0.0058090686798095,trials10train_r100test_r100AllTrue,trials10train_r100test_r100AllTrue
Basketball_temporal/2011,Basketball_coarse,btl,-0.17413983345031736,0.6759156584739685,0.8500554919242859,-0.04353495836257931,0.1689789146184921,0.2125138729810714,0.08223094940185549,0.6055998802185059,0.5233689308166504,0.4499598026275635,1.148339080810547,0.6983792781829834,trials10train_r100test_r100AllTrue,trials10train_r100test_r100AllTrue
Basketball_temporal/2011,Basketball_coarse,PageRank,-0.21753603219985962,0.6759156584739685,0.8934516906738281,-0.054384008049964905,0.1689789146184921,0.223362922668457,0.025874555110931396,0.6055998802185059,0.5797253251075745,1.1460079669952392,1.148339080810547,0.0023311138153076,trials10train_r100test_r100AllTrue,trials10train_r100test_r100AllTrue
Basketball_temporal/2011,Basketball_coarse,syncRank,-0.958934485912323,0.6759156584739685,1.6348501443862915,-0.23973362147808078,0.1689789146184921,0.4087125360965729,-0.29359036684036255,0.6055998802185059,0.8991902470588684,0.703144383430481,1.148339080810547,0.4451946973800659,trials10train_r100test_r100AllTrue,trials10train_r100test_r100AllTrue
Basketball_temporal/2011,Basketball_coarse,rankCentrality,-1.35294109582901,0.6759156584739685,2.0288567543029785,-0.3382352739572525,0.1689789146184921,0.5072141885757446,-0.7302601337432861,0.6055998802185059,1.335860013961792,1.1278349876403808,1.148339080810547,0.020504093170166,trials10train_r100test_r100AllTrue,trials10train_r100test_r100AllTrue
Basketball_temporal/2011,Basketball_coarse,serialRank,-1.28745836019516,0.6759156584739685,1.9633740186691284,-0.32186459004879,0.1689789146184921,0.4908435046672821,-0.29731944799423216,0.6055998802185059,0.902919328212738,1.1371943712234498,1.148339080810547,0.0111447095870971,trials10train_r100test_r100AllTrue,trials10train_r100test_r100AllTrue
Basketball_temporal/2011,Basketball_coarse,DIGRAC,-0.38064371943473807,0.6759156584739685,1.0565593779087066,-0.09516092985868449,0.1689789146184921,0.2641398444771766,-0.1899940609931946,0.6055998802185059,0.7955939412117005,-16.86915135383606,1.148339080810547,18.017490434646607,trials10train_r100test_r100AllTrue,K20dropout50ratio_coe100margin_coe0withdistFiedler5sigma100alpha100hid32lr10useSpringRanktrials10train_r100test_r100AllTrue
Basketball_temporal/2011,Basketball_coarse,ib,-0.5157602512836457,0.6759156584739685,1.1916759097576142,-0.49589899778366087,0.1689789146184921,0.664877912402153,-0.33049632906913773,0.6055998802185059,0.9360962092876436,-7.23213028907776,1.148339080810547,8.380469369888306,trials10train_r100test_r100AllTrue,K20dropout50ratio_coe100margin_coe0withdistFiedler5sigma100alpha100hid32lr10useSpringRanktrials10train_r100test_r100AllTrue
Basketball_temporal/2012,Basketball_coarse,SpringRank,-0.12881916761398315,0.6275805234909058,0.7563996911048889,-0.03220479190349579,0.1568951308727264,0.1890999227762222,-0.14160162210464478,0.5910798907279968,0.7326815128326416,1.0803112268447876,1.1406909227371216,0.0603796958923339,trials10train_r100test_r100AllTrue,trials10train_r100test_r100AllTrue
Basketball_temporal/2012,Basketball_coarse,davidScore,-0.13762730360031128,0.6275805234909058,0.765207827091217,-0.03440682590007779,0.1568951308727264,0.1913019567728042,-0.052299678325653076,0.5910798907279968,0.6433795690536499,1.137424421310425,1.1406909227371216,0.0032665014266967,trials10train_r100test_r100AllTrue,trials10train_r100test_r100AllTrue
Basketball_temporal/2012,Basketball_coarse,SVD_NRS,-0.22570878267288208,0.6275805234909058,0.8532893061637878,-0.05642719566822049,0.1568951308727264,0.2133223265409469,-0.0524364709854126,0.5910798907279968,0.6435163617134094,1.1348074913024904,1.1406909227371216,0.0058834314346313,trials10train_r100test_r100AllTrue,trials10train_r100test_r100AllTrue
Basketball_temporal/2012,Basketball_coarse,btl,-0.2556564748287201,0.6275805234909058,0.8832369983196259,-0.06391411870718,0.1568951308727264,0.2208092495799064,0.05216439664363859,0.5910798907279968,0.5389154940843582,0.8545781373977661,1.1406909227371216,0.2861127853393554,trials10train_r100test_r100AllTrue,trials10train_r100test_r100AllTrue
Basketball_temporal/2012,Basketball_coarse,PageRank,-0.20809245109558105,0.6275805234909058,0.8356729745864868,-0.05202311277389529,0.1568951308727264,0.2089182436466217,0.029260337352752686,0.5910798907279968,0.5618195533752441,1.138736391067505,1.1406909227371216,0.0019545316696166,trials10train_r100test_r100AllTrue,trials10train_r100test_r100AllTrue
Basketball_temporal/2012,Basketball_coarse,syncRank,-1.1791907548904423,0.6275805234909058,1.806771278381348,-0.2947976887226105,0.1568951308727264,0.4516928195953369,-0.3111402988433838,0.5910798907279968,0.9022201895713806,0.694484806060791,1.1406909227371216,0.4462061166763306,trials10train_r100test_r100AllTrue,trials10train_r100test_r100AllTrue
Basketball_temporal/2012,Basketball_coarse,rankCentrality,-1.3300303220748901,0.6275805234909058,1.957610845565796,-0.33250758051872253,0.1568951308727264,0.489402711391449,-0.8292719721794128,0.5910798907279968,1.4203518629074097,1.1184836626052856,1.1406909227371216,0.0222072601318359,trials10train_r100test_r100AllTrue,trials10train_r100test_r100AllTrue
Basketball_temporal/2012,Basketball_coarse,serialRank,-1.3465455770492551,0.6275805234909058,1.974126100540161,-0.33663639426231384,0.1568951308727264,0.4935315251350403,-0.314564037322998,0.5910798907279968,0.9056439280509948,1.12940571308136,1.1406909227371216,0.0112852096557617,trials10train_r100test_r100AllTrue,trials10train_r100test_r100AllTrue
Basketball_temporal/2012,Basketball_coarse,DIGRAC,-0.43516651153564445,0.6275805234909058,1.0627470350265502,-0.10879162788391109,0.1568951308727264,0.2656867587566375,-0.2095692551136017,0.5910798907279968,0.8006491458415985,-16.60377879142761,1.1406909227371216,17.744469714164733,trials10train_r100test_r100AllTrue,K20dropout50ratio_coe100margin_coe0withdistFiedler5sigma100alpha100hid32lr10useSpringRanktrials10train_r100test_r100AllTrue
Basketball_temporal/2012,Basketball_coarse,ib,-0.5703165364265443,0.6275805234909058,1.19789705991745,-0.5193669080734253,0.1568951308727264,0.6762620389461518,-0.34450835585594175,0.5910798907279968,0.9355882465839386,-6.949021673202514,1.1406909227371216,8.089712595939636,trials10train_r100test_r100AllTrue,K20dropout50ratio_coe100margin_coe0withdistFiedler5sigma100alpha100hid32lr10useSpringRanktrials10train_r100test_r100AllTrue
Basketball_temporal/2013,Basketball_coarse,SpringRank,-0.14227086305618286,0.658823549747467,0.8010944128036499,-0.03556771576404569,0.1647058874368667,0.2002736032009124,-0.12784814834594727,0.6142719984054565,0.7421201467514038,1.1215839147567748,1.1796931266784667,0.0581092119216919,trials10train_r100test_r100AllTrue,trials10train_r100test_r100AllTrue
Basketball_temporal/2013,Basketball_coarse,davidScore,-0.13898766040802002,0.658823549747467,0.7978112101554871,-0.034746915102005005,0.1647058874368667,0.1994528025388717,-0.05640053749084473,0.6142719984054565,0.6706725358963013,1.1764577388763426,1.1796931266784667,0.003235387802124,trials10train_r100test_r100AllTrue,trials10train_r100test_r100AllTrue
Basketball_temporal/2013,Basketball_coarse,SVD_NRS,-0.24404925107955933,0.658823549747467,0.9028728008270264,-0.06101231276988989,0.1647058874368667,0.2257182002067566,-0.08727765083312988,0.6142719984054565,0.7015496492385864,1.173869514465332,1.1796931266784667,0.0058236122131347,trials10train_r100test_r100AllTrue,trials10train_r100test_r100AllTrue
Basketball_temporal/2013,Basketball_coarse,btl,-0.29264019727706914,0.658823549747467,0.9514637470245362,-0.07316004931926728,0.1647058874368667,0.237865936756134,0.03600650131702421,0.6142719984054565,0.5782654970884323,1.0255165100097656,1.1796931266784667,0.1541766166687011,trials10train_r100test_r100AllTrue,trials10train_r100test_r100AllTrue
Basketball_temporal/2013,Basketball_coarse,PageRank,-0.2155950665473938,0.658823549747467,0.8744186162948608,-0.053898766636848505,0.1647058874368667,0.2186046540737152,0.025527536869049072,0.6142719984054565,0.5887444615364075,1.1778163194656373,1.1796931266784667,0.0018768072128295,trials10train_r100test_r100AllTrue,trials10train_r100test_r100AllTrue
Basketball_temporal/2013,Basketball_coarse,syncRank,-1.0549930930137634,0.658823549747467,1.7138166427612305,-0.2637482732534409,0.1647058874368667,0.4284541606903076,-0.2868008017539978,0.6142719984054565,0.9010728001594543,0.7294212102890014,1.1796931266784667,0.4502719163894653,trials10train_r100test_r100AllTrue,trials10train_r100test_r100AllTrue
Basketball_temporal/2013,Basketball_coarse,rankCentrality,-1.2957592606544495,0.658823549747467,1.9545828104019165,-0.3239398151636124,0.1647058874368667,0.4886457026004791,-0.7277932167053223,0.6142719984054565,1.3420652151107788,1.1590001344680787,1.1796931266784667,0.0206929922103881,trials10train_r100test_r100AllTrue,trials10train_r100test_r100AllTrue
Basketball_temporal/2013,Basketball_coarse,serialRank,-1.379261243343353,0.658823549747467,2.03808479309082,-0.34481531083583833,0.1647058874368667,0.509521198272705,-0.291270864009857,0.6142719984054565,0.9055428624153136,1.1682597637176513,1.1796931266784667,0.0114333629608154,trials10train_r100test_r100AllTrue,trials10train_r100test_r100AllTrue
Basketball_temporal/2013,Basketball_coarse,DIGRAC,-0.5514418399333954,0.658823549747467,1.2102653896808624,-0.1378604599833489,0.1647058874368667,0.3025663474202156,-0.19372083663940431,0.6142719984054565,0.8079928350448609,-16.72076141834259,1.1796931266784667,17.900454545021056,trials10train_r100test_r100AllTrue,K20dropout50ratio_coe100margin_coe0withdistFiedler5sigma100alpha100hid32lr10useSpringRanktrials10train_r100test_r100AllTrue
Basketball_temporal/2013,Basketball_coarse,ib,-0.6359999811649322,0.658823549747467,1.2948235309123992,-0.45452256739139557,0.1647058874368667,0.6192284548282623,-0.34360114932060226,0.6142719984054565,0.9578731477260588,-7.655623817443848,1.1796931266784667,8.835316944122315,trials10train_r100test_r100AllTrue,K20dropout50ratio_coe100margin_coe0withdistFiedler5sigma100alpha100hid32lr10useSpringRanktrials10train_r100test_r100AllTrue
Basketball_temporal/2014,Basketball_coarse,SpringRank,-0.1262584924697876,0.6780952215194702,0.8043537139892578,-0.0315646231174469,0.1695238053798675,0.2010884284973144,-0.1126089096069336,0.6072635650634766,0.7198724746704102,1.1670672416687011,1.2315530061721802,0.064485764503479,trials10train_r100test_r100AllTrue,trials10train_r100test_r100AllTrue
Basketball_temporal/2014,Basketball_coarse,davidScore,-0.1164625883102417,0.6780952215194702,0.7945578098297119,-0.029115647077560397,0.1695238053798675,0.1986394524574279,-0.05669885873794556,0.6072635650634766,0.6639624238014221,1.2283070802688598,1.2315530061721802,0.0032459259033203,trials10train_r100test_r100AllTrue,trials10train_r100test_r100AllTrue
Basketball_temporal/2014,Basketball_coarse,SVD_NRS,-0.18721091747283936,0.6780952215194702,0.8653061389923096,-0.046802729368209894,0.1695238053798675,0.2163265347480774,-0.06231135129928589,0.6072635650634766,0.6695749163627625,1.2254799127578737,1.2315530061721802,0.0060730934143066,trials10train_r100test_r100AllTrue,trials10train_r100test_r100AllTrue
Basketball_temporal/2014,Basketball_coarse,btl,-0.18993197679519658,0.6780952215194702,0.8680271983146668,-0.0474829941987992,0.1695238053798675,0.2170067995786667,0.09042951464653015,0.6072635650634766,0.5168340504169464,0.160219168663025,1.2315530061721802,1.0713338375091552,trials10train_r100test_r100AllTrue,trials10train_r100test_r100AllTrue
Basketball_temporal/2014,Basketball_coarse,PageRank,-0.23183673620224,0.6780952215194702,0.9099319577217102,-0.05795918405056,0.1695238053798675,0.2274829894304275,0.029829442501068115,0.6072635650634766,0.5774341225624084,1.2293928146362305,1.2315530061721802,0.0021601915359497,trials10train_r100test_r100AllTrue,trials10train_r100test_r100AllTrue
Basketball_temporal/2014,Basketball_coarse,syncRank,-1.0383673906326294,0.6780952215194702,1.7164626121520996,-0.2595918476581574,0.1695238053798675,0.4291156530380249,-0.287760853767395,0.6072635650634766,0.8950244188308716,0.7722479820251467,1.2315530061721802,0.4593050241470336,trials10train_r100test_r100AllTrue,trials10train_r100test_r100AllTrue
Basketball_temporal/2014,Basketball_coarse,rankCentrality,-1.2571429014205935,0.6780952215194702,1.9352381229400637,-0.3142857253551483,0.1695238053798675,0.4838095307350158,-0.8002749681472778,0.6072635650634766,1.4075385332107544,1.206274700164795,1.2315530061721802,0.0252783060073852,trials10train_r100test_r100AllTrue,trials10train_r100test_r100AllTrue
Basketball_temporal/2014,Basketball_coarse,serialRank,-1.3844898939132695,0.6780952215194702,2.0625851154327397,-0.3461224734783173,0.1695238053798675,0.5156462788581848,-0.2906356692314148,0.6072635650634766,0.8978992342948914,1.220030450820923,1.2315530061721802,0.0115225553512573,trials10train_r100test_r100AllTrue,trials10train_r100test_r100AllTrue
Basketball_temporal/2014,Basketball_coarse,DIGRAC,-0.2956027376651764,0.6780952215194702,0.9736979591846466,-0.07390476554632192,0.1695238053798675,0.2434285709261894,-0.19159191131591802,0.6072635650634766,0.7988554763793946,-16.85139527320862,1.2315530061721802,18.0829482793808,trials10train_r100test_r100AllTrue,K20dropout50ratio_coe100margin_coe0withdistFiedler5sigma100alpha100hid32lr10useSpringRanktrials10train_r100test_r100AllTrue
Basketball_temporal/2014,Basketball_coarse,ib,-0.47767075777053836,0.6780952215194702,1.1557659792900086,-0.544054423570633,0.1695238053798675,0.7135782289505005,-0.31703990459442144,0.6072635650634766,0.924303469657898,-9.169445824623107,1.2315530061721802,10.400998830795288,trials10train_r100test_r100AllTrue,K20dropout50ratio_coe100margin_coe0withdistFiedler5sigma100alpha100hid32lr10useSpringRanktrials10train_r100test_r100AllTrue
Basketball_temporal/finer1985,Basketball_finer,SpringRank,0.49811315536499023,1.254507303237915,0.7563941478729248,0.1245282888412475,0.3136268258094787,0.1890985369682312,0.1327389925718307,0.1377915292978286,0.0050525367259979,2.743009090423584,2.8004301309585573,0.0574210405349731,trials10train_r100test_r100AllTrue,trials10train_r100test_r100AllTrue
Basketball_temporal/finer1985,Basketball_finer,davidScore,0.4276729226112366,1.254507303237915,0.8268343806266785,0.10691823065280912,0.3136268258094787,0.2067085951566696,-0.3277077227830887,0.1377915292978286,0.4654992520809173,2.7977853536605837,2.8004301309585573,0.0026447772979736,trials10train_r100test_r100AllTrue,trials10train_r100test_r100AllTrue
Basketball_temporal/finer1985,Basketball_finer,SVD_NRS,0.38909852504730225,1.254507303237915,0.8654087781906128,0.0972746312618255,0.3136268258094787,0.2163521945476532,-0.3244835287332535,0.1377915292978286,0.4622750580310821,2.794881796836853,2.8004301309585573,0.0055483341217041,trials10train_r100test_r100AllTrue,trials10train_r100test_r100AllTrue
Basketball_temporal/finer1985,Basketball_finer,btl,-0.20461218357086186,1.254507303237915,1.459119486808777,-0.05115304589271552,0.3136268258094787,0.3647798717021942,0.125608143210411,0.1377915292978286,0.0121833860874176,2.759774136543274,2.8004301309585573,0.0406559944152832,trials10train_r100test_r100AllTrue,trials10train_r100test_r100AllTrue
Basketball_temporal/finer1985,Basketball_finer,PageRank,0.09224319458007812,1.254507303237915,1.162264108657837,0.02306079864501953,0.3136268258094787,0.2905660271644592,0.1312103345990181,0.1377915292978286,0.0065811946988105,2.798960542678833,2.8004301309585573,0.0014695882797241,trials10train_r100test_r100AllTrue,trials10train_r100test_r100AllTrue
Basketball_temporal/finer1985,Basketball_finer,syncRank,-0.37903571128845215,1.254507303237915,1.6335430145263672,-0.09475892782211309,0.3136268258094787,0.4083857536315918,0.1288178702816367,0.1377915292978286,0.0089736590161919,2.435036683082581,2.8004301309585573,0.3653934478759765,trials10train_r100test_r100AllTrue,trials10train_r100test_r100AllTrue
Basketball_temporal/finer1985,Basketball_finer,rankCentrality,-0.6715723276138306,1.254507303237915,1.9260796308517456,-0.20088050067424784,0.3136268258094787,0.5145073264837265,-0.4272763580083848,0.1377915292978286,0.5650678873062134,2.780595135688782,2.8004301309585573,0.0198349952697753,trials10train_r100test_r100AllTrue,trials10train_r100test_r100AllTrue
Basketball_temporal/finer1985,Basketball_finer,serialRank,-0.7667924880981452,1.254507303237915,2.02129979133606,-0.19169812202453623,0.3136268258094787,0.5053249478340149,0.1267056906595826,0.1377915292978286,0.011085838638246,2.793813252449036,2.8004301309585573,0.0066168785095214,trials10train_r100test_r100AllTrue,trials10train_r100test_r100AllTrue
Basketball_temporal/finer1985,Basketball_finer,DIGRAC,0.3126456701755522,1.254507303237915,0.9418616330623628,0.07815512806177141,0.3136268258094787,0.2354716977477073,0.13191601396538308,0.1377915292978286,0.0058755153324455,-13.263401532173159,2.8004301309585573,16.063831663131715,trials10train_r100test_r100AllTrue,K20dropout50ratio_coe100margin_coe0withdistFiedler5sigma100alpha100hid32lr10useSpringRanktrials10train_r100test_r100AllTrue
Basketball_temporal/finer1985,Basketball_finer,ib,-0.022876341342926043,1.254507303237915,1.277383644580841,-0.3214926749467851,0.3136268258094787,0.6351195007562638,0.06053934558294709,0.1377915292978286,0.0772521837148815,-25.148123025894165,2.8004301309585573,27.94855315685272,trials10train_r100test_r100AllTrue,K20dropout50ratio_coe100margin_coe0withdistFiedler5sigma100alpha100hid32lr10useSpringRanktrials10train_r100test_r100AllTrue
Basketball_temporal/finer1986,Basketball_finer,SpringRank,0.3212651014328003,1.0919684171676636,0.7707033157348633,0.0803162753582001,0.2729921042919159,0.1926758289337158,0.1237678444012999,0.1295891255140304,0.0058212811127305,2.797014403343201,2.860641670227051,0.06362726688385,trials10train_r100test_r100AllTrue,trials10train_r100test_r100AllTrue
Basketball_temporal/finer1986,Basketball_finer,davidScore,0.2530171275138855,1.0919684171676636,0.8389512896537781,0.0632542818784714,0.2729921042919159,0.2097378224134445,-0.3631227165460587,0.1295891255140304,0.4927118420600891,2.8579981565475467,2.860641670227051,0.0026435136795043,trials10train_r100test_r100AllTrue,trials10train_r100test_r100AllTrue
Basketball_temporal/finer1986,Basketball_finer,SVD_NRS,0.2363712191581726,1.0919684171676636,0.855597198009491,0.05909280478954321,0.2729921042919159,0.2138992995023727,-0.3581862300634384,0.1295891255140304,0.4877753555774688,2.8555050611495973,2.860641670227051,0.0051366090774536,trials10train_r100test_r100AllTrue,trials10train_r100test_r100AllTrue
Basketball_temporal/finer1986,Basketball_finer,btl,-0.33191838264465323,1.0919684171676636,1.4238867998123168,-0.08297959566116331,0.2729921042919159,0.3559716999530792,0.1168546308763325,0.1295891255140304,0.0127344946376979,2.8205092906951905,2.860641670227051,0.0401323795318603,trials10train_r100test_r100AllTrue,trials10train_r100test_r100AllTrue
Basketball_temporal/finer1986,Basketball_finer,PageRank,-0.05659592151641846,1.0919684171676636,1.148564338684082,-0.014148980379104614,0.2729921042919159,0.2871410846710205,0.1225269944407046,0.1295891255140304,0.0070621310733258,2.8590688467025758,2.860641670227051,0.001572823524475,trials10train_r100test_r100AllTrue,trials10train_r100test_r100AllTrue
Basketball_temporal/finer1986,Basketball_finer,syncRank,-0.7157719135284424,1.0919684171676636,1.807740330696106,-0.1789429783821106,0.2729921042919159,0.4519350826740265,0.1196225648745894,0.1295891255140304,0.009966560639441,2.494437098503113,2.860641670227051,0.366204571723938,trials10train_r100test_r100AllTrue,trials10train_r100test_r100AllTrue
Basketball_temporal/finer1986,Basketball_finer,rankCentrality,-0.895547151565552,1.0919684171676636,1.9875155687332156,-0.22388678789138788,0.2729921042919159,0.4968788921833038,-0.4656356722116471,0.1295891255140304,0.5952247977256775,2.8421475648880006,2.860641670227051,0.0184941053390502,trials10train_r100test_r100AllTrue,trials10train_r100test_r100AllTrue
Basketball_temporal/finer1986,Basketball_finer,serialRank,-0.8972117900848389,1.0919684171676636,1.9891802072525024,-0.22430294752120972,0.2729921042919159,0.4972950518131256,0.1189093982800841,0.1295891255140304,0.0106797272339463,2.853955674171448,2.860641670227051,0.006685996055603,trials10train_r100test_r100AllTrue,trials10train_r100test_r100AllTrue
Basketball_temporal/finer1986,Basketball_finer,DIGRAC,0.03642118215560908,1.0919684171676636,1.0555472350120545,0.00910529553890227,0.2729921042919159,0.2638868087530136,0.12296857452951371,0.1295891255140304,0.0066205509845167,-13.683623576164248,2.860641670227051,16.544265246391298,trials10train_r100test_r100AllTrue,K20dropout50ratio_coe100margin_coe0withdistFiedler5sigma100alpha100hid32lr10useSpringRanktrials10train_r100test_r100AllTrue
Basketball_temporal/finer1986,Basketball_finer,ib,-0.3377277958393097,1.0919684171676636,1.4296962130069732,-0.29453182488679885,0.2729921042919159,0.5675239291787147,0.050636417232453795,0.1295891255140304,0.0789527082815766,-13.265929412841796,2.860641670227051,16.126571083068846,trials10train_r100test_r100AllTrue,K20dropout50ratio_coe100margin_coe0withdistFiedler5sigma100alpha100hid32lr10useSpringRanktrials10train_r100test_r100AllTrue
Basketball_temporal/finer1987,Basketball_finer,SpringRank,0.3887345790863037,1.2074573040008545,0.8187227249145508,0.09718364477157593,0.3018643260002136,0.2046806812286377,0.1384444385766983,0.1439057141542434,0.0054612755775451,3.068695902824402,3.126148986816406,0.0574530839920044,trials10train_r100test_r100AllTrue,trials10train_r100test_r100AllTrue
Basketball_temporal/finer1987,Basketball_finer,davidScore,0.3141610026359558,1.2074573040008545,0.8932963013648987,0.07854025065898904,0.3018643260002136,0.2233240753412246,-0.3639835566282273,0.1439057141542434,0.5078892707824707,3.123427820205688,3.126148986816406,0.0027211666107177,trials10train_r100test_r100AllTrue,trials10train_r100test_r100AllTrue
Basketball_temporal/finer1987,Basketball_finer,SVD_NRS,0.2967076301574707,1.2074573040008545,0.9107496738433838,0.07417690753936773,0.3018643260002136,0.2276874184608459,-0.3376442342996598,0.1439057141542434,0.4815499484539032,3.1201744079589844,3.126148986816406,0.0059745788574218,trials10train_r100test_r100AllTrue,trials10train_r100test_r100AllTrue
Basketball_temporal/finer1987,Basketball_finer,btl,-0.207219409942627,1.2074573040008545,1.4146767139434815,-0.05180485248565675,0.3018643260002136,0.3536691784858704,0.13220574837177992,0.1439057141542434,0.0116999657824635,3.0841725349426268,3.126148986816406,0.0419764518737793,trials10train_r100test_r100AllTrue,trials10train_r100test_r100AllTrue
Basketball_temporal/finer1987,Basketball_finer,PageRank,0.0015866756439208984,1.2074573040008545,1.2058706283569336,0.0003966689109802246,0.3018643260002136,0.3014676570892334,0.13718856032937762,0.1439057141542434,0.0067171538248658,3.124643921852112,3.126148986816406,0.0015050649642944,trials10train_r100test_r100AllTrue,trials10train_r100test_r100AllTrue
Basketball_temporal/finer1987,Basketball_finer,syncRank,-0.5854820013046265,1.2074573040008545,1.792939305305481,-0.14637050032615656,0.3018643260002136,0.4482348263263702,0.1351649863645434,0.1439057141542434,0.0087407277897,2.7377959728240966,3.126148986816406,0.3883530139923096,trials10train_r100test_r100AllTrue,trials10train_r100test_r100AllTrue
Basketball_temporal/finer1987,Basketball_finer,rankCentrality,-0.7393891811370852,1.2074573040008545,1.9468464851379397,-0.18484729528427118,0.3018643260002136,0.4867116212844848,-0.4362287968397141,0.1439057141542434,0.5801345109939575,3.10859694480896,3.126148986816406,0.0175520420074462,trials10train_r100test_r100AllTrue,trials10train_r100test_r100AllTrue
Basketball_temporal/finer1987,Basketball_finer,serialRank,-0.6664022207260134,1.2074573040008545,1.873859524726868,-0.1666005551815033,0.3018643260002136,0.4684648811817169,0.13416262567043302,0.1439057141542434,0.0097430884838104,3.1185850381851195,3.126148986816406,0.0075639486312866,trials10train_r100test_r100AllTrue,trials10train_r100test_r100AllTrue
Basketball_temporal/finer1987,Basketball_finer,DIGRAC,0.20737004518508906,1.2074573040008545,1.0000872588157654,0.05183656096458433,0.3018643260002136,0.2500277650356293,0.13797193359583612,0.1439057141542434,0.0059337805584073,-13.3874050617218,3.126148986816406,16.513554048538207,trials10train_r100test_r100AllTrue,K20dropout50ratio_coe100margin_coe0withdistFiedler5sigma100alpha100hid32lr10useSpringRanktrials10train_r100test_r100AllTrue
Basketball_temporal/finer1987,Basketball_finer,ib,-0.1267434012889863,1.2074573040008545,1.3342007052898408,-0.2793970781564713,0.3018643260002136,0.5812614041566849,0.05622370682656762,0.1439057141542434,0.0876820073276758,-14.227575516700742,3.126148986816406,17.35372450351715,trials10train_r100test_r100AllTrue,K20dropout50ratio_coe100margin_coe0withdistFiedler5sigma100alpha100hid32lr10useSpringRanktrials10train_r100test_r100AllTrue
Basketball_temporal/finer1988,Basketball_finer,SpringRank,0.3993735313415525,1.1746280193328855,0.775254487991333,0.09984338283538818,0.2936570048332214,0.1938136219978332,0.13254368351772428,0.1383392959833145,0.0057956124655902,3.141226053237915,3.198562812805176,0.0573367595672607,trials10train_r100test_r100AllTrue,trials10train_r100test_r100AllTrue
Basketball_temporal/finer1988,Basketball_finer,davidScore,0.3335943222045896,1.1746280193328855,0.8410336971282959,0.08339858055114749,0.2936570048332214,0.2102584242820739,-0.38080035150051117,0.1383392959833145,0.5191396474838257,3.1958445072174073,3.198562812805176,0.0027183055877685,trials10train_r100test_r100AllTrue,trials10train_r100test_r100AllTrue
Basketball_temporal/finer1988,Basketball_finer,SVD_NRS,0.34142518043518044,1.1746280193328855,0.8332028388977051,0.0853562951087952,0.2936570048332214,0.2083007097244262,-0.37789706885814667,0.1383392959833145,0.5162363648414612,3.193356966972351,3.198562812805176,0.0052058458328247,trials10train_r100test_r100AllTrue,trials10train_r100test_r100AllTrue
Basketball_temporal/finer1988,Basketball_finer,btl,-0.2588880419731143,1.1746280193328855,1.4335160613059998,-0.06472201049327853,0.2936570048332214,0.3583790153264999,0.1253209174610675,0.1383392959833145,0.013018378522247,3.156789565086365,3.198562812805176,0.041773247718811,trials10train_r100test_r100AllTrue,trials10train_r100test_r100AllTrue
Basketball_temporal/finer1988,Basketball_finer,PageRank,-0.01096320152282737,1.1746280193328855,1.185591220855713,-0.0027408003807068426,0.2936570048332214,0.2963978052139282,0.13073855731636289,0.1383392959833145,0.0076007386669516,3.1970855712890627,3.198562812805176,0.0014772415161132,trials10train_r100test_r100AllTrue,trials10train_r100test_r100AllTrue
Basketball_temporal/finer1988,Basketball_finer,syncRank,-0.6574784636497502,1.1746280193328855,1.8321064829826357,-0.16436961591243743,0.2936570048332214,0.4580266207456588,0.12183076804503798,0.1383392959833145,0.0165085279382765,2.810967803001404,3.198562812805176,0.387595009803772,trials10train_r100test_r100AllTrue,trials10train_r100test_r100AllTrue
Basketball_temporal/finer1988,Basketball_finer,rankCentrality,-0.7987470626831057,1.1746280193328855,1.9733750820159912,-0.19968676567077642,0.2936570048332214,0.4933437705039978,-0.4271858185529709,0.1383392959833145,0.5655251145362854,3.180157518386841,3.198562812805176,0.0184052944183349,trials10train_r100test_r100AllTrue,trials10train_r100test_r100AllTrue
Basketball_temporal/finer1988,Basketball_finer,serialRank,-0.7282693386077881,1.1746280193328855,1.9028973579406736,-0.18206733465194702,0.2936570048332214,0.4757243394851684,0.12743113283067947,0.1383392959833145,0.010908163152635,3.191168022155762,3.198562812805176,0.007394790649414,trials10train_r100test_r100AllTrue,trials10train_r100test_r100AllTrue
Basketball_temporal/finer1988,Basketball_finer,DIGRAC,0.22368048906326277,1.1746280193328855,0.9509475302696228,0.05592012226581569,0.2936570048332214,0.2377368825674057,0.13175692083314058,0.1383392959833145,0.0065823751501739,-14.054381847381592,3.198562812805176,17.252944660186767,trials10train_r100test_r100AllTrue,K20dropout50ratio_coe100margin_coe0withdistFiedler5sigma100alpha100hid32lr10useSpringRanktrials10train_r100test_r100AllTrue
Basketball_temporal/finer1988,Basketball_finer,ib,-0.22314018249511736,1.1746280193328855,1.3977682018280029,-0.2785826170444489,0.2936570048332214,0.5722396218776703,0.05141879893839359,0.1383392959833145,0.0869204970449209,-14.383253407478332,3.198562812805176,17.581816220283507,trials10train_r100test_r100AllTrue,K20dropout50ratio_coe100margin_coe0withdistFiedler5sigma100alpha100hid32lr10useSpringRanktrials10train_r100test_r100AllTrue
Basketball_temporal/finer1989,Basketball_finer,SpringRank,0.3888048529624939,1.1558245420455933,0.7670196890830994,0.0972012132406235,0.2889561355113983,0.1917549222707748,0.1242092591710388,0.1300163269042968,0.005807067733258,3.3257380008697512,3.3831441164016725,0.0574061155319213,trials10train_r100test_r100AllTrue,trials10train_r100test_r100AllTrue
Basketball_temporal/finer1989,Basketball_finer,davidScore,0.32829052209854126,1.1558245420455933,0.827534019947052,0.08207263052463531,0.2889561355113983,0.206883504986763,-0.3636915087699891,0.1300163269042968,0.4937078356742859,3.3803630113601684,3.3831441164016725,0.0027811050415039,trials10train_r100test_r100AllTrue,trials10train_r100test_r100AllTrue
Basketball_temporal/finer1989,Basketball_finer,SVD_NRS,0.2526475191116333,1.1558245420455933,0.90317702293396,0.06316187977790833,0.2889561355113983,0.22579425573349,-0.36262917518615734,0.1300163269042968,0.4926455020904541,3.377919721603394,3.3831441164016725,0.0052243947982788,trials10train_r100test_r100AllTrue,trials10train_r100test_r100AllTrue
Basketball_temporal/finer1989,Basketball_finer,btl,-0.2715582132339478,1.1558245420455933,1.427382755279541,-0.0678895533084869,0.2889561355113983,0.3568456888198852,0.11772947059944269,0.1300163269042968,0.0122868563048541,3.3409472703933716,3.3831441164016725,0.0421968460083007,trials10train_r100test_r100AllTrue,trials10train_r100test_r100AllTrue
Basketball_temporal/finer1989,Basketball_finer,PageRank,0.012102961540222168,1.1558245420455933,1.143721580505371,0.003025740385055542,0.2889561355113983,0.2859303951263428,0.12298668082803489,0.1300163269042968,0.0070296460762619,3.3815818071365356,3.3831441164016725,0.0015623092651367,trials10train_r100test_r100AllTrue,trials10train_r100test_r100AllTrue
Basketball_temporal/finer1989,Basketball_finer,syncRank,-0.5113464593887329,1.1558245420455933,1.6671710014343262,-0.12783661484718317,0.2889561355113983,0.4167927503585815,0.1202863026410341,0.1300163269042968,0.0097300242632627,2.9847628831863404,3.3831441164016725,0.398381233215332,trials10train_r100test_r100AllTrue,trials10train_r100test_r100AllTrue
Basketball_temporal/finer1989,Basketball_finer,rankCentrality,-0.7881996631622314,1.1558245420455933,1.9440242052078247,-0.19704991579055786,0.2889561355113983,0.4860060513019562,-0.42512410879135143,0.1300163269042968,0.5551404356956482,3.3663007736206056,3.3831441164016725,0.0168433427810668,trials10train_r100test_r100AllTrue,trials10train_r100test_r100AllTrue
Basketball_temporal/finer1989,Basketball_finer,serialRank,-0.7019666433334351,1.1558245420455933,1.8577911853790283,-0.17549166083335876,0.2889561355113983,0.4644477963447571,0.1194435581564903,0.1300163269042968,0.0105727687478065,3.375394988059998,3.3831441164016725,0.0077491283416748,trials10train_r100test_r100AllTrue,trials10train_r100test_r100AllTrue
Basketball_temporal/finer1989,Basketball_finer,DIGRAC,0.13482605576515216,1.1558245420455933,1.020998486280441,0.03370651394128804,0.2889561355113983,0.2552496215701103,0.1234768097940832,0.1300163269042968,0.0065395171102136,-13.871290993690492,3.3831441164016725,17.254435110092164,trials10train_r100test_r100AllTrue,K20dropout50ratio_coe100margin_coe0withdistFiedler5sigma100alpha100hid32lr10useSpringRanktrials10train_r100test_r100AllTrue
Basketball_temporal/finer1989,Basketball_finer,ib,-0.1377004253864289,1.1558245420455933,1.2935249674320222,-0.34926625460386274,0.2889561355113983,0.638222390115261,0.04348004961386319,0.1300163269042968,0.0865362772904336,-29.351539921760555,3.3831441164016725,32.73468403816223,trials10train_r100test_r100AllTrue,K20dropout50ratio_coe100margin_coe0withdistFiedler5sigma100alpha100hid32lr10useSpringRanktrials10train_r100test_r100AllTrue
Basketball_temporal/finer1990,Basketball_finer,SpringRank,0.36844098567962646,1.156662940979004,0.7882219552993774,0.09211024641990667,0.289165735244751,0.1970554888248443,0.1313608675263822,0.1370137333869934,0.0056528658606112,3.2960317373275756,3.411170148849487,0.1151384115219116,trials10train_r100test_r100AllTrue,trials10train_r100test_r100AllTrue
Basketball_temporal/finer1990,Basketball_finer,davidScore,0.3352208733558655,1.156662940979004,0.8214420676231384,0.08380521833896637,0.289165735244751,0.2053605169057846,-0.3515453040599823,0.1370137333869934,0.4885590374469757,3.408409595489502,3.411170148849487,0.0027605533599853,trials10train_r100test_r100AllTrue,trials10train_r100test_r100AllTrue
Basketball_temporal/finer1990,Basketball_finer,SVD_NRS,0.31559085845947266,1.156662940979004,0.8410720825195312,0.07889771461486816,0.289165735244751,0.2102680206298828,-0.3515368103981018,0.1370137333869934,0.4885505437850952,3.4060017108917235,3.411170148849487,0.0051684379577636,trials10train_r100test_r100AllTrue,trials10train_r100test_r100AllTrue
Basketball_temporal/finer1990,Basketball_finer,btl,-0.29384669065475455,1.156662940979004,1.4505096316337585,-0.07346167266368864,0.289165735244751,0.3626274079084396,0.12420450253412131,0.1370137333869934,0.0128092308528721,3.36910560131073,3.411170148849487,0.0420645475387573,trials10train_r100test_r100AllTrue,trials10train_r100test_r100AllTrue
Basketball_temporal/finer1990,Basketball_finer,PageRank,-0.016610026359558105,1.156662940979004,1.173272967338562,-0.004152506589889526,0.289165735244751,0.2933182418346405,0.1299771838821471,0.1370137333869934,0.0070365495048463,3.409717512130737,3.411170148849487,0.00145263671875,trials10train_r100test_r100AllTrue,trials10train_r100test_r100AllTrue
Basketball_temporal/finer1990,Basketball_finer,syncRank,-0.5149112939834595,1.156662940979004,1.6715742349624634,-0.1287278234958648,0.289165735244751,0.4178935587406158,0.12753366492688661,0.1370137333869934,0.0094800684601068,3.0141359090805055,3.411170148849487,0.3970342397689819,trials10train_r100test_r100AllTrue,trials10train_r100test_r100AllTrue
Basketball_temporal/finer1990,Basketball_finer,rankCentrality,-0.8274819850921631,1.156662940979004,1.984144926071167,-0.20687049627304072,0.289165735244751,0.4960362315177917,-0.411651074886322,0.1370137333869934,0.5486648082733154,3.394354009628296,3.411170148849487,0.0168161392211914,trials10train_r100test_r100AllTrue,trials10train_r100test_r100AllTrue
Basketball_temporal/finer1990,Basketball_finer,serialRank,-0.7685918807983401,1.156662940979004,1.925254821777344,-0.1921479701995849,0.289165735244751,0.4813137054443359,0.1266429875046015,0.1370137333869934,0.0103707458823919,3.403725337982178,3.411170148849487,0.0074448108673095,trials10train_r100test_r100AllTrue,trials10train_r100test_r100AllTrue
Basketball_temporal/finer1990,Basketball_finer,DIGRAC,0.17112121939659108,1.156662940979004,0.9855417215824128,0.04276331752538687,0.289165735244751,0.2464024177193641,0.1305706875771285,0.1370137333869934,0.0064430458098649,-14.279799485206604,3.411170148849487,17.690969634056092,trials10train_r100test_r100AllTrue,K20dropout50ratio_coe100margin_coe0withdistFiedler5sigma100alpha100hid32lr10useSpringRanktrials10train_r100test_r100AllTrue
Basketball_temporal/finer1990,Basketball_finer,ib,-0.12425816535949696,1.156662940979004,1.2809211063385009,-0.3616987425088882,0.289165735244751,0.6508644777536392,0.05527167264372111,0.1370137333869934,0.0817420607432723,-31.00777308940888,3.411170148849487,34.418943238258365,trials10train_r100test_r100AllTrue,K20dropout50ratio_coe100margin_coe0withdistFiedler5sigma100alpha100hid32lr10useSpringRanktrials10train_r100test_r100AllTrue
Basketball_temporal/finer1991,Basketball_finer,SpringRank,0.33308541774749756,1.1434943675994873,0.8104089498519897,0.08327135443687442,0.2858735918998718,0.2026022374629974,0.13598321564495558,0.142167717218399,0.0061845015734434,3.432602953910828,3.489010047912598,0.05640709400177,trials10train_r100test_r100AllTrue,trials10train_r100test_r100AllTrue
Basketball_temporal/finer1991,Basketball_finer,davidScore,0.30929362773895264,1.1434943675994873,0.8342007398605347,0.07732340693473821,0.2858735918998718,0.2085501849651336,-0.3479054570198059,0.142167717218399,0.4900731742382049,3.4862483739852905,3.489010047912598,0.0027616739273071,trials10train_r100test_r100AllTrue,trials10train_r100test_r100AllTrue
Basketball_temporal/finer1991,Basketball_finer,SVD_NRS,0.2513010501861572,1.1434943675994873,0.8921933174133301,0.06282526254653933,0.2858735918998718,0.2230483293533325,-0.3286175131797791,0.142167717218399,0.4707852303981781,3.4837725639343264,3.489010047912598,0.0052374839782714,trials10train_r100test_r100AllTrue,trials10train_r100test_r100AllTrue
Basketball_temporal/finer1991,Basketball_finer,btl,-0.22037179470062251,1.1434943675994873,1.3638661623001098,-0.05509294867515557,0.2858735918998718,0.3409665405750274,0.1302252227440476,0.142167717218399,0.0119424944743514,3.446828651428223,3.489010047912598,0.042181396484375,trials10train_r100test_r100AllTrue,trials10train_r100test_r100AllTrue
Basketball_temporal/finer1991,Basketball_finer,PageRank,-0.16505587100982666,1.1434943675994873,1.308550238609314,-0.041263967752456665,0.2858735918998718,0.3271375596523285,0.1336495028808713,0.142167717218399,0.0085182143375277,3.487537384033203,3.489010047912598,0.0014726638793945,trials10train_r100test_r100AllTrue,trials10train_r100test_r100AllTrue
Basketball_temporal/finer1991,Basketball_finer,syncRank,-0.6899628639221191,1.1434943675994873,1.8334572315216064,-0.17249071598052979,0.2858735918998718,0.4583643078804016,0.13172717578709128,0.142167717218399,0.0104405414313077,3.086281728744507,3.489010047912598,0.4027283191680908,trials10train_r100test_r100AllTrue,trials10train_r100test_r100AllTrue
Basketball_temporal/finer1991,Basketball_finer,rankCentrality,-0.8282527923583982,1.1434943675994873,1.9717471599578855,-0.20706319808959955,0.2858735918998718,0.4929367899894714,-0.40013727545738226,0.142167717218399,0.5423049926757812,3.471124410629273,3.489010047912598,0.0178856372833251,trials10train_r100test_r100AllTrue,trials10train_r100test_r100AllTrue
Basketball_temporal/finer1991,Basketball_finer,serialRank,-0.8877325057983398,1.1434943675994873,2.031226873397827,-0.22193312644958496,0.2858735918998718,0.5078067183494568,0.1297444708645344,0.142167717218399,0.0124232463538646,3.4814282894134525,3.489010047912598,0.0075817584991455,trials10train_r100test_r100AllTrue,trials10train_r100test_r100AllTrue
Basketball_temporal/finer1991,Basketball_finer,DIGRAC,0.14447577834129333,1.1434943675994873,0.999018589258194,0.03611894458532333,0.2858735918998718,0.2497546473145485,0.13523519054986538,0.142167717218399,0.0069325266685336,-13.596901845932006,3.489010047912598,17.085911893844603,trials10train_r100test_r100AllTrue,K20dropout50ratio_coe100margin_coe0withdistFiedler5sigma100alpha100hid32lr10useSpringRanktrials10train_r100test_r100AllTrue
Basketball_temporal/finer1991,Basketball_finer,ib,-0.22937552452087395,1.1434943675994873,1.3728698921203613,-0.30340521931648257,0.2858735918998718,0.5892788112163544,0.05648268027231099,0.142167717218399,0.085685036946088,-14.382969498634338,3.489010047912598,17.871979546546935,trials10train_r100test_r100AllTrue,K20dropout50ratio_coe100margin_coe0withdistFiedler5sigma100alpha100hid32lr10useSpringRanktrials10train_r100test_r100AllTrue
Basketball_temporal/finer1992,Basketball_finer,SpringRank,0.38327789306640625,1.1098779439926147,0.7266000509262085,0.09581947326660159,0.2774694859981537,0.1816500127315521,0.12095970101654539,0.1278672218322754,0.00690752081573,3.4557638168334965,3.519717288017273,0.0639534711837768,trials10train_r100test_r100AllTrue,trials10train_r100test_r100AllTrue
Basketball_temporal/finer1992,Basketball_finer,davidScore,0.33592307567596436,1.1098779439926147,0.7739548683166504,0.08398076891899109,0.2774694859981537,0.1934887170791626,-0.3579958379268646,0.1278672218322754,0.48586305975914,3.516930484771729,3.519717288017273,0.0027868032455444,trials10train_r100test_r100AllTrue,trials10train_r100test_r100AllTrue
Basketball_temporal/finer1992,Basketball_finer,SVD_NRS,0.27081024646759033,1.1098779439926147,0.8390676975250244,0.06770256161689758,0.2774694859981537,0.2097669243812561,-0.35838964581489563,0.1278672218322754,0.486256867647171,3.5144886970520024,3.519717288017273,0.0052285909652709,trials10train_r100test_r100AllTrue,trials10train_r100test_r100AllTrue
Basketball_temporal/finer1992,Basketball_finer,btl,-0.21516827344894418,1.1098779439926147,1.325046217441559,-0.05379206836223599,0.2774694859981537,0.3312615543603897,0.1153721326962114,0.1278672218322754,0.012495089136064,3.477077412605286,3.519717288017273,0.0426398754119873,trials10train_r100test_r100AllTrue,trials10train_r100test_r100AllTrue
Basketball_temporal/finer1992,Basketball_finer,PageRank,-0.09914910793304443,1.1098779439926147,1.2090270519256592,-0.02478727698326111,0.2774694859981537,0.3022567629814148,0.1196463974192739,0.1278672218322754,0.0082208244130015,3.5182709932327274,3.519717288017273,0.0014462947845458,trials10train_r100test_r100AllTrue,trials10train_r100test_r100AllTrue
Basketball_temporal/finer1992,Basketball_finer,syncRank,-0.6052533388137817,1.1098779439926147,1.7151312828063965,-0.15131333470344543,0.2774694859981537,0.4287828207015991,0.1165376249700785,0.1278672218322754,0.0113295968621969,3.113431262969971,3.519717288017273,0.4062860250473022,trials10train_r100test_r100AllTrue,trials10train_r100test_r100AllTrue
Basketball_temporal/finer1992,Basketball_finer,rankCentrality,-0.7606363296508789,1.1098779439926147,1.8705142736434937,-0.19015908241271973,0.2774694859981537,0.4676285684108734,-0.42105281352996826,0.1278672218322754,0.5489200353622437,3.500615453720093,3.519717288017273,0.0191018342971801,trials10train_r100test_r100AllTrue,trials10train_r100test_r100AllTrue
Basketball_temporal/finer1992,Basketball_finer,serialRank,-0.7709951400756836,1.1098779439926147,1.8808730840682983,-0.1927487850189209,0.2774694859981537,0.4702182710170746,0.1153823242522777,0.1278672218322754,0.0124848975799977,3.5121732473373415,3.519717288017273,0.0075440406799316,trials10train_r100test_r100AllTrue,trials10train_r100test_r100AllTrue
Basketball_temporal/finer1992,Basketball_finer,DIGRAC,0.13433964729309078,1.1098779439926147,0.975538296699524,0.033584911823272695,0.2774694859981537,0.243884574174881,0.12006945744156838,0.1278672218322754,0.007797764390707,-12.111632418632507,3.519717288017273,15.63134970664978,trials10train_r100test_r100AllTrue,K20dropout50ratio_coe100margin_coe0withdistFiedler5sigma100alpha100hid32lr10useSpringRanktrials10train_r100test_r100AllTrue
Basketball_temporal/finer1992,Basketball_finer,ib,-0.07834995150566093,1.1098779439926147,1.1882278954982757,-0.3992156741023064,0.2774694859981537,0.6766851601004601,0.056406586440280085,0.1278672218322754,0.0714606353919953,-39.555538058280945,3.519717288017273,43.07525534629822,trials10train_r100test_r100AllTrue,K20dropout50ratio_coe100margin_coe0withdistFiedler5sigma100alpha100hid32lr10useSpringRanktrials10train_r100test_r100AllTrue
Basketball_temporal/finer1993,Basketball_finer,SpringRank,0.40031278133392334,1.1540266275405884,0.753713846206665,0.10007819533348089,0.2885066568851471,0.1884284615516662,0.1321657607331872,0.1383193880319595,0.0061536272987723,3.143453812599182,3.202152705192566,0.0586988925933837,trials10train_r100test_r100AllTrue,trials10train_r100test_r100AllTrue
Basketball_temporal/finer1993,Basketball_finer,davidScore,0.37372952699661255,1.1540266275405884,0.7802971005439758,0.09343238174915319,0.2885066568851471,0.1950742751359939,-0.368780717253685,0.1383193880319595,0.5071001052856445,3.199393939971924,3.202152705192566,0.002758765220642,trials10train_r100test_r100AllTrue,trials10train_r100test_r100AllTrue
Basketball_temporal/finer1993,Basketball_finer,SVD_NRS,0.2986708879470825,1.1540266275405884,0.8553557395935059,0.07466772198677069,0.2885066568851471,0.2138389348983764,-0.34949325025081635,0.1383193880319595,0.4878126382827759,3.1969744443893435,3.202152705192566,0.0051782608032226,trials10train_r100test_r100AllTrue,trials10train_r100test_r100AllTrue
Basketball_temporal/finer1993,Basketball_finer,btl,-0.19796712398529048,1.1540266275405884,1.3519937515258789,-0.04949178099632262,0.2885066568851471,0.3379984378814697,0.1263193706050515,0.1383193880319595,0.012000017426908,3.1592451095581056,3.202152705192566,0.0429075956344604,trials10train_r100test_r100AllTrue,trials10train_r100test_r100AllTrue
Basketball_temporal/finer1993,Basketball_finer,PageRank,0.05473029613494873,1.1540266275405884,1.0992963314056396,0.013682574033737183,0.2885066568851471,0.2748240828514099,0.1312073874287307,0.1383193880319595,0.0071120006032288,3.200667953491211,3.202152705192566,0.0014847517013549,trials10train_r100test_r100AllTrue,trials10train_r100test_r100AllTrue
Basketball_temporal/finer1993,Basketball_finer,syncRank,-0.5066457986831665,1.1540266275405884,1.6606724262237549,-0.12666144967079163,0.2885066568851471,0.4151681065559387,0.1280470248311758,0.1383193880319595,0.0102723632007837,2.8037885189056397,3.202152705192566,0.3983641862869262,trials10train_r100test_r100AllTrue,trials10train_r100test_r100AllTrue
Basketball_temporal/finer1993,Basketball_finer,rankCentrality,-0.7725565910339356,1.1540266275405884,1.926583218574524,-0.22486314773559568,0.2885066568851471,0.5133698046207428,-0.44128040969371796,0.1383193880319595,0.5795997977256775,3.1764776706695557,3.202152705192566,0.0256750345230102,trials10train_r100test_r100AllTrue,trials10train_r100test_r100AllTrue
Basketball_temporal/finer1993,Basketball_finer,serialRank,-0.8788114786148071,1.1540266275405884,2.0328381061553955,-0.21970286965370178,0.2885066568851471,0.5082095265388489,0.1265809880569577,0.1383193880319595,0.0117383999750018,3.1943342208862306,3.202152705192566,0.0078184843063354,trials10train_r100test_r100AllTrue,trials10train_r100test_r100AllTrue
Basketball_temporal/finer1993,Basketball_finer,DIGRAC,0.17773265480995182,1.1540266275405884,0.9762939727306366,0.04443316370248798,0.2885066568851471,0.2440734931826591,0.1316565422527492,0.1383193880319595,0.0066628457792103,-13.662388968467711,3.202152705192566,16.864541673660277,trials10train_r100test_r100AllTrue,K20dropout50ratio_coe100margin_coe0withdistFiedler5sigma100alpha100hid32lr10useSpringRanktrials10train_r100test_r100AllTrue
Basketball_temporal/finer1993,Basketball_finer,ib,-0.17835805535316474,1.1540266275405884,1.3323846828937531,-0.3011493256688118,0.2885066568851471,0.5896559825539589,0.05283716939389711,0.1383193880319595,0.0854822186380624,-18.142818117141722,3.202152705192566,21.34497082233429,trials10train_r100test_r100AllTrue,K20dropout50ratio_coe100margin_coe0withdistFiedler5sigma100alpha100hid32lr10useSpringRanktrials10train_r100test_r100AllTrue
Basketball_temporal/finer1994,Basketball_finer,SpringRank,0.41336917877197266,1.1509796380996704,0.7376104593276978,0.10334229469299319,0.2877449095249176,0.1844026148319244,0.1369802486151457,0.1433455348014831,0.0063652861863374,3.223130702972412,3.2802961349487303,0.0571654319763183,trials10train_r100test_r100AllTrue,trials10train_r100test_r100AllTrue
Basketball_temporal/finer1994,Basketball_finer,davidScore,0.37495195865631104,1.1509796380996704,0.7760276794433594,0.09373798966407781,0.2877449095249176,0.1940069198608398,-0.3478914797306061,0.1433455348014831,0.4912370145320892,3.2775053739547726,3.2802961349487303,0.0027907609939575,trials10train_r100test_r100AllTrue,trials10train_r100test_r100AllTrue
Basketball_temporal/finer1994,Basketball_finer,SVD_NRS,0.3165578246116638,1.1509796380996704,0.8344218134880066,0.07913945615291601,0.2877449095249176,0.2086054533720016,-0.3473534286022187,0.1433455348014831,0.4906989634037018,3.274997043609619,3.2802961349487303,0.0052990913391113,trials10train_r100test_r100AllTrue,trials10train_r100test_r100AllTrue
Basketball_temporal/finer1994,Basketball_finer,btl,-0.19807914495468149,1.1509796380996704,1.349058783054352,-0.04951978623867037,0.2877449095249176,0.337264695763588,0.131320789270103,0.1433455348014831,0.0120247455313801,3.237218737602234,3.2802961349487303,0.0430773973464965,trials10train_r100test_r100AllTrue,trials10train_r100test_r100AllTrue
Basketball_temporal/finer1994,Basketball_finer,PageRank,0.05378413200378418,1.1509796380996704,1.0971955060958862,0.0134460330009461,0.2877449095249176,0.2742988765239715,0.1361880959011614,0.1433455348014831,0.0071574389003217,3.2787932395935058,3.2802961349487303,0.0015028953552246,trials10train_r100test_r100AllTrue,trials10train_r100test_r100AllTrue
Basketball_temporal/finer1994,Basketball_finer,syncRank,-0.5378409624099731,1.1509796380996704,1.6888206005096436,-0.1344602406024933,0.2877449095249176,0.4222051501274109,0.13265629298985,0.1433455348014831,0.0106892418116331,2.874277710914612,3.2802961349487303,0.4060184240341186,trials10train_r100test_r100AllTrue,trials10train_r100test_r100AllTrue
Basketball_temporal/finer1994,Basketball_finer,rankCentrality,-0.7898578643798824,1.1509796380996704,1.9408375024795528,-0.1974644660949707,0.2877449095249176,0.4852093756198883,-0.4414797425270081,0.1433455348014831,0.5848252773284912,3.260405373573303,3.2802961349487303,0.0198907613754272,trials10train_r100test_r100AllTrue,trials10train_r100test_r100AllTrue
Basketball_temporal/finer1994,Basketball_finer,serialRank,-0.8636189699172978,1.1509796380996704,2.014598608016968,-0.21590474247932434,0.2877449095249176,0.5036496520042419,0.1315756477415562,0.1433455348014831,0.0117698870599269,3.2726858854293823,3.2802961349487303,0.0076102495193481,trials10train_r100test_r100AllTrue,trials10train_r100test_r100AllTrue
Basketball_temporal/finer1994,Basketball_finer,DIGRAC,0.18968881487846379,1.1509796380996704,0.9612908232212066,0.047422203719616,0.2877449095249176,0.2403227058053016,0.1364763184543699,0.1433455348014831,0.0068692163471132,-13.327376532554627,3.2802961349487303,16.60767266750336,trials10train_r100test_r100AllTrue,K20dropout50ratio_coe100margin_coe0withdistFiedler5sigma100alpha100hid32lr10useSpringRanktrials10train_r100test_r100AllTrue
Basketball_temporal/finer1994,Basketball_finer,ib,-0.15637341976165775,1.1509796380996704,1.3073530578613282,-0.3159277749061584,0.2877449095249176,0.603672684431076,0.062926115738228,0.1433455348014831,0.0804194190632551,-22.423905062675477,3.2802961349487303,25.704201197624208,trials10train_r100test_r100AllTrue,K20dropout50ratio_coe100margin_coe0withdistFiedler5sigma100alpha100hid32lr10useSpringRanktrials10train_r100test_r100AllTrue
Basketball_temporal/finer1995,Basketball_finer,SpringRank,0.40015095472335815,1.1868629455566406,0.7867119908332825,0.10003773868083951,0.2967157363891601,0.1966779977083206,0.1352953845635057,0.1420568525791168,0.0067614680156111,3.3339628934860226,3.390370178222656,0.0564072847366333,trials10train_r100test_r100AllTrue,trials10train_r100test_r100AllTrue
Basketball_temporal/finer1995,Basketball_finer,davidScore,0.35636085271835327,1.1868629455566406,0.8305020928382874,0.08909021317958829,0.2967157363891601,0.2076255232095718,-0.353483647108078,0.1420568525791168,0.4955404996871948,3.387571358680725,3.390370178222656,0.0027988195419311,trials10train_r100test_r100AllTrue,trials10train_r100test_r100AllTrue
Basketball_temporal/finer1995,Basketball_finer,SVD_NRS,0.3216307759284973,1.1868629455566406,0.8652321696281433,0.0804076939821243,0.2967157363891601,0.2163080424070358,-0.3453364968299866,0.1420568525791168,0.4873933494091034,3.3849661111831666,3.390370178222656,0.0054040670394897,trials10train_r100test_r100AllTrue,trials10train_r100test_r100AllTrue
Basketball_temporal/finer1995,Basketball_finer,btl,-0.161570417881012,1.1868629455566406,1.3484333634376526,-0.040392604470253,0.2967157363891601,0.3371083408594131,0.1299167799763382,0.1420568525791168,0.0121400726027786,3.3466662406921386,3.390370178222656,0.0437039375305175,trials10train_r100test_r100AllTrue,trials10train_r100test_r100AllTrue
Basketball_temporal/finer1995,Basketball_finer,PageRank,0.05285012722015381,1.1868629455566406,1.1340128183364868,0.013212531805038397,0.2967157363891601,0.2835032045841217,0.134562713559717,0.1420568525791168,0.0074941390193998,3.38882417678833,3.390370178222656,0.0015460014343261,trials10train_r100test_r100AllTrue,trials10train_r100test_r100AllTrue
Basketball_temporal/finer1995,Basketball_finer,syncRank,-0.5904115438461304,1.1868629455566406,1.777274489402771,-0.1476028859615326,0.2967157363891601,0.4443186223506927,0.13078786060214048,0.1420568525791168,0.0112689919769763,2.9807093143463135,3.390370178222656,0.4096608638763427,trials10train_r100test_r100AllTrue,trials10train_r100test_r100AllTrue
Basketball_temporal/finer1995,Basketball_finer,rankCentrality,-0.7338618040084837,1.1868629455566406,1.9207247495651243,-0.18346545100212097,0.2967157363891601,0.4801811873912811,-0.410559743642807,0.1420568525791168,0.5526165962219238,3.370141816139221,3.390370178222656,0.020228362083435,trials10train_r100test_r100AllTrue,trials10train_r100test_r100AllTrue
Basketball_temporal/finer1995,Basketball_finer,serialRank,-0.7051718235015869,1.1868629455566406,1.8920347690582275,-0.17629295587539678,0.2967157363891601,0.4730086922645569,0.1297758176922798,0.1420568525791168,0.012281034886837,3.38311185836792,3.390370178222656,0.0072583198547363,trials10train_r100test_r100AllTrue,trials10train_r100test_r100AllTrue
Basketball_temporal/finer1995,Basketball_finer,DIGRAC,0.19494146227836606,1.1868629455566406,0.9919214832782746,0.04873536556959149,0.2967157363891601,0.2479803708195686,0.13470491562038658,0.1420568525791168,0.0073519369587302,-13.661525034904479,3.390370178222656,17.051895213127136,trials10train_r100test_r100AllTrue,K20dropout50ratio_coe100margin_coe0withdistFiedler5sigma100alpha100hid32lr10useSpringRanktrials10train_r100test_r100AllTrue
Basketball_temporal/finer1995,Basketball_finer,ib,-0.11322011113166819,1.1868629455566406,1.3000830566883088,-0.3174782985448838,0.2967157363891601,0.6141940349340439,0.0621030404698104,0.1420568525791168,0.0799538121093064,-15.532575297355653,3.390370178222656,18.92294547557831,trials10train_r100test_r100AllTrue,K20dropout50ratio_coe100margin_coe0withdistFiedler5sigma100alpha100hid32lr10useSpringRanktrials10train_r100test_r100AllTrue
Basketball_temporal/finer1996,Basketball_finer,SpringRank,0.4057122468948364,1.211277961730957,0.8055657148361206,0.1014280617237091,0.3028194904327392,0.2013914287090301,0.1325797624886036,0.139392077922821,0.0068123154342174,3.5353089570999146,3.607684683799744,0.0723757266998291,trials10train_r100test_r100AllTrue,trials10train_r100test_r100AllTrue
Basketball_temporal/finer1996,Basketball_finer,davidScore,0.3280850052833557,1.211277961730957,0.8831929564476013,0.0820212513208389,0.3028194904327392,0.2207982391119003,-0.3434747159481049,0.139392077922821,0.4828667938709259,3.604816246032715,3.607684683799744,0.0028684377670288,trials10train_r100test_r100AllTrue,trials10train_r100test_r100AllTrue
Basketball_temporal/finer1996,Basketball_finer,SVD_NRS,0.26510441303253185,1.211277961730957,0.9461735486984252,0.0662761032581329,0.3028194904327392,0.2365433871746063,-0.3289579153060913,0.139392077922821,0.4683499932289123,3.6023207902908325,3.607684683799744,0.0053638935089111,trials10train_r100test_r100AllTrue,trials10train_r100test_r100AllTrue
Basketball_temporal/finer1996,Basketball_finer,btl,-0.22834124565124503,1.211277961730957,1.439619207382202,-0.05708531141281131,0.3028194904327392,0.3599048018455505,0.1263811557553709,0.139392077922821,0.0130109221674501,3.5639218091964726,3.607684683799744,0.0437628746032714,trials10train_r100test_r100AllTrue,trials10train_r100test_r100AllTrue
Basketball_temporal/finer1996,Basketball_finer,PageRank,0.01171731948852539,1.211277961730957,1.1995606422424316,0.002929329872131292,0.3028194904327392,0.2998901605606079,0.13171890983358028,0.139392077922821,0.0076731680892407,3.606176543235779,3.607684683799744,0.0015081405639648,trials10train_r100test_r100AllTrue,trials10train_r100test_r100AllTrue
Basketball_temporal/finer1996,Basketball_finer,syncRank,-0.4613693952560425,1.211277961730957,1.6726473569869995,-0.11534234881401068,0.3028194904327392,0.4181618392467499,0.1283252155408263,0.139392077922821,0.0110668623819947,3.186133098602295,3.607684683799744,0.4215515851974487,trials10train_r100test_r100AllTrue,trials10train_r100test_r100AllTrue
Basketball_temporal/finer1996,Basketball_finer,rankCentrality,-0.7294031381607053,1.211277961730957,1.9406810998916624,-0.1823507845401764,0.3028194904327392,0.4851702749729156,-0.4175626635551453,0.139392077922821,0.5569547414779663,3.5866343975067143,3.607684683799744,0.0210502862930297,trials10train_r100test_r100AllTrue,trials10train_r100test_r100AllTrue
Basketball_temporal/finer1996,Basketball_finer,serialRank,-0.7352617979049683,1.211277961730957,1.9465397596359253,-0.18381544947624212,0.3028194904327392,0.4866349399089813,0.12706399541348218,0.139392077922821,0.0123280825093388,3.5994296789169313,3.607684683799744,0.0082550048828125,trials10train_r100test_r100AllTrue,trials10train_r100test_r100AllTrue
Basketball_temporal/finer1996,Basketball_finer,DIGRAC,0.12402054190635714,1.211277961730957,1.0872574198246,0.0309996429085731,0.3028194904327392,0.2718198475241661,0.13169597028754648,0.139392077922821,0.0076961076352745,-13.714614057540896,3.607684683799744,17.32229874134064,trials10train_r100test_r100AllTrue,K20dropout50ratio_coe100margin_coe0withdistFiedler5sigma100alpha100hid32lr10useSpringRanktrials10train_r100test_r100AllTrue
Basketball_temporal/finer1996,Basketball_finer,ib,-0.21518121480941788,1.211277961730957,1.426459176540375,-0.24051262259483347,0.3028194904327392,0.5433321130275727,0.05379151569679379,0.139392077922821,0.0856005622260272,-14.500687599182129,3.607684683799744,18.108372282981872,trials10train_r100test_r100AllTrue,K20dropout50ratio_coe100margin_coe0withdistFiedler5sigma100alpha100hid32lr10useSpringRanktrials10train_r100test_r100AllTrue
Basketball_temporal/finer1997,Basketball_finer,SpringRank,0.396859347820282,1.2219842672348022,0.8251249194145203,0.0992148369550705,0.3054960668087005,0.20628122985363,0.1127414777874947,0.150073692202568,0.0373322144150733,3.7118988990783692,3.7689462900161743,0.0570473909378051,trials10train_r100test_r100AllTrue,trials10train_r100test_r100AllTrue
Basketball_temporal/finer1997,Basketball_finer,davidScore,0.36688077449798584,1.2219842672348022,0.8551034927368164,0.0917201936244964,0.3054960668087005,0.2137758731842041,-0.35184587538242346,0.150073692202568,0.5019195675849915,3.7660557508468626,3.7689462900161743,0.0028905391693115,trials10train_r100test_r100AllTrue,trials10train_r100test_r100AllTrue
Basketball_temporal/finer1997,Basketball_finer,SVD_NRS,0.30121338367462147,1.2219842672348022,0.9207708835601808,0.0753033459186554,0.3054960668087005,0.2301927208900451,-0.3186552077531815,0.150073692202568,0.4687288999557495,3.7632954359054565,3.7689462900161743,0.0056508541107177,trials10train_r100test_r100AllTrue,trials10train_r100test_r100AllTrue
Basketball_temporal/finer1997,Basketball_finer,btl,-0.1778729677200317,1.2219842672348022,1.399857234954834,-0.04446824193000798,0.3054960668087005,0.3499643087387085,0.1365279415622354,0.150073692202568,0.0135457506403326,3.7248682498931887,3.7689462900161743,0.0440780401229858,trials10train_r100test_r100AllTrue,trials10train_r100test_r100AllTrue
Basketball_temporal/finer1997,Basketball_finer,PageRank,0.06423974037170432,1.2219842672348022,1.157744526863098,0.016059935092926025,0.3054960668087005,0.2894361317157745,0.1417498188093305,0.150073692202568,0.0083238733932375,3.7674365282058715,3.7689462900161743,0.0015097618103027,trials10train_r100test_r100AllTrue,trials10train_r100test_r100AllTrue
Basketball_temporal/finer1997,Basketball_finer,syncRank,-0.5481798648834229,1.2219842672348022,1.770164132118225,-0.13704496622085577,0.3054960668087005,0.4425410330295563,0.137624079361558,0.150073692202568,0.01244961284101,3.3491883993148805,3.7689462900161743,0.4197578907012939,trials10train_r100test_r100AllTrue,trials10train_r100test_r100AllTrue
Basketball_temporal/finer1997,Basketball_finer,rankCentrality,-0.8294075727462769,1.2219842672348022,2.051391839981079,-0.20735189318656927,0.3054960668087005,0.5128479599952698,-0.4098543077707291,0.150073692202568,0.5599279999732971,3.7487446784973146,3.7689462900161743,0.0202016115188598,trials10train_r100test_r100AllTrue,trials10train_r100test_r100AllTrue
Basketball_temporal/finer1997,Basketball_finer,serialRank,-0.7209136486053467,1.2219842672348022,1.942897915840149,-0.18022841215133667,0.3054960668087005,0.4857244789600372,0.1367190655320883,0.150073692202568,0.0133546266704797,3.7613484621047975,3.7689462900161743,0.0075978279113769,trials10train_r100test_r100AllTrue,trials10train_r100test_r100AllTrue
Basketball_temporal/finer1997,Basketball_finer,DIGRAC,0.17270517706871025,1.2219842672348022,1.049279090166092,0.043176294267177506,0.3054960668087005,0.262319772541523,0.1415788491256535,0.150073692202568,0.0084948430769145,-13.27599744796753,3.7689462900161743,17.044943737983704,trials10train_r100test_r100AllTrue,K20dropout50ratio_coe100margin_coe0withdistFiedler5sigma100alpha100hid32lr10useSpringRanktrials10train_r100test_r100AllTrue
Basketball_temporal/finer1997,Basketball_finer,ib,-0.02924342870712282,1.2219842672348022,1.251227695941925,-0.3376802337169648,0.3054960668087005,0.6431763005256653,0.0802242772653699,0.150073692202568,0.0698494149371981,-32.56780707836151,3.7689462900161743,36.336753368377686,trials10train_r100test_r100AllTrue,K20dropout50ratio_coe100margin_coe0withdistFiedler5sigma100alpha100hid32lr10useSpringRanktrials10train_r100test_r100AllTrue
Basketball_temporal/finer1998,Basketball_finer,SpringRank,0.41584163904190063,1.1994342803955078,0.7835926413536072,0.1039604097604751,0.2998585700988769,0.1958981603384018,0.1255395323969424,0.1325544863939285,0.0070149539969861,3.772782993316651,3.837185955047608,0.064402961730957,trials10train_r100test_r100AllTrue,trials10train_r100test_r100AllTrue
Basketball_temporal/finer1998,Basketball_finer,davidScore,0.3691655397415161,1.1994342803955078,0.8302687406539917,0.092291384935379,0.2998585700988769,0.2075671851634979,-0.36355291306972504,0.1325544863939285,0.4961073994636535,3.834298729896546,3.837185955047608,0.002887225151062,trials10train_r100test_r100AllTrue,trials10train_r100test_r100AllTrue
Basketball_temporal/finer1998,Basketball_finer,SVD_NRS,0.30127304792404175,1.1994342803955078,0.8981612324714661,0.07531826198101041,0.2998585700988769,0.2245403081178665,-0.3222440928220749,0.1325544863939285,0.4547985792160034,3.831854915618897,3.837185955047608,0.0053310394287109,trials10train_r100test_r100AllTrue,trials10train_r100test_r100AllTrue
Basketball_temporal/finer1998,Basketball_finer,btl,-0.15742570161819458,1.1994342803955078,1.3568599820137024,-0.0393564254045487,0.2998585700988769,0.3392149955034256,0.120331696793437,0.1325544863939285,0.0122227896004915,3.7928222417831425,3.837185955047608,0.0443637132644653,trials10train_r100test_r100AllTrue,trials10train_r100test_r100AllTrue
Basketball_temporal/finer1998,Basketball_finer,PageRank,0.06930696964263894,1.1994342803955078,1.1301273107528689,0.01732674241065979,0.2998585700988769,0.2825318276882171,0.1249298811890185,0.1325544863939285,0.00762460520491,3.835654973983765,3.837185955047608,0.0015309810638427,trials10train_r100test_r100AllTrue,trials10train_r100test_r100AllTrue
Basketball_temporal/finer1998,Basketball_finer,syncRank,-0.4964638948440552,1.1994342803955078,1.695898175239563,-0.1241159737110138,0.2998585700988769,0.4239745438098907,0.1209957106038928,0.1325544863939285,0.0115587757900357,3.4067738056182866,3.837185955047608,0.4304121494293212,trials10train_r100test_r100AllTrue,trials10train_r100test_r100AllTrue
Basketball_temporal/finer1998,Basketball_finer,rankCentrality,-0.6595826983451842,1.1994342803955078,1.859016978740692,-0.19748938083648682,0.2998585700988769,0.4973479509353637,-0.43028925359249115,0.1325544863939285,0.5628437399864197,3.814552354812623,3.837185955047608,0.0226336002349853,trials10train_r100test_r100AllTrue,trials10train_r100test_r100AllTrue
Basketball_temporal/finer1998,Basketball_finer,serialRank,-0.7213578224182129,1.1994342803955078,1.9207921028137207,-0.18033945560455328,0.2998585700988769,0.4801980257034302,0.1199774842709303,0.1325544863939285,0.0125770021229982,3.829620027542115,3.837185955047608,0.0075659275054931,trials10train_r100test_r100AllTrue,trials10train_r100test_r100AllTrue
Basketball_temporal/finer1998,Basketball_finer,DIGRAC,0.1622065508365631,1.1994342803955078,1.0372277295589447,0.04055163770914072,0.2998585700988769,0.2593069323897362,0.1245005725231022,0.1325544863939285,0.0080539138708263,-13.572691893577574,3.837185955047608,17.409877848625182,trials10train_r100test_r100AllTrue,K20dropout50ratio_coe100margin_coe0withdistFiedler5sigma100alpha100hid32lr10useSpringRanktrials10train_r100test_r100AllTrue
Basketball_temporal/finer1998,Basketball_finer,ib,-0.0860749125480651,1.1994342803955078,1.285509192943573,-0.3245473688840867,0.2998585700988769,0.6244059389829636,0.052436204534024006,0.1325544863939285,0.0801182818599045,-28.16157977581024,3.837185955047608,31.998765730857848,trials10train_r100test_r100AllTrue,K20dropout50ratio_coe100margin_coe0withdistFiedler5sigma100alpha100hid32lr10useSpringRanktrials10train_r100test_r100AllTrue
Basketball_temporal/finer1999,Basketball_finer,SpringRank,0.385709285736084,1.1959763765335083,0.8102670907974243,0.09642732143402108,0.2989940941333771,0.202566772699356,0.1283077984116971,0.1359582990407943,0.0076505006290972,3.8945008993148806,3.959347438812256,0.0648465394973754,trials10train_r100test_r100AllTrue,trials10train_r100test_r100AllTrue
Basketball_temporal/finer1999,Basketball_finer,davidScore,0.33298641443252563,1.1959763765335083,0.8629899621009827,0.08324660360813146,0.2989940941333771,0.2157474905252456,-0.3631826788187027,0.1359582990407943,0.499140977859497,3.9564110517501834,3.959347438812256,0.0029363870620727,trials10train_r100test_r100AllTrue,trials10train_r100test_r100AllTrue
Basketball_temporal/finer1999,Basketball_finer,SVD_NRS,0.2539021372795105,1.1959763765335083,0.9420742392539978,0.06347553431987768,0.2989940941333771,0.2355185598134994,-0.32799430191516876,0.1359582990407943,0.4639526009559631,3.954022240638733,3.959347438812256,0.0053251981735229,trials10train_r100test_r100AllTrue,trials10train_r100test_r100AllTrue
Basketball_temporal/finer1999,Basketball_finer,btl,-0.1835587978363038,1.1959763765335083,1.379535174369812,-0.04588969945907595,0.2989940941333771,0.344883793592453,0.1220072732307017,0.1359582990407943,0.0139510258100926,3.9148788452148438,3.959347438812256,0.0444685935974121,trials10train_r100test_r100AllTrue,trials10train_r100test_r100AllTrue
Basketball_temporal/finer1999,Basketball_finer,PageRank,0.08879637718200661,1.1959763765335083,1.1071799993515017,0.022199094295501764,0.2989940941333771,0.2767949998378753,0.1279897447675466,0.1359582990407943,0.0079685542732477,3.9577017545700075,3.959347438812256,0.0016456842422485,trials10train_r100test_r100AllTrue,trials10train_r100test_r100AllTrue
Basketball_temporal/finer1999,Basketball_finer,syncRank,-0.4412071704864502,1.1959763765335083,1.6371835470199585,-0.11030179262161255,0.2989940941333771,0.4092958867549896,0.12343514151871199,0.1359582990407943,0.0125231575220823,3.5214418888092043,3.959347438812256,0.4379055500030517,trials10train_r100test_r100AllTrue,trials10train_r100test_r100AllTrue
Basketball_temporal/finer1999,Basketball_finer,rankCentrality,-0.7963926792144773,1.1959763765335083,1.9923690557479856,-0.19909816980361933,0.2989940941333771,0.4980922639369964,-0.4377401024103166,0.1359582990407943,0.5736984014511108,3.935152292251587,3.959347438812256,0.0241951465606689,trials10train_r100test_r100AllTrue,trials10train_r100test_r100AllTrue
Basketball_temporal/finer1999,Basketball_finer,serialRank,-0.8199793100357056,1.1959763765335083,2.015955686569214,-0.2049948275089264,0.2989940941333771,0.5039889216423035,0.1226128866896033,0.1359582990407943,0.013345412351191,3.9517721176147464,3.959347438812256,0.0075753211975097,trials10train_r100test_r100AllTrue,trials10train_r100test_r100AllTrue
Basketball_temporal/finer1999,Basketball_finer,DIGRAC,0.12306621551513675,1.1959763765335083,1.0729101610183716,0.030766553878784186,0.2989940941333771,0.2682275402545929,0.12715518194250758,0.1359582990407943,0.0088031170982867,-13.249073147773743,3.959347438812256,17.208420586585998,trials10train_r100test_r100AllTrue,K20dropout50ratio_coe100margin_coe0withdistFiedler5sigma100alpha100hid32lr10useSpringRanktrials10train_r100test_r100AllTrue
Basketball_temporal/finer1999,Basketball_finer,ib,-0.08358658552169818,1.1959763765335083,1.2795629620552065,-0.32629206418991086,0.2989940941333771,0.6252861583232879,0.05468990668654439,0.1359582990407943,0.0812683923542499,-27.264425468444824,3.959347438812256,31.22377290725708,trials10train_r100test_r100AllTrue,K20dropout50ratio_coe100margin_coe0withdistFiedler5sigma100alpha100hid32lr10useSpringRanktrials10train_r100test_r100AllTrue
Basketball_temporal/finer2000,Basketball_finer,SpringRank,0.3369635343551638,1.181294083595276,0.8443305492401123,0.08424088358879092,0.2953235208988189,0.211082637310028,0.14116156520321968,0.1482749432325363,0.0071133780293166,4.586649775505066,4.643761849403381,0.0571120738983154,trials10train_r100test_r100AllTrue,trials10train_r100test_r100AllTrue
Basketball_temporal/finer2000,Basketball_finer,davidScore,0.27674573659896873,1.181294083595276,0.9045483469963074,0.06918643414974213,0.2953235208988189,0.2261370867490768,-0.3613469749689102,0.1482749432325363,0.5096219182014465,4.640714144706726,4.643761849403381,0.0030477046966552,trials10train_r100test_r100AllTrue,trials10train_r100test_r100AllTrue
Basketball_temporal/finer2000,Basketball_finer,SVD_NRS,0.22805899381637607,1.181294083595276,0.9532350897789,0.057014748454093905,0.2953235208988189,0.238308772444725,-0.3264148682355881,0.1482749432325363,0.4746898114681244,4.637984180450439,4.643761849403381,0.0057776689529418,trials10train_r100test_r100AllTrue,trials10train_r100test_r100AllTrue
Basketball_temporal/finer2000,Basketball_finer,btl,-0.20666235685348489,1.181294083595276,1.387956440448761,-0.05166558921337128,0.2953235208988189,0.3469891101121902,0.1350391779094935,0.1482749432325363,0.0132357653230428,4.597914052009582,4.643761849403381,0.0458477973937988,trials10train_r100test_r100AllTrue,trials10train_r100test_r100AllTrue
Basketball_temporal/finer2000,Basketball_finer,PageRank,-0.002562403678893821,1.181294083595276,1.18385648727417,-0.0006406009197235663,0.2953235208988189,0.2959641218185425,0.1402411796152592,0.1482749432325363,0.0080337636172771,4.642114806175232,4.643761849403381,0.0016470432281494,trials10train_r100test_r100AllTrue,trials10train_r100test_r100AllTrue
Basketball_temporal/finer2000,Basketball_finer,syncRank,-0.5688660144805906,1.181294083595276,1.7501600980758667,-0.14221650362014776,0.2953235208988189,0.4375400245189667,0.13636380899697548,0.1482749432325363,0.0119111342355608,4.181690955162048,4.643761849403381,0.462070894241333,trials10train_r100test_r100AllTrue,trials10train_r100test_r100AllTrue
Basketball_temporal/finer2000,Basketball_finer,rankCentrality,-0.7341446876525879,1.181294083595276,1.915438771247864,-0.18353617191314697,0.2953235208988189,0.4788596928119659,-0.39817841351032257,0.1482749432325363,0.5464533567428589,4.621922397613525,4.643761849403381,0.0218394517898559,trials10train_r100test_r100AllTrue,trials10train_r100test_r100AllTrue
Basketball_temporal/finer2000,Basketball_finer,serialRank,-0.7866752147674558,1.181294083595276,1.967969298362732,-0.19666880369186407,0.2953235208988189,0.491992324590683,0.1350693836808205,0.1482749432325363,0.0132055595517158,4.634823870658874,4.643761849403381,0.0089379787445068,trials10train_r100test_r100AllTrue,trials10train_r100test_r100AllTrue
Basketball_temporal/finer2000,Basketball_finer,DIGRAC,0.11208204627037066,1.181294083595276,1.0692120373249054,0.02802051156759261,0.2953235208988189,0.2673030093312263,0.1400265146419406,0.1482749432325363,0.0082484285905957,-13.363836789131165,4.643761849403381,18.007598638534546,trials10train_r100test_r100AllTrue,K20dropout50ratio_coe100margin_coe0withdistFiedler5sigma100alpha100hid32lr10useSpringRanktrials10train_r100test_r100AllTrue
Basketball_temporal/finer2000,Basketball_finer,ib,-0.0812619709968565,1.181294083595276,1.2625560545921326,-0.3667136335372925,0.2953235208988189,0.6620371544361114,0.07408758318051699,0.1482749432325363,0.0741873600520193,-36.271004819869994,4.643761849403381,40.91476666927338,trials10train_r100test_r100AllTrue,K20dropout50ratio_coe100margin_coe0withdistFiedler5sigma100alpha100hid32lr10useSpringRanktrials10train_r100test_r100AllTrue
Basketball_temporal/finer2001,Basketball_finer,SpringRank,0.3927512764930725,1.1980230808258057,0.8052718043327332,0.09818781912326813,0.2995057702064514,0.2013179510831833,0.1238639927469194,0.1305818706750869,0.0067178779281675,4.3013343334198,4.366051149368286,0.0647168159484863,trials10train_r100test_r100AllTrue,trials10train_r100test_r100AllTrue
Basketball_temporal/finer2001,Basketball_finer,davidScore,0.3387150168418884,1.1980230808258057,0.8593080639839172,0.0846787542104721,0.2995057702064514,0.2148270159959793,-0.38192664086818706,0.1305818706750869,0.5125085115432739,4.363043665885925,4.366051149368286,0.0030074834823608,trials10train_r100test_r100AllTrue,trials10train_r100test_r100AllTrue
Basketball_temporal/finer2001,Basketball_finer,SVD_NRS,0.23064249753952026,1.1980230808258057,0.9673805832862854,0.05766062438488012,0.2995057702064514,0.2418451458215713,-0.3381808251142502,0.1305818706750869,0.4687626957893371,4.36053535938263,4.366051149368286,0.0055157899856567,trials10train_r100test_r100AllTrue,trials10train_r100test_r100AllTrue
Basketball_temporal/finer2001,Basketball_finer,btl,-0.21522239446640024,1.1980230808258057,1.413245475292206,-0.05380559861660006,0.2995057702064514,0.3533113688230515,0.11772869369015099,0.1305818706750869,0.0128531769849359,4.320360827445984,4.366051149368286,0.0456903219223022,trials10train_r100test_r100AllTrue,trials10train_r100test_r100AllTrue
Basketball_temporal/finer2001,Basketball_finer,PageRank,0.01581549644470215,1.1980230808258057,1.1822075843811035,0.003953874111175537,0.2995057702064514,0.2955518960952759,0.1227759346365928,0.1305818706750869,0.0078059360384941,4.364455986022949,4.366051149368286,0.0015951633453369,trials10train_r100test_r100AllTrue,trials10train_r100test_r100AllTrue
Basketball_temporal/finer2001,Basketball_finer,syncRank,-0.49423396587371826,1.1980230808258057,1.692257046699524,-0.12355849146842957,0.2995057702064514,0.423064261674881,0.11921475268900389,0.1305818706750869,0.011367117986083,3.9102382183074953,4.366051149368286,0.455812931060791,trials10train_r100test_r100AllTrue,trials10train_r100test_r100AllTrue
Basketball_temporal/finer2001,Basketball_finer,rankCentrality,-0.8329489231109624,1.1980230808258057,2.030972003936768,-0.20823723077774048,0.2995057702064514,0.5077430009841919,-0.4585491865873338,0.1305818706750869,0.5891310572624207,4.342171239852905,4.366051149368286,0.0238799095153808,trials10train_r100test_r100AllTrue,trials10train_r100test_r100AllTrue
Basketball_temporal/finer2001,Basketball_finer,serialRank,-0.857990026473999,1.1980230808258057,2.0560131072998047,-0.21449750661849976,0.2995057702064514,0.5140032768249512,0.11826367136090989,0.1305818706750869,0.012318199314177,4.357513475418091,4.366051149368286,0.0085376739501953,trials10train_r100test_r100AllTrue,trials10train_r100test_r100AllTrue
Basketball_temporal/finer2001,Basketball_finer,DIGRAC,0.1472158348560333,1.1980230808258057,1.0508072459697724,0.03680395871400832,0.2995057702064514,0.2627018114924431,0.12261265335604549,0.1305818706750869,0.0079692173190414,-13.508280968666078,4.366051149368286,17.874332118034364,trials10train_r100test_r100AllTrue,K20dropout50ratio_coe100margin_coe0withdistFiedler5sigma100alpha100hid32lr10useSpringRanktrials10train_r100test_r100AllTrue
Basketball_temporal/finer2001,Basketball_finer,ib,6.591320037840909e-05,1.1980230808258057,1.1979571676254273,-0.3944513934850693,0.2995057702064514,0.6939571636915207,0.0681210087705403,0.1305818706750869,0.0624608619045466,-40.883372402191156,4.366051149368286,45.249423551559445,trials10train_r100test_r100AllTrue,K20dropout50ratio_coe100margin_coe0withdistFiedler5sigma100alpha100hid32lr10useSpringRanktrials10train_r100test_r100AllTrue
Basketball_temporal/finer2002,Basketball_finer,SpringRank,0.3110966682434082,1.1793036460876465,0.8682069778442383,0.07777416706085213,0.2948259115219116,0.2170517444610595,0.12713076174259189,0.1341521292924881,0.0070213675498962,4.416419887542725,4.474249243736267,0.0578293561935424,trials10train_r100test_r100AllTrue,trials10train_r100test_r100AllTrue
Basketball_temporal/finer2002,Basketball_finer,davidScore,0.2850635051727295,1.1793036460876465,0.894240140914917,0.07126587629318243,0.2948259115219116,0.2235600352287292,-0.3732113093137741,0.1341521292924881,0.5073634386062622,4.471209764480591,4.474249243736267,0.0030394792556762,trials10train_r100test_r100AllTrue,trials10train_r100test_r100AllTrue
Basketball_temporal/finer2002,Basketball_finer,SVD_NRS,0.2629352807998657,1.1793036460876465,0.9163683652877808,0.06573382019996643,0.2948259115219116,0.2290920913219452,-0.3619700521230697,0.1341521292924881,0.4961221814155578,4.46851954460144,4.474249243736267,0.0057296991348266,trials10train_r100test_r100AllTrue,trials10train_r100test_r100AllTrue
Basketball_temporal/finer2002,Basketball_finer,btl,-0.249658274650574,1.1793036460876465,1.4289619207382205,-0.06241456866264339,0.2948259115219116,0.357240480184555,0.1210359480232001,0.1341521292924881,0.013116181269288,4.4285074949264525,4.474249243736267,0.0457417488098144,trials10train_r100test_r100AllTrue,trials10train_r100test_r100AllTrue
Basketball_temporal/finer2002,Basketball_finer,PageRank,0.04816138744354248,1.1793036460876465,1.131142258644104,0.01204034686088562,0.2948259115219116,0.282785564661026,0.1267156531102956,0.1341521292924881,0.0074364761821925,4.472558927536011,4.474249243736267,0.0016903162002563,trials10train_r100test_r100AllTrue,trials10train_r100test_r100AllTrue
Basketball_temporal/finer2002,Basketball_finer,syncRank,-0.5753334760665894,1.1793036460876465,1.7546371221542358,-0.14383336901664728,0.2948259115219116,0.4386592805385589,0.1227753367275,0.1341521292924881,0.0113767925649881,4.010265493392945,4.474249243736267,0.4639837503433227,trials10train_r100test_r100AllTrue,trials10train_r100test_r100AllTrue
Basketball_temporal/finer2002,Basketball_finer,rankCentrality,-0.8473803997039795,1.1793036460876465,2.026684045791626,-0.21184509992599487,0.2948259115219116,0.5066710114479065,-0.4386150687932968,0.1341521292924881,0.5727671980857849,4.4483765125274655,4.474249243736267,0.0258727312088012,trials10train_r100test_r100AllTrue,trials10train_r100test_r100AllTrue
Basketball_temporal/finer2002,Basketball_finer,serialRank,-0.6846729516983032,1.1793036460876465,1.8639765977859497,-0.1711682379245758,0.2948259115219116,0.4659941494464874,0.1205735038965941,0.1341521292924881,0.013578625395894,4.466989874839783,4.474249243736267,0.0072593688964843,trials10train_r100test_r100AllTrue,trials10train_r100test_r100AllTrue
Basketball_temporal/finer2002,Basketball_finer,DIGRAC,0.13407097458839412,1.1793036460876465,1.0452326714992524,0.03351774364709853,0.2948259115219116,0.2613081678748131,0.1262314972747118,0.1341521292924881,0.0079206320177763,-13.480075454711915,4.474249243736267,17.954324698448183,trials10train_r100test_r100AllTrue,K20dropout50ratio_coe100margin_coe0withdistFiedler5sigma100alpha100hid32lr10useSpringRanktrials10train_r100test_r100AllTrue
Basketball_temporal/finer2002,Basketball_finer,ib,-0.04663843512535104,1.1793036460876465,1.2259420812129975,-0.3904327952861786,0.2948259115219116,0.6852587068080902,0.06564985287375749,0.1341521292924881,0.0685022764187306,-40.60270087718963,4.474249243736267,45.0769501209259,trials10train_r100test_r100AllTrue,K20dropout50ratio_coe100margin_coe0withdistFiedler5sigma100alpha100hid32lr10useSpringRanktrials10train_r100test_r100AllTrue
Basketball_temporal/finer2003,Basketball_finer,SpringRank,0.3518986701965334,1.217721462249756,0.8658227920532227,0.0879746675491333,0.3044303655624389,0.2164556980133056,0.13293722225353122,0.1400152891874313,0.0070780669339001,4.6743656873703,4.740268063545227,0.0659023761749267,trials10train_r100test_r100AllTrue,trials10train_r100test_r100AllTrue
Basketball_temporal/finer2003,Basketball_finer,davidScore,0.3050632476806643,1.217721462249756,0.9126582145690918,0.07626581192016602,0.3044303655624389,0.2281645536422729,-0.3588647395372391,0.1400152891874313,0.4988800287246704,4.737153768539429,4.740268063545227,0.0031142950057983,trials10train_r100test_r100AllTrue,trials10train_r100test_r100AllTrue
Basketball_temporal/finer2003,Basketball_finer,SVD_NRS,0.2708860039711001,1.217721462249756,0.946835458278656,0.06772150099277491,0.3044303655624389,0.236708864569664,-0.3411184698343277,0.1400152891874313,0.481133759021759,4.73464629650116,4.740268063545227,0.0056217670440673,trials10train_r100test_r100AllTrue,trials10train_r100test_r100AllTrue
Basketball_temporal/finer2003,Basketball_finer,btl,-0.23822791576385471,1.217721462249756,1.4559493780136108,-0.05955697894096379,0.3044303655624389,0.3639873445034027,0.1259735329076648,0.1400152891874313,0.0140417562797665,4.6943497419357305,4.740268063545227,0.045918321609497,trials10train_r100test_r100AllTrue,trials10train_r100test_r100AllTrue
Basketball_temporal/finer2003,Basketball_finer,PageRank,0.07721507549285911,1.217721462249756,1.140506386756897,0.01930376887321472,0.3044303655624389,0.2851265966892242,0.1325737140141428,0.1400152891874313,0.0074415751732885,4.738538765907288,4.740268063545227,0.0017292976379394,trials10train_r100test_r100AllTrue,trials10train_r100test_r100AllTrue
Basketball_temporal/finer2003,Basketball_finer,syncRank,-0.5658228397369383,1.217721462249756,1.7835443019866943,-0.14145570993423467,0.3044303655624389,0.4458860754966736,0.1288663586601615,0.1400152891874313,0.0111489305272698,4.259659647941589,4.740268063545227,0.4806084156036377,trials10train_r100test_r100AllTrue,trials10train_r100test_r100AllTrue
Basketball_temporal/finer2003,Basketball_finer,rankCentrality,-0.779746890068054,1.217721462249756,1.99746835231781,-0.1949367225170136,0.3044303655624389,0.4993670880794525,-0.4422365576028824,0.1400152891874313,0.5822518467903137,4.713035368919373,4.740268063545227,0.0272326946258544,trials10train_r100test_r100AllTrue,trials10train_r100test_r100AllTrue
Basketball_temporal/finer2003,Basketball_finer,serialRank,-0.7822785973548887,1.217721462249756,2.0000000596046448,-0.19556964933872228,0.3044303655624389,0.5000000149011612,0.1279036630876362,0.1400152891874313,0.0121116260997951,4.730743050575256,4.740268063545227,0.0095250129699707,trials10train_r100test_r100AllTrue,trials10train_r100test_r100AllTrue
Basketball_temporal/finer2003,Basketball_finer,DIGRAC,0.1663923430442813,1.217721462249756,1.0513291192054748,0.04158859193325043,0.3044303655624389,0.2628417736291885,0.13211776765994732,0.1400152891874313,0.007897521527484,-13.485735535621643,4.740268063545227,18.22600359916687,trials10train_r100test_r100AllTrue,K20dropout50ratio_coe100margin_coe0withdistFiedler5sigma100alpha100hid32lr10useSpringRanktrials10train_r100test_r100AllTrue
Basketball_temporal/finer2003,Basketball_finer,ib,-0.05814562320709182,1.217721462249756,1.275867085456848,-0.363556975722313,0.3044303655624389,0.6679873412847519,0.06772869582287971,0.1400152891874313,0.0722865933645516,-37.21667404174804,4.740268063545227,41.95694210529327,trials10train_r100test_r100AllTrue,K20dropout50ratio_coe100margin_coe0withdistFiedler5sigma100alpha100hid32lr10useSpringRanktrials10train_r100test_r100AllTrue
Basketball_temporal/finer2004,Basketball_finer,SpringRank,0.4342273473739624,1.2068965435028076,0.7726691961288452,0.1085568368434906,0.3017241358757019,0.1931672990322113,0.1276460159569979,0.1346354037523269,0.006989387795329,4.604693865776062,4.671033954620361,0.0663400888442993,trials10train_r100test_r100AllTrue,trials10train_r100test_r100AllTrue
Basketball_temporal/finer2004,Basketball_finer,davidScore,0.40357595682144165,1.2068965435028076,0.803320586681366,0.10089398920536041,0.3017241358757019,0.2008301466703415,-0.38928560912609106,0.1346354037523269,0.523921012878418,4.667948937416076,4.671033954620361,0.0030850172042846,trials10train_r100test_r100AllTrue,trials10train_r100test_r100AllTrue
Basketball_temporal/finer2004,Basketball_finer,SVD_NRS,0.3231161832809448,1.2068965435028076,0.8837803602218628,0.0807790458202362,0.3017241358757019,0.2209450900554657,-0.3307080417871476,0.1346354037523269,0.4653434455394745,4.665586233139038,4.671033954620361,0.0054477214813232,trials10train_r100test_r100AllTrue,trials10train_r100test_r100AllTrue
Basketball_temporal/finer2004,Basketball_finer,btl,-0.207151973247528,1.2068965435028076,1.4140485167503356,-0.051787993311882,0.3017241358757019,0.3535121291875839,0.1211986980400979,0.1346354037523269,0.013436705712229,4.624011349678039,4.671033954620361,0.0470226049423217,trials10train_r100test_r100AllTrue,trials10train_r100test_r100AllTrue
Basketball_temporal/finer2004,Basketball_finer,PageRank,0.07535123825073242,1.2068965435028076,1.1315453052520752,0.018837809562683105,0.3017241358757019,0.2828863263130188,0.1270511066541076,0.1346354037523269,0.0075842970982193,4.669346714019775,4.671033954620361,0.0016872406005859,trials10train_r100test_r100AllTrue,trials10train_r100test_r100AllTrue
Basketball_temporal/finer2004,Basketball_finer,syncRank,-0.47254157066345215,1.2068965435028076,1.6794381141662598,-0.11813539266586298,0.3017241358757019,0.4198595285415649,0.12320890557020901,0.1346354037523269,0.0114264981821179,4.193227052688599,4.671033954620361,0.4778069019317627,trials10train_r100test_r100AllTrue,trials10train_r100test_r100AllTrue
Basketball_temporal/finer2004,Basketball_finer,rankCentrality,-0.7650064229965212,1.2068965435028076,1.9719029664993288,-0.1912516057491302,0.3017241358757019,0.4929757416248321,-0.43540398776531225,0.1346354037523269,0.5700393915176392,4.64651894569397,4.671033954620361,0.0245150089263916,trials10train_r100test_r100AllTrue,trials10train_r100test_r100AllTrue
Basketball_temporal/finer2004,Basketball_finer,serialRank,-0.6615581512451172,1.2068965435028076,1.8684546947479248,-0.1653895378112793,0.3017241358757019,0.4671136736869812,0.1219294168055057,0.1346354037523269,0.0127059869468212,4.661814880371093,4.671033954620361,0.0092190742492675,trials10train_r100test_r100AllTrue,trials10train_r100test_r100AllTrue
Basketball_temporal/finer2004,Basketball_finer,DIGRAC,0.18208812117576612,1.2068965435028076,1.0248084223270415,0.04551724106073379,0.3017241358757019,0.2562068948149681,0.12640064397826792,0.1346354037523269,0.008234759774059,-13.531385040283203,4.671033954620361,18.202418994903564,trials10train_r100test_r100AllTrue,K20dropout50ratio_coe100margin_coe0withdistFiedler5sigma100alpha100hid32lr10useSpringRanktrials10train_r100test_r100AllTrue
Basketball_temporal/finer2004,Basketball_finer,ib,-0.12577267646789547,1.2068965435028076,1.332669219970703,-0.2860025548934937,0.3017241358757019,0.5877266907691956,0.055646420689299717,0.1346354037523269,0.0789889830630272,-25.802391147613527,4.671033954620361,30.47342510223389,trials10train_r100test_r100AllTrue,K20dropout50ratio_coe100margin_coe0withdistFiedler5sigma100alpha100hid32lr10useSpringRanktrials10train_r100test_r100AllTrue
Basketball_temporal/finer2005,Basketball_finer,SpringRank,0.3913043737411499,1.233540415763855,0.8422360420227051,0.0978260934352875,0.3083851039409637,0.2105590105056762,0.1403857381083071,0.1479440033435821,0.007558265235275,4.832083725929261,4.910493803024292,0.0784100770950317,trials10train_r100test_r100AllTrue,trials10train_r100test_r100AllTrue
Basketball_temporal/finer2005,Basketball_finer,davidScore,0.3490683436393738,1.233540415763855,0.8844720721244812,0.08726708590984339,0.3083851039409637,0.2211180180311203,-0.35948422551155096,0.1479440033435821,0.5074282288551331,4.907348656654358,4.910493803024292,0.003145146369934,trials10train_r100test_r100AllTrue,trials10train_r100test_r100AllTrue
Basketball_temporal/finer2005,Basketball_finer,SVD_NRS,0.2844721078872682,1.233540415763855,0.9490683078765868,0.07111802697181699,0.3083851039409637,0.2372670769691467,-0.3178544044494629,0.1479440033435821,0.465798407793045,4.904898953437805,4.910493803024292,0.0055948495864868,trials10train_r100test_r100AllTrue,trials10train_r100test_r100AllTrue
Basketball_temporal/finer2005,Basketball_finer,btl,-0.144720447063446,1.233540415763855,1.378260862827301,-0.0361801117658615,0.3083851039409637,0.3445652157068252,0.134772586170584,0.1479440033435821,0.0131714171729981,4.862893319129944,4.910493803024292,0.0476004838943481,trials10train_r100test_r100AllTrue,trials10train_r100test_r100AllTrue
Basketball_temporal/finer2005,Basketball_finer,PageRank,0.14285719394683838,1.233540415763855,1.0906832218170166,0.035714298486709595,0.3083851039409637,0.2726708054542541,0.1403442448936403,0.1479440033435821,0.0075997584499418,4.908346199989319,4.910493803024292,0.0021476030349731,trials10train_r100test_r100AllTrue,trials10train_r100test_r100AllTrue
Basketball_temporal/finer2005,Basketball_finer,syncRank,-0.5913043022155762,1.233540415763855,1.8248447179794312,-0.1478260755538941,0.3083851039409637,0.4562111794948578,0.1359935747459531,0.1479440033435821,0.011950428597629,4.417541885375977,4.910493803024292,0.4929519176483154,trials10train_r100test_r100AllTrue,trials10train_r100test_r100AllTrue
Basketball_temporal/finer2005,Basketball_finer,rankCentrality,-0.7225464701652531,1.233540415763855,1.956086885929108,-0.21170804500579837,0.3083851039409637,0.5200931489467621,-0.44832846522331243,0.1479440033435821,0.5962724685668945,4.882760763168335,4.910493803024292,0.027733039855957,trials10train_r100test_r100AllTrue,trials10train_r100test_r100AllTrue
Basketball_temporal/finer2005,Basketball_finer,serialRank,-0.6919254064559939,1.233540415763855,1.9254658222198489,-0.1729813516139984,0.3083851039409637,0.4813664555549621,0.1351676374673843,0.1479440033435821,0.0127763658761978,4.901668453216553,4.910493803024292,0.0088253498077392,trials10train_r100test_r100AllTrue,trials10train_r100test_r100AllTrue
Basketball_temporal/finer2005,Basketball_finer,DIGRAC,0.2185838854312896,1.233540415763855,1.0149565303325654,0.0546459713578224,0.3083851039409637,0.2537391325831413,0.1395245947595686,0.1479440033435821,0.0084194085840135,-13.428581094741826,4.910493803024292,18.339074897766118,trials10train_r100test_r100AllTrue,K20dropout50ratio_coe100margin_coe0withdistFiedler5sigma100alpha100hid32lr10useSpringRanktrials10train_r100test_r100AllTrue
Basketball_temporal/finer2005,Basketball_finer,ib,0.10349072813987736,1.233540415763855,1.1300496876239776,-0.41618011325597765,0.3083851039409637,0.7245652171969413,0.08443819843232629,0.1479440033435821,0.0635058049112558,-56.26783797740936,4.910493803024292,61.17833178043365,trials10train_r100test_r100AllTrue,K20dropout50ratio_coe100margin_coe0withdistFiedler5sigma100alpha100hid32lr10useSpringRanktrials10train_r100test_r100AllTrue
Basketball_temporal/finer2006,Basketball_finer,SpringRank,0.3640747666358948,1.2224231958389282,0.8583484292030334,0.0910186916589737,0.305605798959732,0.2145871073007583,0.131754559930414,0.1386067420244217,0.0068521820940077,5.105367231369018,5.177806067466736,0.0724388360977172,trials10train_r100test_r100AllTrue,trials10train_r100test_r100AllTrue
Basketball_temporal/finer2006,Basketball_finer,davidScore,0.3713080883026123,1.2224231958389282,0.8511151075363159,0.0928270220756531,0.305605798959732,0.2127787768840789,-0.37276457250118256,0.1386067420244217,0.5113713145256042,5.174619102478028,5.177806067466736,0.0031869649887084,trials10train_r100test_r100AllTrue,trials10train_r100test_r100AllTrue
Basketball_temporal/finer2006,Basketball_finer,SVD_NRS,0.28330326080322266,1.2224231958389282,0.9391199350357056,0.07082581520080561,0.305605798959732,0.2347799837589264,-0.3378209620714187,0.1386067420244217,0.4764277040958404,5.171950912475586,5.177806067466736,0.0058551549911499,trials10train_r100test_r100AllTrue,trials10train_r100test_r100AllTrue
Basketball_temporal/finer2006,Basketball_finer,btl,-0.17649180889129634,1.2224231958389282,1.3989150047302246,-0.044122952222824086,0.305605798959732,0.3497287511825561,0.125469670817256,0.1386067420244217,0.0131370712071657,5.130160689353943,5.177806067466736,0.0476453781127929,trials10train_r100test_r100AllTrue,trials10train_r100test_r100AllTrue
Basketball_temporal/finer2006,Basketball_finer,PageRank,0.10849916934967041,1.2224231958389282,1.1139240264892578,0.027124792337417603,0.305605798959732,0.2784810066223144,0.1307400949299336,0.1386067420244217,0.0078666470944881,5.176073741912842,5.177806067466736,0.001732325553894,trials10train_r100test_r100AllTrue,trials10train_r100test_r100AllTrue
Basketball_temporal/finer2006,Basketball_finer,syncRank,-0.5424954891204834,1.2224231958389282,1.7649186849594116,-0.1356238722801209,0.305605798959732,0.4412296712398529,0.1267552571371198,0.1386067420244217,0.0118514848873019,4.674006772041321,5.177806067466736,0.503799295425415,trials10train_r100test_r100AllTrue,trials10train_r100test_r100AllTrue
Basketball_temporal/finer2006,Basketball_finer,rankCentrality,-0.6938215255737306,1.2224231958389282,1.9162447214126588,-0.2058468818664551,0.305605798959732,0.5114526808261871,-0.4336209148168564,0.1386067420244217,0.5722276568412781,5.15058581829071,5.177806067466736,0.0272202491760253,trials10train_r100test_r100AllTrue,trials10train_r100test_r100AllTrue
Basketball_temporal/finer2006,Basketball_finer,serialRank,-0.7462326288223267,1.2224231958389282,1.9686558246612549,-0.18655815720558172,0.305605798959732,0.4921639561653137,0.1257107730954886,0.1386067420244217,0.0128959689289331,5.168871569633484,5.177806067466736,0.0089344978332519,trials10train_r100test_r100AllTrue,trials10train_r100test_r100AllTrue
Basketball_temporal/finer2006,Basketball_finer,DIGRAC,0.15098257064819331,1.2224231958389282,1.071440625190735,0.03774564266204827,0.305605798959732,0.2678601562976837,0.13039436668157578,0.1386067420244217,0.0082123753428459,-13.350206255912784,5.177806067466736,18.52801232337952,trials10train_r100test_r100AllTrue,K20dropout50ratio_coe100margin_coe0withdistFiedler5sigma100alpha100hid32lr10useSpringRanktrials10train_r100test_r100AllTrue
Basketball_temporal/finer2006,Basketball_finer,ib,0.11207357883453373,1.2224231958389282,1.1103496170043945,-0.4327727437019349,0.305605798959732,0.7383785426616669,0.08000763475894929,0.1386067420244217,0.0585991072654724,-64.48658649921417,5.177806067466736,69.6643925666809,trials10train_r100test_r100AllTrue,K20dropout50ratio_coe100margin_coe0withdistFiedler5sigma100alpha100hid32lr10useSpringRanktrials10train_r100test_r100AllTrue
Basketball_temporal/finer2007,Basketball_finer,SpringRank,0.3737373948097229,1.2300785779953003,0.8563411831855774,0.09343434870243078,0.3075196444988251,0.2140852957963943,0.13707325700670478,0.1449491828680038,0.007875925861299,5.869875884056091,5.944427847862244,0.0745519638061523,trials10train_r100test_r100AllTrue,trials10train_r100test_r100AllTrue
Basketball_temporal/finer2007,Basketball_finer,davidScore,0.3007856607437135,1.2300785779953003,0.9292929172515868,0.07519641518592837,0.3075196444988251,0.2323232293128967,-0.3839373737573624,0.1449491828680038,0.5288865566253662,5.9410442352294925,5.944427847862244,0.0033836126327514,trials10train_r100test_r100AllTrue,trials10train_r100test_r100AllTrue
Basketball_temporal/finer2007,Basketball_finer,SVD_NRS,0.29854100942611705,1.2300785779953003,0.9315375685691832,0.07463525235652926,0.3075196444988251,0.2328843921422958,-0.33041967451572424,0.1449491828680038,0.475368857383728,5.938686943054199,5.944427847862244,0.0057409048080444,trials10train_r100test_r100AllTrue,trials10train_r100test_r100AllTrue
Basketball_temporal/finer2007,Basketball_finer,btl,-0.1627384662628173,1.2300785779953003,1.3928170442581176,-0.040684616565704323,0.3075196444988251,0.3482042610645294,0.1314264024607837,0.1449491828680038,0.0135227804072201,5.896183323860169,5.944427847862244,0.0482445240020752,trials10train_r100test_r100AllTrue,trials10train_r100test_r100AllTrue
Basketball_temporal/finer2007,Basketball_finer,PageRank,0.14478111267089822,1.2300785779953003,1.085297465324402,0.036195278167724665,0.3075196444988251,0.2713243663311004,0.13682516012340779,0.1449491828680038,0.008124022744596,5.942737007141114,5.944427847862244,0.0016908407211303,trials10train_r100test_r100AllTrue,trials10train_r100test_r100AllTrue
Basketball_temporal/finer2007,Basketball_finer,syncRank,-0.6184062957763674,1.2300785779953003,1.8484848737716677,-0.15460157394409174,0.3075196444988251,0.4621212184429168,0.13216246664524078,0.1449491828680038,0.012786716222763,5.420373153686524,5.944427847862244,0.5240546941757203,trials10train_r100test_r100AllTrue,trials10train_r100test_r100AllTrue
Basketball_temporal/finer2007,Basketball_finer,rankCentrality,-0.6857463121414185,1.2300785779953003,1.9158248901367188,-0.17143657803535461,0.3075196444988251,0.4789562225341797,-0.3882650882005692,0.1449491828680038,0.533214271068573,5.922949290275573,5.944427847862244,0.0214785575866699,trials10train_r100test_r100AllTrue,trials10train_r100test_r100AllTrue
Basketball_temporal/finer2007,Basketball_finer,serialRank,-0.7147026181221008,1.2300785779953003,1.944781196117401,-0.17867565453052514,0.3075196444988251,0.4861952990293502,0.1309474644251168,0.1449491828680038,0.014001718442887,5.9348214864730835,5.944427847862244,0.0096063613891601,trials10train_r100test_r100AllTrue,trials10train_r100test_r100AllTrue
Basketball_temporal/finer2007,Basketball_finer,DIGRAC,0.18810326218605034,1.2300785779953003,1.04197531580925,0.047025815546512584,0.3075196444988251,0.2604938289523125,0.136208185441792,0.1449491828680038,0.0087409974262118,-11.796533870697022,5.944427847862244,17.740961718559266,trials10train_r100test_r100AllTrue,K20dropout50ratio_coe100margin_coe0withdistFiedler5sigma100alpha100hid32lr10useSpringRanktrials10train_r100test_r100AllTrue
Basketball_temporal/finer2007,Basketball_finer,ib,0.09900675177574159,1.2300785779953003,1.1310718262195587,-0.39981481045484546,0.3075196444988251,0.7073344549536705,0.07878869712352748,0.1449491828680038,0.0661604857444763,-62.29022862911225,5.944427847862244,68.2346564769745,trials10train_r100test_r100AllTrue,K20dropout50ratio_coe100margin_coe0withdistFiedler5sigma100alpha100hid32lr10useSpringRanktrials10train_r100test_r100AllTrue
Basketball_temporal/finer2008,Basketball_finer,SpringRank,0.33586961030960083,1.182608723640442,0.8467391133308411,0.08396740257740026,0.2956521809101105,0.2116847783327102,0.1170802554115653,0.1247979775071144,0.0077177220955491,6.2031919956207275,6.270171284675598,0.0669792890548706,trials10train_r100test_r100AllTrue,trials10train_r100test_r100AllTrue
Basketball_temporal/finer2008,Basketball_finer,davidScore,0.2978261113166809,1.182608723640442,0.884782612323761,0.07445652782917028,0.2956521809101105,0.2211956530809402,-0.3886832222342491,0.1247979775071144,0.5134811997413635,6.266807198524475,6.270171284675598,0.003364086151123,trials10train_r100test_r100AllTrue,trials10train_r100test_r100AllTrue
Basketball_temporal/finer2008,Basketball_finer,SVD_NRS,0.26956522464752186,1.182608723640442,0.91304349899292,0.06739130616188058,0.2956521809101105,0.2282608747482299,-0.34816738218069077,0.1247979775071144,0.4729653596878052,6.264365196228027,6.270171284675598,0.0058060884475708,trials10train_r100test_r100AllTrue,trials10train_r100test_r100AllTrue
Basketball_temporal/finer2008,Basketball_finer,btl,-0.1738043308258057,1.182608723640442,1.3564130544662476,-0.04345108270645143,0.2956521809101105,0.3391032636165619,0.1123442742042244,0.1247979775071144,0.01245370330289,6.221082544326782,6.270171284675598,0.0490887403488159,trials10train_r100test_r100AllTrue,trials10train_r100test_r100AllTrue
Basketball_temporal/finer2008,Basketball_finer,PageRank,0.05543482303619385,1.182608723640442,1.127173900604248,0.013858705759048462,0.2956521809101105,0.281793475151062,0.1169084161520005,0.1247979775071144,0.0078895613551139,6.268617272377014,6.270171284675598,0.0015540122985839,trials10train_r100test_r100AllTrue,trials10train_r100test_r100AllTrue
Basketball_temporal/finer2008,Basketball_finer,syncRank,-0.5402173995971682,1.182608723640442,1.72282612323761,-0.13505434989929194,0.2956521809101105,0.4307065308094024,0.11233869660645729,0.1247979775071144,0.0124592809006571,5.731208038330078,6.270171284675598,0.5389632463455201,trials10train_r100test_r100AllTrue,trials10train_r100test_r100AllTrue
Basketball_temporal/finer2008,Basketball_finer,rankCentrality,-0.7771738767623901,1.182608723640442,1.959782600402832,-0.19429346919059753,0.2956521809101105,0.489945650100708,-0.4615480527281761,0.1247979775071144,0.5863460302352905,6.2411856889724735,6.270171284675598,0.028985595703125,trials10train_r100test_r100AllTrue,trials10train_r100test_r100AllTrue
Basketball_temporal/finer2008,Basketball_finer,serialRank,-0.79347825050354,1.182608723640442,1.976086974143982,-0.198369562625885,0.2956521809101105,0.4940217435359955,0.1115684046410025,0.1247979775071144,0.0132295728661119,6.260403513908386,6.270171284675598,0.0097677707672119,trials10train_r100test_r100AllTrue,trials10train_r100test_r100AllTrue
Basketball_temporal/finer2008,Basketball_finer,DIGRAC,0.14078263878822317,1.182608723640442,1.0418260848522187,0.03519565969705579,0.2956521809101105,0.2604565212130547,0.1162405752111227,0.1247979775071144,0.0085574022959917,-12.837533164024354,6.270171284675598,19.107704448699952,trials10train_r100test_r100AllTrue,K20dropout50ratio_coe100margin_coe0withdistFiedler5sigma100alpha100hid32lr10useSpringRanktrials10train_r100test_r100AllTrue
Basketball_temporal/finer2008,Basketball_finer,ib,0.057940247058868355,1.182608723640442,1.1246684765815735,-0.4622662979364395,0.2956521809101105,0.75791847884655,0.0711081584356726,0.1247979775071144,0.0536898190714418,-71.96684243679047,6.270171284675598,78.23701372146607,trials10train_r100test_r100AllTrue,K20dropout50ratio_coe100margin_coe0withdistFiedler5sigma100alpha100hid32lr10useSpringRanktrials10train_r100test_r100AllTrue
Basketball_temporal/finer2009,Basketball_finer,SpringRank,0.38845425844192505,1.2247099876403809,0.8362557291984558,0.09711356461048132,0.3061774969100952,0.2090639322996139,0.1365818963386119,0.1439668983221054,0.0073850019834935,6.3703301668167125,6.43440215587616,0.0640719890594482,trials10train_r100test_r100AllTrue,trials10train_r100test_r100AllTrue
Basketball_temporal/finer2009,Basketball_finer,davidScore,0.32910704612731934,1.2247099876403809,0.8956029415130615,0.08227676153182992,0.3061774969100952,0.2239007353782653,-0.37905777990818024,0.1439668983221054,0.5230246782302856,6.431012582778932,6.43440215587616,0.003389573097229,trials10train_r100test_r100AllTrue,trials10train_r100test_r100AllTrue
Basketball_temporal/finer2009,Basketball_finer,SVD_NRS,0.3107634186744689,1.2247099876403809,0.913946568965912,0.0776908546686173,0.3061774969100952,0.2284866422414779,-0.3501801043748855,0.1439668983221054,0.4941470026969909,6.428432989120484,6.43440215587616,0.0059691667556762,trials10train_r100test_r100AllTrue,trials10train_r100test_r100AllTrue
Basketball_temporal/finer2009,Basketball_finer,btl,-0.14653360843658425,1.2247099876403809,1.371243596076965,-0.03663340210914606,0.3061774969100952,0.3428108990192413,0.13110813014209272,0.1439668983221054,0.0128587681800127,6.3846230030059825,6.43440215587616,0.0497791528701782,trials10train_r100test_r100AllTrue,trials10train_r100test_r100AllTrue
Basketball_temporal/finer2009,Basketball_finer,PageRank,0.10898303985595703,1.2247099876403809,1.1157269477844238,0.027245759963989313,0.3061774969100952,0.2789317369461059,0.1360396770760417,0.1439668983221054,0.0079272212460637,6.432557606697083,6.43440215587616,0.0018445491790771,trials10train_r100test_r100AllTrue,trials10train_r100test_r100AllTrue
Basketball_temporal/finer2009,Basketball_finer,syncRank,-0.4888049364089966,1.2247099876403809,1.7135149240493774,-0.12220123410224909,0.3061774969100952,0.4283787310123443,0.1317168846726418,0.1439668983221054,0.0122500136494636,5.883265709877015,6.43440215587616,0.5511364459991455,trials10train_r100test_r100AllTrue,trials10train_r100test_r100AllTrue
Basketball_temporal/finer2009,Basketball_finer,rankCentrality,-0.8362557888031001,1.2247099876403809,2.060965776443481,-0.20906394720077515,0.3061774969100952,0.5152414441108704,-0.43098463118076324,0.1439668983221054,0.5749515295028687,6.40761845111847,6.43440215587616,0.0267837047576904,trials10train_r100test_r100AllTrue,trials10train_r100test_r100AllTrue
Basketball_temporal/finer2009,Basketball_finer,serialRank,-0.7906124472618101,1.2247099876403809,2.015322434902191,-0.19765311181545253,0.3061774969100952,0.5038306087255477,0.130733546987176,0.1439668983221054,0.0132333513349294,6.424445366859437,6.43440215587616,0.0099567890167236,trials10train_r100test_r100AllTrue,trials10train_r100test_r100AllTrue
Basketball_temporal/finer2009,Basketball_finer,DIGRAC,0.1784084022045136,1.2247099876403809,1.0463015854358673,0.0446021005511284,0.3061774969100952,0.2615753963589668,0.1355945879779756,0.1439668983221054,0.0083723103441298,-12.85841884613037,6.43440215587616,19.29282100200653,trials10train_r100test_r100AllTrue,K20dropout50ratio_coe100margin_coe0withdistFiedler5sigma100alpha100hid32lr10useSpringRanktrials10train_r100test_r100AllTrue
Basketball_temporal/finer2009,Basketball_finer,ib,0.011351472139358387,1.2247099876403809,1.2133585155010225,-0.3837065073847771,0.3061774969100952,0.6898840042948723,0.06531619353219871,0.1439668983221054,0.0786507047899067,-49.70517861843109,6.43440215587616,56.13958077430725,trials10train_r100test_r100AllTrue,K20dropout50ratio_coe100margin_coe0withdistFiedler5sigma100alpha100hid32lr10useSpringRanktrials10train_r100test_r100AllTrue
Basketball_temporal/finer2010,Basketball_finer,SpringRank,0.3804435133934021,1.1958322525024414,0.8153887391090393,0.0951108783483505,0.2989580631256103,0.2038471847772598,0.13367630774155262,0.1412109732627868,0.0075346655212342,6.38878984451294,6.487722110748291,0.0989322662353515,trials10train_r100test_r100AllTrue,trials10train_r100test_r100AllTrue
Basketball_temporal/finer2010,Basketball_finer,davidScore,0.3590703010559082,1.1958322525024414,0.8367619514465332,0.089767575263977,0.2989580631256103,0.2091904878616333,-0.3796647787094117,0.1412109732627868,0.5208757519721985,6.484355139732361,6.487722110748291,0.0033669710159301,trials10train_r100test_r100AllTrue,trials10train_r100test_r100AllTrue
Basketball_temporal/finer2010,Basketball_finer,SVD_NRS,0.27357739210128784,1.1958322525024414,0.9222548604011536,0.0683943480253219,0.2989580631256103,0.2305637151002884,-0.3296108543872834,0.1412109732627868,0.4708218276500702,6.481843423843384,6.487722110748291,0.0058786869049072,trials10train_r100test_r100AllTrue,trials10train_r100test_r100AllTrue
Basketball_temporal/finer2010,Basketball_finer,btl,-0.14020836353302002,1.1958322525024414,1.3360406160354614,-0.035052090883255005,0.2989580631256103,0.3340101540088653,0.1285837842151522,0.1412109732627868,0.0126271890476346,6.437457060813904,6.487722110748291,0.0502650499343872,trials10train_r100test_r100AllTrue,trials10train_r100test_r100AllTrue
Basketball_temporal/finer2010,Basketball_finer,PageRank,0.06732571125030518,1.1958322525024414,1.1285065412521362,0.016831427812576294,0.2989580631256103,0.282126635313034,0.1335085062310099,0.1412109732627868,0.0077024670317769,6.485833907127381,6.487722110748291,0.0018882036209106,trials10train_r100test_r100AllTrue,trials10train_r100test_r100AllTrue
Basketball_temporal/finer2010,Basketball_finer,syncRank,-0.4841036796569824,1.1958322525024414,1.6799359321594238,-0.1210259199142456,0.2989580631256103,0.4199839830398559,0.128727687522769,0.1412109732627868,0.0124832857400178,5.933161091804505,6.487722110748291,0.5545610189437866,trials10train_r100test_r100AllTrue,trials10train_r100test_r100AllTrue
Basketball_temporal/finer2010,Basketball_finer,rankCentrality,-0.7769168615341187,1.1958322525024414,1.97274911403656,-0.19422921538352972,0.2989580631256103,0.49318727850914,-0.4370716214179993,0.1412109732627868,0.5782825946807861,6.457855367660523,6.487722110748291,0.0298667430877685,trials10train_r100test_r100AllTrue,trials10train_r100test_r100AllTrue
Basketball_temporal/finer2010,Basketball_finer,serialRank,-0.7801228761672974,1.1958322525024414,1.9759551286697388,-0.1950307190418244,0.2989580631256103,0.4939887821674347,0.12787293335422872,0.1412109732627868,0.0133380399085581,6.478814148902893,6.487722110748291,0.0089079618453979,trials10train_r100test_r100AllTrue,trials10train_r100test_r100AllTrue
Basketball_temporal/finer2010,Basketball_finer,DIGRAC,0.15741387605667123,1.1958322525024414,1.0384183764457702,0.03935346901416781,0.2989580631256103,0.2596045941114425,0.1328747454006225,0.1412109732627868,0.0083362278621643,-12.424440860748291,6.487722110748291,18.91216297149658,trials10train_r100test_r100AllTrue,K20dropout50ratio_coe100margin_coe0withdistFiedler5sigma100alpha100hid32lr10useSpringRanktrials10train_r100test_r100AllTrue
Basketball_temporal/finer2010,Basketball_finer,ib,0.08037940025329582,1.1958322525024414,1.1154528522491456,-0.4390381973981858,0.2989580631256103,0.7379962605237961,0.0829922175593674,0.1412109732627868,0.0582187557034194,-69.03253645896912,6.487722110748291,75.52025856971741,trials10train_r100test_r100AllTrue,K20dropout50ratio_coe100margin_coe0withdistFiedler5sigma100alpha100hid32lr10useSpringRanktrials10train_r100test_r100AllTrue
Basketball_temporal/finer2011,Basketball_finer,SpringRank,0.3956161141395569,1.248863935470581,0.8532478213310242,0.09890402853488922,0.3122159838676452,0.213311955332756,0.1354582994244993,0.1427688896656036,0.0073105902411043,6.3815178871154785,6.446493601799011,0.0649757146835327,trials10train_r100test_r100AllTrue,trials10train_r100test_r100AllTrue
Basketball_temporal/finer2011,Basketball_finer,davidScore,0.3774392008781433,1.248863935470581,0.8714247345924377,0.0943598002195358,0.3122159838676452,0.2178561836481094,-0.37846019864082336,0.1427688896656036,0.521229088306427,6.443118929862976,6.446493601799011,0.0033746719360351,trials10train_r100test_r100AllTrue,trials10train_r100test_r100AllTrue
Basketball_temporal/finer2011,Basketball_finer,SVD_NRS,0.35605454444885254,1.248863935470581,0.8928093910217285,0.08901363611221311,0.3122159838676452,0.2232023477554321,-0.32244935631752014,0.1427688896656036,0.4652182459831238,6.439519238471984,6.446493601799011,0.0069743633270263,trials10train_r100test_r100AllTrue,trials10train_r100test_r100AllTrue
Basketball_temporal/finer2011,Basketball_finer,btl,-0.11291099786758418,1.248863935470581,1.3617749333381652,-0.0282277494668961,0.3122159838676452,0.3404437333345413,0.1306771650910378,0.1427688896656036,0.0120917245745658,6.396796536445617,6.446493601799011,0.0496970653533935,trials10train_r100test_r100AllTrue,trials10train_r100test_r100AllTrue
Basketball_temporal/finer2011,Basketball_finer,PageRank,0.11226940155029297,1.248863935470581,1.136594533920288,0.028067350387573187,0.3122159838676452,0.284148633480072,0.13520426442846661,0.1427688896656036,0.007564625237137,6.444706964492798,6.446493601799011,0.0017866373062133,trials10train_r100test_r100AllTrue,trials10train_r100test_r100AllTrue
Basketball_temporal/finer2011,Basketball_finer,syncRank,-0.4020315408706665,1.248863935470581,1.6508954763412476,-0.10050788521766668,0.3122159838676452,0.4127238690853119,0.13089845608919862,0.1427688896656036,0.011870433576405,5.900762271881103,6.446493601799011,0.5457313299179077,trials10train_r100test_r100AllTrue,trials10train_r100test_r100AllTrue
Basketball_temporal/finer2011,Basketball_finer,rankCentrality,-0.7655706405639648,1.248863935470581,2.014434576034546,-0.19139266014099127,0.3122159838676452,0.5036086440086365,-0.4470117390155792,0.1427688896656036,0.5897806286811829,6.417165970802307,6.446493601799011,0.0293276309967041,trials10train_r100test_r100AllTrue,trials10train_r100test_r100AllTrue
Basketball_temporal/finer2011,Basketball_finer,serialRank,-0.7078320980072021,1.248863935470581,1.9566960334777832,-0.1769580245018006,0.3122159838676452,0.4891740083694458,0.12988637434318662,0.1427688896656036,0.012882515322417,6.436751151084899,6.446493601799011,0.0097424507141113,trials10train_r100test_r100AllTrue,trials10train_r100test_r100AllTrue
Basketball_temporal/finer2011,Basketball_finer,DIGRAC,0.23122693777084335,1.248863935470581,1.0176369976997377,0.05780272454023361,0.3122159838676452,0.2544132593274116,0.1347762399446219,0.1427688896656036,0.0079926497209817,-12.299171018600466,6.446493601799011,18.745664620399477,trials10train_r100test_r100AllTrue,K20dropout50ratio_coe100margin_coe0withdistFiedler5sigma100alpha100hid32lr10useSpringRanktrials10train_r100test_r100AllTrue
Basketball_temporal/finer2011,Basketball_finer,ib,0.055343476533889824,1.248863935470581,1.1935204589366912,-0.3907992497086526,0.3122159838676452,0.7030152335762978,0.07613000139594081,0.1427688896656036,0.0666388882696628,-58.93719382286071,6.446493601799011,65.38368742465973,trials10train_r100test_r100AllTrue,K20dropout50ratio_coe100margin_coe0withdistFiedler5sigma100alpha100hid32lr10useSpringRanktrials10train_r100test_r100AllTrue
Basketball_temporal/finer2012,Basketball_finer,SpringRank,0.3884319067001343,1.1928893327713013,0.804457426071167,0.09710797667503362,0.2982223331928253,0.2011143565177917,0.13073822716251018,0.1381179094314575,0.0073796822689473,6.502242541313171,6.565420198440552,0.0631776571273803,trials10train_r100test_r100AllTrue,trials10train_r100test_r100AllTrue
Basketball_temporal/finer2012,Basketball_finer,davidScore,0.3629609942436218,1.1928893327713013,0.8299283385276794,0.09074024856090551,0.2982223331928253,0.2074820846319198,-0.3803923726081848,0.1381179094314575,0.5185102820396423,6.562034511566162,6.565420198440552,0.0033856868743896,trials10train_r100test_r100AllTrue,trials10train_r100test_r100AllTrue
Basketball_temporal/finer2012,Basketball_finer,SVD_NRS,0.3077738881111145,1.1928893327713013,0.8851154446601868,0.07694347202777863,0.2982223331928253,0.2212788611650467,-0.3391590714454651,0.1381179094314575,0.4772769808769226,6.559571743011475,6.565420198440552,0.0058484554290771,trials10train_r100test_r100AllTrue,trials10train_r100test_r100AllTrue
Basketball_temporal/finer2012,Basketball_finer,btl,-0.18010084629058842,1.1928893327713013,1.3729901790618897,-0.045025211572647106,0.2982223331928253,0.3432475447654724,0.12541081383824348,0.1381179094314575,0.012707095593214,6.516072082519531,6.565420198440552,0.0493481159210205,trials10train_r100test_r100AllTrue,trials10train_r100test_r100AllTrue
Basketball_temporal/finer2012,Basketball_finer,PageRank,0.08914828300476096,1.1928893327713013,1.1037410497665403,0.02228707075119024,0.2982223331928253,0.2759352624416351,0.1304422416724265,0.1381179094314575,0.007675667759031,6.563673448562622,6.565420198440552,0.0017467498779296,trials10train_r100test_r100AllTrue,trials10train_r100test_r100AllTrue
Basketball_temporal/finer2012,Basketball_finer,syncRank,-0.4892544746398926,1.1928893327713013,1.6821438074111938,-0.12231361865997309,0.2982223331928253,0.4205359518527984,0.1260439176112414,0.1381179094314575,0.0120739918202161,6.012881565093994,6.565420198440552,0.5525386333465576,trials10train_r100test_r100AllTrue,trials10train_r100test_r100AllTrue
Basketball_temporal/finer2012,Basketball_finer,rankCentrality,-0.712125301361084,1.1928893327713013,1.9050146341323853,-0.178031325340271,0.2982223331928253,0.4762536585330963,-0.42817413806915283,0.1381179094314575,0.5662920475006104,6.537865400314331,6.565420198440552,0.0275547981262207,trials10train_r100test_r100AllTrue,trials10train_r100test_r100AllTrue
Basketball_temporal/finer2012,Basketball_finer,serialRank,-0.7747412919998171,1.1928893327713013,1.9676306247711184,-0.19368532299995417,0.2982223331928253,0.4919076561927795,0.124609961360693,0.1381179094314575,0.0135079480707645,6.555483937263489,6.565420198440552,0.0099362611770629,trials10train_r100test_r100AllTrue,trials10train_r100test_r100AllTrue
Basketball_temporal/finer2012,Basketball_finer,DIGRAC,0.18428227186203006,1.1928893327713013,1.0086070609092712,0.046070567965507514,0.2982223331928253,0.2521517652273178,0.1299478883389384,0.1381179094314575,0.0081700210925191,-12.669338846206664,6.565420198440552,19.234759044647216,trials10train_r100test_r100AllTrue,K20dropout50ratio_coe100margin_coe0withdistFiedler5sigma100alpha100hid32lr10useSpringRanktrials10train_r100test_r100AllTrue
Basketball_temporal/finer2012,Basketball_finer,ib,-0.09565935373306278,1.1928893327713013,1.288548686504364,-0.3424728095531464,0.2982223331928253,0.6406951427459717,0.0602642467059195,0.1381179094314575,0.077853662725538,-42.14714725017548,6.565420198440552,48.71256744861603,trials10train_r100test_r100AllTrue,K20dropout50ratio_coe100margin_coe0withdistFiedler5sigma100alpha100hid32lr10useSpringRanktrials10train_r100test_r100AllTrue
Basketball_temporal/finer2013,Basketball_finer,SpringRank,0.37727874517440796,1.2068692445755005,0.8295904994010925,0.09431968629360202,0.3017173111438751,0.2073976248502731,0.1333976434543729,0.141246885061264,0.0078492416068911,6.587008953094482,6.646721863746643,0.0597129106521606,trials10train_r100test_r100AllTrue,trials10train_r100test_r100AllTrue
Basketball_temporal/finer2013,Basketball_finer,davidScore,0.33077943325042725,1.2068692445755005,0.8760898113250732,0.08269485831260681,0.3017173111438751,0.2190224528312683,-0.37394627928733826,0.141246885061264,0.5151931643486023,6.6433144330978395,6.646721863746643,0.0034074306488037,trials10train_r100test_r100AllTrue,trials10train_r100test_r100AllTrue
Basketball_temporal/finer2013,Basketball_finer,SVD_NRS,0.2863937020301819,1.2068692445755005,0.9204755425453186,0.07159842550754553,0.3017173111438751,0.2301188856363296,-0.3426152169704437,0.141246885061264,0.4838621020317077,6.64076795578003,6.646721863746643,0.0059539079666137,trials10train_r100test_r100AllTrue,trials10train_r100test_r100AllTrue
Basketball_temporal/finer2013,Basketball_finer,btl,-0.16602375507354727,1.2068692445755005,1.3728929996490478,-0.04150593876838676,0.3017173111438751,0.3432232499122619,0.1286709022708237,0.141246885061264,0.0125759827904403,6.596043229103088,6.646721863746643,0.0506786346435546,trials10train_r100test_r100AllTrue,trials10train_r100test_r100AllTrue
Basketball_temporal/finer2013,Basketball_finer,PageRank,0.07820343971252441,1.2068692445755005,1.128665804862976,0.019550859928131104,0.3017173111438751,0.282166451215744,0.1332430439069867,0.141246885061264,0.0080038411542773,6.645022916793824,6.646721863746643,0.0016989469528198,trials10train_r100test_r100AllTrue,trials10train_r100test_r100AllTrue
Basketball_temporal/finer2013,Basketball_finer,syncRank,-0.5231175422668457,1.2068692445755005,1.7299867868423462,-0.13077938556671137,0.3017173111438751,0.4324966967105865,0.12902804370969542,0.141246885061264,0.0122188413515686,6.088599371910096,6.646721863746643,0.5581224918365478,trials10train_r100test_r100AllTrue,trials10train_r100test_r100AllTrue
Basketball_temporal/finer2013,Basketball_finer,rankCentrality,-0.7651255130767822,1.2068692445755005,1.9719947576522827,-0.19128137826919556,0.3017173111438751,0.4929986894130707,-0.41517892479896545,0.141246885061264,0.5564258098602295,6.620183086395264,6.646721863746643,0.0265387773513793,trials10train_r100test_r100AllTrue,trials10train_r100test_r100AllTrue
Basketball_temporal/finer2013,Basketball_finer,serialRank,-0.8581241369247437,1.2068692445755005,2.064993381500244,-0.2145310342311859,0.3017173111438751,0.516248345375061,0.1280230922624469,0.141246885061264,0.0132237927988171,6.63585331439972,6.646721863746643,0.0108685493469238,trials10train_r100test_r100AllTrue,trials10train_r100test_r100AllTrue
Basketball_temporal/finer2013,Basketball_finer,DIGRAC,0.21127611994743345,1.2068692445755005,0.995593124628067,0.05281902998685842,0.3017173111438751,0.2488982811570167,0.13265630396083,0.141246885061264,0.008590581100434,-12.570975828170775,6.646721863746643,19.21769769191742,trials10train_r100test_r100AllTrue,K20dropout50ratio_coe100margin_coe0withdistFiedler5sigma100alpha100hid32lr10useSpringRanktrials10train_r100test_r100AllTrue
Basketball_temporal/finer2013,Basketball_finer,ib,0.026367261409759424,1.2068692445755005,1.180501983165741,-0.41351122260093687,0.3017173111438751,0.715228533744812,0.07330185880884531,0.141246885061264,0.0679450262524187,-68.40021917819976,6.646721863746643,75.04694104194641,trials10train_r100test_r100AllTrue,K20dropout50ratio_coe100margin_coe0withdistFiedler5sigma100alpha100hid32lr10useSpringRanktrials10train_r100test_r100AllTrue
Basketball_temporal/finer2014,Basketball_finer,SpringRank,0.3710905909538269,1.2120893001556396,0.8409987092018127,0.09277264773845681,0.3030223250389099,0.2102496773004531,0.1372585748322308,0.1435922682285308,0.0063336933963,6.610419678688049,6.701660323143005,0.091240644454956,trials10train_r100test_r100AllTrue,trials10train_r100test_r100AllTrue
Basketball_temporal/finer2014,Basketball_finer,davidScore,0.34901440143585205,1.2120893001556396,0.8630748987197876,0.08725360035896301,0.3030223250389099,0.2157687246799469,-0.38142725825309765,0.1435922682285308,0.5250195264816284,6.698221731185913,6.701660323143005,0.0034385919570922,trials10train_r100test_r100AllTrue,trials10train_r100test_r100AllTrue
Basketball_temporal/finer2014,Basketball_finer,SVD_NRS,0.3290407061576843,1.2120893001556396,0.8830485939979553,0.08226017653942111,0.3030223250389099,0.2207621484994888,-0.3255837857723237,0.1435922682285308,0.4691760540008545,6.695681476593018,6.701660323143005,0.0059788465499877,trials10train_r100test_r100AllTrue,trials10train_r100test_r100AllTrue
Basketball_temporal/finer2014,Basketball_finer,btl,-0.208672857284546,1.2120893001556396,1.4207621574401856,-0.0521682143211365,0.3030223250389099,0.3551905393600464,0.13142363382503391,0.1435922682285308,0.0121686344034969,6.650928401947022,6.701660323143005,0.0507319211959838,trials10train_r100test_r100AllTrue,trials10train_r100test_r100AllTrue
Basketball_temporal/finer2014,Basketball_finer,PageRank,0.07884359359741211,1.2120893001556396,1.1332457065582275,0.019710898399353027,0.3030223250389099,0.2833114266395569,0.1367690251208841,0.1435922682285308,0.0068232431076467,6.699933385848999,6.701660323143005,0.0017269372940063,trials10train_r100test_r100AllTrue,trials10train_r100test_r100AllTrue
Basketball_temporal/finer2014,Basketball_finer,syncRank,-0.47516429424285866,1.2120893001556396,1.6872535943984983,-0.11879107356071467,0.3030223250389099,0.4218133985996246,0.1332401931285858,0.1435922682285308,0.010352075099945,6.135741877555847,6.701660323143005,0.5659184455871582,trials10train_r100test_r100AllTrue,trials10train_r100test_r100AllTrue
Basketball_temporal/finer2014,Basketball_finer,rankCentrality,-0.7568988800048828,1.2120893001556396,1.9689881801605225,-0.1892247200012207,0.3030223250389099,0.4922470450401306,-0.42064306139945995,0.1435922682285308,0.5642353296279907,6.671825385093689,6.701660323143005,0.0298349380493164,trials10train_r100test_r100AllTrue,trials10train_r100test_r100AllTrue
Basketball_temporal/finer2014,Basketball_finer,serialRank,-0.8567674160003662,1.2120893001556396,2.068856716156006,-0.21419185400009155,0.3030223250389099,0.5172141790390015,0.1323942264541983,0.1435922682285308,0.0111980417743325,6.690304017066955,6.701660323143005,0.0113563060760498,trials10train_r100test_r100AllTrue,trials10train_r100test_r100AllTrue
Basketball_temporal/finer2014,Basketball_finer,DIGRAC,0.1639894318580628,1.2120893001556396,1.0480998682975768,0.04099341571331022,0.3030223250389099,0.2620289093255997,0.13637617391534151,0.1435922682285308,0.0072160943131893,-12.647130727767944,6.701660323143005,19.34879105091095,trials10train_r100test_r100AllTrue,K20dropout50ratio_coe100margin_coe0withdistFiedler5sigma100alpha100hid32lr10useSpringRanktrials10train_r100test_r100AllTrue
Basketball_temporal/finer2014,Basketball_finer,ib,-0.16940348386764525,1.2120893001556396,1.381492784023285,-0.2808883172273636,0.3030223250389099,0.5839106422662735,0.053116981536149896,0.1435922682285308,0.0904752866923809,-18.832704043388365,6.701660323143005,25.53436436653137,trials10train_r100test_r100AllTrue,K20dropout50ratio_coe100margin_coe0withdistFiedler5sigma100alpha100hid32lr10useSpringRanktrials10train_r100test_r100AllTrue
Dryad_animal_society,Animal,SpringRank,-0.12578618526458746,0.3773584961891174,0.5031446814537048,-0.031446546316146906,0.0943396240472793,0.1257861703634262,-0.017549663782119806,0.3990956842899322,0.416645348072052,-0.145056438446045,0.0162815809249877,0.1613380193710327,trials10train_r100test_r100AllTrue,trials10train_r100test_r100AllTrue
Dryad_animal_society,Animal,davidScore,0.05031445622444147,0.3773584961891174,0.3270440399646759,0.012578614056110396,0.0943396240472793,0.0817610099911689,-0.010441422462463379,0.3990956842899322,0.4095371067523956,0.015344238281250002,0.0162815809249877,0.0009373426437377,trials10train_r100test_r100AllTrue,trials10train_r100test_r100AllTrue
Dryad_animal_society,Animal,SVD_NRS,-0.15094339847564703,0.3773584961891174,0.5283018946647644,-0.0377358496189118,0.0943396240472793,0.1320754736661911,-0.01729738712310791,0.3990956842899322,0.4163930714130401,0.013880634307861302,0.0162815809249877,0.0024009466171264,trials10train_r100test_r100AllTrue,trials10train_r100test_r100AllTrue
Dryad_animal_society,Animal,btl,-0.07547169923782354,0.3773584961891174,0.4528301954269409,-0.0188679248094559,0.0943396240472793,0.1132075488567352,0.17773219794034958,0.3990956842899322,0.2213634863495826,-0.8955380439758304,0.0162815809249877,0.911819624900818,trials10train_r100test_r100AllTrue,trials10train_r100test_r100AllTrue
Dryad_animal_society,Animal,PageRank,-0.27672958374023443,0.3773584961891174,0.6540880799293518,-0.0691823959350586,0.0943396240472793,0.1635220199823379,-0.040287286043167114,0.3990956842899322,0.4393829703330993,0.016006803512573203,0.0162815809249877,0.0002747774124145,trials10train_r100test_r100AllTrue,trials10train_r100test_r100AllTrue
Dryad_animal_society,Animal,syncRank,-1.1396226286888123,0.3773584961891174,1.5169811248779297,-0.2867924422025681,0.0943396240472793,0.3811320662498474,-0.4122295558452607,0.3990956842899322,0.8113252401351929,-0.007504725456237798,0.0162815809249877,0.0237863063812255,trials10train_r100test_r100AllTrue,trials10train_r100test_r100AllTrue
Dryad_animal_society,Animal,rankCentrality,-1.584905683994293,0.3773584961891174,1.9622641801834104,-0.3962264209985733,0.0943396240472793,0.4905660450458526,-0.9363122880458832,0.3990956842899322,1.3354079723358154,0.0143768072128295,0.0162815809249877,0.0019047737121582,trials10train_r100test_r100AllTrue,trials10train_r100test_r100AllTrue
Dryad_animal_society,Animal,serialRank,-1.6786163210868836,0.3773584961891174,2.055974817276001,-0.4691823899745942,0.0943396240472793,0.5635220140218735,-0.47751340270042425,0.3990956842899322,0.8766090869903564,0.0148802757263183,0.0162815809249877,0.0014013051986694,trials10train_r100test_r100AllTrue,trials10train_r100test_r100AllTrue
Dryad_animal_society,Animal,DIGRAC,-0.052327038049697905,0.3773584961891174,0.4296855342388153,-0.013081759512424504,0.0943396240472793,0.1074213835597038,-0.2497145155072213,0.3990956842899322,0.6488101997971535,-9.50483627319336,0.0162815809249877,9.521117854118348,trials10train_r100test_r100AllTrue,K3dropout50ratio_coe100margin_coe0withdistFiedler5sigma100alpha100hid32lr10useSpringRanktrials10train_r100test_r100AllTrue
Dryad_animal_society,Animal,ib,-0.6021383571624757,0.3773584961891174,0.979496853351593,-0.3534591153264046,0.0943396240472793,0.4477987393736839,-0.3608855909109116,0.3990956842899322,0.7599812752008438,-4.817646503448486,0.0162815809249877,4.833928084373474,trials10train_r100test_r100AllTrue,K3dropout50ratio_coe100margin_coe0withdistFiedler5sigma100alpha100hid32lr10useSpringRanktrials10train_r100test_r100AllTrue
FacultyHiringNetworks/Business/Business_FM_Full_,Faculty,SpringRank,-0.04924455285072321,0.3559037446975708,0.405148297548294,-0.012311138212680803,0.0889759361743927,0.1012870743870735,-0.1650823950767517,0.5057481527328491,0.6708305478096008,-0.006743431091308594,0.1123645782470703,0.1191080093383789,trials10train_r100test_r100AllTrue,trials10train_r100test_r100AllTrue
FacultyHiringNetworks/Business/Business_FM_Full_,Faculty,davidScore,-0.1303861141204834,0.3559037446975708,0.4862898588180542,-0.033016227185726096,0.0889759361743927,0.1219921633601188,-0.016243278980255127,0.5057481527328491,0.5219914317131042,0.1109354734420777,0.1123645782470703,0.0014291048049926,trials10train_r100test_r100AllTrue,trials10train_r100test_r100AllTrue
FacultyHiringNetworks/Business/Business_FM_Full_,Faculty,SVD_NRS,-0.1052042543888092,0.3559037446975708,0.46110799908638,-0.0263010635972023,0.0889759361743927,0.115276999771595,-0.11864060163497925,0.5057481527328491,0.6243887543678284,0.1090398311614991,0.1123645782470703,0.0033247470855712,trials10train_r100test_r100AllTrue,trials10train_r100test_r100AllTrue
FacultyHiringNetworks/Business/Business_FM_Full_,Faculty,btl,-0.05909346044063568,0.3559037446975708,0.4149972051382065,-0.014773365110158906,0.0889759361743927,0.1037493012845516,0.16990171968936923,0.5057481527328491,0.3358464330434799,0.08760282993316651,0.1123645782470703,0.0247617483139038,trials10train_r100test_r100AllTrue,trials10train_r100test_r100AllTrue
FacultyHiringNetworks/Business/Business_FM_Full_,Faculty,PageRank,-0.1298265159130096,0.3559037446975708,0.4857302606105804,-0.0324566289782524,0.0889759361743927,0.1214325651526451,0.06532195210456854,0.5057481527328491,0.4404262006282806,0.112022614479065,0.1123645782470703,0.0003419637680053,trials10train_r100test_r100AllTrue,trials10train_r100test_r100AllTrue
FacultyHiringNetworks/Business/Business_FM_Full_,Faculty,syncRank,-0.4839395582675934,0.3559037446975708,0.8398433029651642,-0.12098488956689829,0.0889759361743927,0.209960825741291,-0.4773877263069153,0.5057481527328491,0.9831358790397644,0.014683556556701699,0.1123645782470703,0.0976810216903686,trials10train_r100test_r100AllTrue,trials10train_r100test_r100AllTrue
FacultyHiringNetworks/Business/Business_FM_Full_,Faculty,rankCentrality,-1.6570788741111757,0.3559037446975708,2.0129826188087465,-0.41426971852779393,0.0889759361743927,0.5032456547021866,-0.9246312618255614,0.5057481527328491,1.4303794145584106,0.1079015970230103,0.1123645782470703,0.00446298122406,trials10train_r100test_r100AllTrue,trials10train_r100test_r100AllTrue
FacultyHiringNetworks/Business/Business_FM_Full_,Faculty,serialRank,-0.8326804637908936,0.3559037446975708,1.1885842084884644,-0.2081701159477234,0.0889759361743927,0.2971460521221161,-0.4874510169029237,0.5057481527328491,0.9931991696357728,0.1091538429260254,0.1123645782470703,0.0032107353210449,trials10train_r100test_r100AllTrue,trials10train_r100test_r100AllTrue
FacultyHiringNetworks/Business/Business_FM_Full_,Faculty,DIGRAC,-0.29219921648502345,0.3559037446975708,0.6481029611825943,-0.0730498041212558,0.0889759361743927,0.1620257402956485,-0.30325388133525844,0.5057481527328491,0.8090020340681076,-12.803514504432677,0.1123645782470703,12.915879082679748,trials10train_r100test_r100AllTrue,K5dropout50ratio_coe100margin_coe0withdistFiedler5sigma100alpha100hid32lr10useSpringRanktrials10train_r100test_r100AllTrue
FacultyHiringNetworks/Business/Business_FM_Full_,Faculty,ib,-0.5850475668907166,0.3559037446975708,0.9409513115882874,-0.5918298918008804,0.0889759361743927,0.6808058279752731,-0.4365980124473573,0.5057481527328491,0.9423461651802064,-6.768735957145691,0.1123645782470703,6.881100535392761,trials10train_r100test_r100AllTrue,K5dropout50ratio_coe100margin_coe0withdistFiedler5sigma100alpha100hid32lr10useSpringRanktrials10train_r100test_r100AllTrue
FacultyHiringNetworks/ComputerScience/ComputerScience_FM_Full_,Faculty,SpringRank,-0.09381662309169769,0.2388059645891189,0.3326225876808166,-0.023454155772924395,0.0597014911472797,0.0831556469202041,-0.08094638586044312,0.5676590800285339,0.648605465888977,0.0684763431549073,0.1286757707595825,0.0601994276046752,trials10train_r100test_r100AllTrue,trials10train_r100test_r100AllTrue
FacultyHiringNetworks/ComputerScience/ComputerScience_FM_Full_,Faculty,davidScore,-0.3710021227598191,0.2388059645891189,0.609808087348938,-0.0938166342675686,0.0597014911472797,0.1535181254148483,0.05512809753417969,0.5676590800285339,0.5125309824943542,0.1268428325653076,0.1286757707595825,0.0018329381942749,trials10train_r100test_r100AllTrue,trials10train_r100test_r100AllTrue
FacultyHiringNetworks/ComputerScience/ComputerScience_FM_Full_,Faculty,SVD_NRS,-0.3439943045377732,0.2388059645891189,0.5828002691268921,-0.0859985761344433,0.0597014911472797,0.145700067281723,-0.15270817279815674,0.5676590800285339,0.7203672528266907,0.1247321605682373,0.1286757707595825,0.0039436101913452,trials10train_r100test_r100AllTrue,trials10train_r100test_r100AllTrue
FacultyHiringNetworks/ComputerScience/ComputerScience_FM_Full_,Faculty,btl,-0.09893390834331511,0.2388059645891189,0.337739872932434,-0.024733477085828806,0.0597014911472797,0.0844349682331085,0.29059120714664466,0.5676590800285339,0.2770678728818893,0.05123338699340821,0.1286757707595825,0.0774423837661743,trials10train_r100test_r100AllTrue,trials10train_r100test_r100AllTrue
FacultyHiringNetworks/ComputerScience/ComputerScience_FM_Full_,Faculty,PageRank,-0.20753376185894018,0.2388059645891189,0.4463397264480591,-0.051883440464735,0.0597014911472797,0.1115849316120147,0.16986256837844854,0.5676590800285339,0.3977965116500854,0.1280931234359742,0.1286757707595825,0.0005826473236083,trials10train_r100test_r100AllTrue,trials10train_r100test_r100AllTrue
FacultyHiringNetworks/ComputerScience/ComputerScience_FM_Full_,Faculty,syncRank,-0.7967306822538374,0.2388059645891189,1.0355366468429563,-0.19971571490168571,0.0597014911472797,0.2594172060489654,-0.4224625825881957,0.5676590800285339,0.9901216626167296,-0.05384171009063721,0.1286757707595825,0.1825174808502197,trials10train_r100test_r100AllTrue,trials10train_r100test_r100AllTrue
FacultyHiringNetworks/ComputerScience/ComputerScience_FM_Full_,Faculty,rankCentrality,-1.7532338351011274,0.2388059645891189,1.9920397996902464,-0.4383084587752819,0.0597014911472797,0.4980099499225616,-0.7586407780647277,0.5676590800285339,1.3262998580932617,0.12011125087738041,0.1286757707595825,0.0085645198822021,trials10train_r100test_r100AllTrue,trials10train_r100test_r100AllTrue
FacultyHiringNetworks/ComputerScience/ComputerScience_FM_Full_,Faculty,serialRank,-1.6955934733152387,0.2388059645891189,1.9343994379043576,-0.5039090387523174,0.0597014911472797,0.5636105298995971,-0.43234091997146606,0.5676590800285339,1.0,0.1186455249786377,0.1286757707595825,0.0100302457809448,trials10train_r100test_r100AllTrue,trials10train_r100test_r100AllTrue
FacultyHiringNetworks/ComputerScience/ComputerScience_FM_Full_,Faculty,DIGRAC,-0.2813503968715669,0.2388059645891189,0.5201563614606858,-0.07034826010465621,0.0597014911472797,0.1300497512519359,-0.2396778100728989,0.5676590800285339,0.8073368901014328,-13.66209304332733,0.1286757707595825,13.790768814086912,trials10train_r100test_r100AllTrue,K9dropout50ratio_coe100margin_coe0withdistFiedler5sigma100alpha100hid32lr10useSpringRanktrials10train_r100test_r100AllTrue
FacultyHiringNetworks/ComputerScience/ComputerScience_FM_Full_,Faculty,ib,-0.6804264461994172,0.2388059645891189,0.919232410788536,-0.643027723133564,0.0597014911472797,0.7027292142808438,-0.3721081733703613,0.5676590800285339,0.9397672533988952,-16.060288643836977,0.1286757707595825,16.18896441459656,trials10train_r100test_r100AllTrue,K9dropout50ratio_coe100margin_coe0withdistFiedler5sigma100alpha100hid32lr10useSpringRanktrials10train_r100test_r100AllTrue
FacultyHiringNetworks/History/History_FM_Full_,Faculty,SpringRank,-0.0863787233829498,0.2292358875274658,0.3156146109104156,-0.0215946808457375,0.0573089718818664,0.0789036527276039,-0.1016925573348999,0.5090795755386353,0.6107721328735352,0.046264314651489204,0.1038862705230712,0.057621955871582,trials10train_r100test_r100AllTrue,trials10train_r100test_r100AllTrue
FacultyHiringNetworks/History/History_FM_Full_,Faculty,davidScore,-0.344684362411499,0.2292358875274658,0.5739202499389648,-0.08803986012935641,0.0573089718818664,0.1453488320112228,0.02324014902114868,0.5090795755386353,0.4858394265174866,0.102394151687622,0.1038862705230712,0.0014921188354492,trials10train_r100test_r100AllTrue,trials10train_r100test_r100AllTrue
FacultyHiringNetworks/History/History_FM_Full_,Faculty,SVD_NRS,-0.15282392501831052,0.2292358875274658,0.3820598125457763,-0.038205981254577595,0.0573089718818664,0.095514953136444,-0.20825284719467163,0.5090795755386353,0.7173324227333069,0.1005649805068969,0.1038862705230712,0.0033212900161743,trials10train_r100test_r100AllTrue,trials10train_r100test_r100AllTrue
FacultyHiringNetworks/History/History_FM_Full_,Faculty,btl,-0.07109634280204771,0.2292358875274658,0.3003322303295135,-0.017774085700511894,0.0573089718818664,0.0750830575823783,0.28244217038154606,0.5090795755386353,0.2266374051570892,0.0520257949829101,0.1038862705230712,0.0518604755401611,trials10train_r100test_r100AllTrue,trials10train_r100test_r100AllTrue
FacultyHiringNetworks/History/History_FM_Full_,Faculty,PageRank,-0.1262458264827728,0.2292358875274658,0.3554817140102386,-0.03156145662069321,0.0573089718818664,0.0888704285025596,0.16097617149353027,0.5090795755386353,0.348103404045105,0.1034592151641845,0.1038862705230712,0.0004270553588867,trials10train_r100test_r100AllTrue,trials10train_r100test_r100AllTrue
FacultyHiringNetworks/History/History_FM_Full_,Faculty,syncRank,-0.35681064724922185,0.2292358875274658,0.5860465347766877,-0.08920266181230549,0.0573089718818664,0.1465116336941719,-0.4761027693748475,0.5090795755386353,0.9851823449134828,-0.018063545227050795,0.1038862705230712,0.121949815750122,trials10train_r100test_r100AllTrue,trials10train_r100test_r100AllTrue
FacultyHiringNetworks/History/History_FM_Full_,Faculty,rankCentrality,-1.7724252462387087,0.2292358875274658,2.0016611337661745,-0.4431063115596772,0.0573089718818664,0.5004152834415436,-0.7935913443565368,0.5090795755386353,1.302670919895172,0.0981019020080566,0.1038862705230712,0.0057843685150146,trials10train_r100test_r100AllTrue,trials10train_r100test_r100AllTrue
FacultyHiringNetworks/History/History_FM_Full_,Faculty,serialRank,-1.585215950012207,0.2292358875274658,1.8144518375396728,-0.4811461806297303,0.0573089718818664,0.5384551525115967,-0.49092042446136475,0.5090795755386353,1.0,0.0991836071014404,0.1038862705230712,0.0047026634216308,trials10train_r100test_r100AllTrue,trials10train_r100test_r100AllTrue
FacultyHiringNetworks/History/History_FM_Full_,Faculty,DIGRAC,-0.1823920202255249,0.2292358875274658,0.4116279077529907,-0.0455980050563812,0.0573089718818664,0.1029069769382476,-0.2700009095668793,0.5090795755386353,0.7790804851055145,-12.382130694389343,0.1038862705230712,12.486016964912414,trials10train_r100test_r100AllTrue,K12dropout50ratio_coe100margin_coe0withdistFiedler5sigma100alpha100hid32lr10useSpringRanktrials10train_r100test_r100AllTrue
FacultyHiringNetworks/History/History_FM_Full_,Faculty,ib,-0.686993345618248,0.2292358875274658,0.9162292331457138,-0.6300830511748792,0.0573089718818664,0.6873920230567455,-0.4293995881080628,0.5090795755386353,0.938479163646698,-16.5571487903595,0.1038862705230712,16.66103506088257,trials10train_r100test_r100AllTrue,K12dropout50ratio_coe100margin_coe0withdistFiedler5sigma100alpha100hid32lr10useSpringRanktrials10train_r100test_r100AllTrue
Football_data_England_Premier_League/England_2009_2010,Football_coarse,SpringRank,0.024390220642089844,0.6341463327407837,0.6097561120986938,0.006097555160522489,0.1585365831851959,0.1524390280246734,-0.14949885010719305,0.4932843148708343,0.6427831649780273,-0.039381766319274904,0.0176959753036499,0.0570777416229248,trials10train_r100test_r100AllTrue,trials10train_r100test_r100AllTrue
Football_data_England_Premier_League/England_2009_2010,Football_coarse,davidScore,-0.17073172330856323,0.6341463327407837,0.8048780560493469,-0.04268293082714081,0.1585365831851959,0.2012195140123367,-0.055864125490188654,0.4932843148708343,0.549148440361023,0.0167805910110474,0.0176959753036499,0.0009153842926025,trials10train_r100test_r100AllTrue,trials10train_r100test_r100AllTrue
Football_data_England_Premier_League/England_2009_2010,Football_coarse,SVD_NRS,-0.02439028024673462,0.6341463327407837,0.6585366129875183,-0.006097570061683599,0.1585365831851959,0.1646341532468795,0.0043942928314208984,0.4932843148708343,0.4888900220394134,0.0153099536895752,0.0176959753036499,0.0023860216140747,trials10train_r100test_r100AllTrue,trials10train_r100test_r100AllTrue
Football_data_England_Premier_League/England_2009_2010,Football_coarse,btl,-0.034146344661712624,0.6341463327407837,0.6682926774024963,-0.0085365861654281,0.1585365831851959,0.167073169350624,0.017701032757759083,0.4932843148708343,0.4755832821130752,0.0040610790252686,0.0176959753036499,0.0136348962783813,trials10train_r100test_r100AllTrue,trials10train_r100test_r100AllTrue
Football_data_England_Premier_League/England_2009_2010,Football_coarse,PageRank,-0.414634108543396,0.6341463327407837,1.0487804412841797,-0.10365852713584903,0.1585365831851959,0.2621951103210449,-0.10848191380500799,0.4932843148708343,0.6017662286758423,0.0174516439437867,0.0176959753036499,0.0002443313598632,trials10train_r100test_r100AllTrue,trials10train_r100test_r100AllTrue
Football_data_England_Premier_League/England_2009_2010,Football_coarse,syncRank,-0.804878044128418,0.6341463327407837,1.4390243768692017,-0.20121951103210453,0.1585365831851959,0.3597560942173004,-0.30131804347038277,0.4932843148708343,0.7946023583412171,0.0008844852447509981,0.0176959753036499,0.0168114900588989,trials10train_r100test_r100AllTrue,trials10train_r100test_r100AllTrue
Football_data_England_Premier_League/England_2009_2010,Football_coarse,rankCentrality,-1.1829268217086792,0.6341463327407837,1.817073154449463,-0.29573170542716976,0.1585365831851959,0.4542682886123657,-0.6713657677173615,0.4932843148708343,1.1646500825881958,0.0157568216323853,0.0176959753036499,0.0019391536712646,trials10train_r100test_r100AllTrue,trials10train_r100test_r100AllTrue
Football_data_England_Premier_League/England_2009_2010,Football_coarse,serialRank,-0.2926829457283019,0.6341463327407837,0.9268292784690856,-0.0731707364320755,0.1585365831851959,0.2317073196172714,-0.23329119086265565,0.4932843148708343,0.72657550573349,0.0163877010345459,0.0176959753036499,0.001308274269104,trials10train_r100test_r100AllTrue,trials10train_r100test_r100AllTrue
Football_data_England_Premier_League/England_2009_2010,Football_coarse,DIGRAC,-0.539512197971344,0.6341463327407837,1.1736585307121277,-0.13487804949283602,0.1585365831851959,0.2934146326780319,-0.23121921658515937,0.4932843148708343,0.7245035314559937,-6.197941899299622,0.0176959753036499,6.215637874603272,trials10train_r100test_r100AllTrue,K9dropout50ratio_coe100margin_coe0withdistFiedler5sigma100alpha100hid32lr10useSpringRanktrials10train_r100test_r100AllTrue
Football_data_England_Premier_League/England_2009_2010,Football_coarse,ib,-0.1909756195545197,0.6341463327407837,0.8251219522953034,-0.07353658795356752,0.1585365831851959,0.2320731711387634,-0.24694005727767948,0.4932843148708343,0.7402243721485138,-3.2887195587158202,0.0176959753036499,3.3064155340194703,trials10train_r100test_r100AllTrue,K9dropout50ratio_coe100margin_coe0withdistFiedler5sigma100alpha100hid32lr10useSpringRanktrials10train_r100test_r100AllTrue
Football_data_England_Premier_League/England_2010_2011,Football_coarse,SpringRank,-0.19875776767730713,0.9937888383865356,1.1925466060638428,-0.04968944191932678,0.2484472095966339,0.2981366515159607,-0.07330197095870972,0.6584268808364868,0.7317288517951965,-0.0368349313735962,0.0192086458206176,0.0560435771942138,trials10train_r100test_r100AllTrue,trials10train_r100test_r100AllTrue
Football_data_England_Premier_League/England_2010_2011,Football_coarse,davidScore,-0.2981365919113159,0.9937888383865356,1.2919254302978516,-0.07453414797782898,0.2484472095966339,0.3229813575744629,-0.10432344675064087,0.6584268808364868,0.7627503275871277,0.018279886245727503,0.0192086458206176,0.0009287595748901,trials10train_r100test_r100AllTrue,trials10train_r100test_r100AllTrue
Football_data_England_Premier_League/England_2010_2011,Football_coarse,SVD_NRS,-0.17391300201416016,0.9937888383865356,1.1677018404006958,-0.043478250503539984,0.2484472095966339,0.2919254601001739,-0.06752759218215942,0.6584268808364868,0.7259544730186462,0.016864132881164503,0.0192086458206176,0.0023445129394531,trials10train_r100test_r100AllTrue,trials10train_r100test_r100AllTrue
Football_data_England_Premier_League/England_2010_2011,Football_coarse,btl,-0.18633536100387604,0.9937888383865356,1.1801241993904117,-0.0465838402509689,0.2484472095966339,0.2950310498476028,-0.005216807126998901,0.6584268808364868,0.6636436879634857,0.0076135873794555015,0.0192086458206176,0.0115950584411621,trials10train_r100test_r100AllTrue,trials10train_r100test_r100AllTrue
Football_data_England_Premier_League/England_2010_2011,Football_coarse,PageRank,-0.3726707696914673,0.9937888383865356,1.366459608078003,-0.09316769242286677,0.2484472095966339,0.3416149020195007,-0.082705557346344,0.6584268808364868,0.7411324381828308,0.0189932584762573,0.0192086458206176,0.0002153873443603,trials10train_r100test_r100AllTrue,trials10train_r100test_r100AllTrue
Football_data_England_Premier_League/England_2010_2011,Football_coarse,syncRank,-0.8124223828315731,0.9937888383865356,1.8062112212181087,-0.20310559570789338,0.2484472095966339,0.4515528053045273,-0.14358274340629573,0.6584268808364868,0.8020096242427825,0.0024912357330322023,0.0192086458206176,0.0167174100875854,trials10train_r100test_r100AllTrue,trials10train_r100test_r100AllTrue
Football_data_England_Premier_League/England_2010_2011,Football_coarse,rankCentrality,-0.8770186066627503,0.9937888383865356,1.870807445049286,-0.21925465166568758,0.2484472095966339,0.4677018612623215,-0.6160533070564267,0.6584268808364868,1.2744801878929135,0.0172938108444214,0.0192086458206176,0.0019148349761962,trials10train_r100test_r100AllTrue,trials10train_r100test_r100AllTrue
Football_data_England_Premier_League/England_2010_2011,Football_coarse,serialRank,-0.546583890914917,0.9937888383865356,1.5403727293014526,-0.1366459727287292,0.2484472095966339,0.3850931823253631,-0.14831759929656985,0.6584268808364868,0.8067444801330567,0.017907524108886703,0.0192086458206176,0.0013011217117309,trials10train_r100test_r100AllTrue,trials10train_r100test_r100AllTrue
Football_data_England_Premier_League/England_2010_2011,Football_coarse,DIGRAC,-0.4541614770889282,0.9937888383865356,1.4479503154754638,-0.11354036927223199,0.2484472095966339,0.3619875788688659,-0.11621916055679327,0.6584268808364868,0.7746460413932801,-9.713210487365723,0.0192086458206176,9.73241913318634,trials10train_r100test_r100AllTrue,K9dropout50ratio_coe100margin_coe0withdistFiedler5sigma100alpha100hid32lr10useSpringRanktrials10train_r100test_r100AllTrue
Football_data_England_Premier_League/England_2010_2011,Football_coarse,ib,-0.20248445630073553,0.9937888383865356,1.1962732946872712,-0.2378881949186325,0.2484472095966339,0.4863354045152664,-0.16574548363685604,0.6584268808364868,0.8241723644733429,-5.031901168823243,0.0192086458206176,5.05110981464386,trials10train_r100test_r100AllTrue,K9dropout50ratio_coe100margin_coe0withdistFiedler5sigma100alpha100hid32lr10useSpringRanktrials10train_r100test_r100AllTrue
Football_data_England_Premier_League/England_2011_2012,Football_coarse,SpringRank,0.048484861850738525,0.8484848737716675,0.800000011920929,0.012121215462684576,0.2121212184429168,0.2000000029802322,-0.10426211357116699,0.5584777593612671,0.6627398729324341,-0.0526632785797119,0.0184763193130493,0.0711395978927612,trials10train_r100test_r100AllTrue,trials10train_r100test_r100AllTrue
Football_data_England_Premier_League/England_2011_2012,Football_coarse,davidScore,-0.024242401123046875,0.8484848737716675,0.8727272748947144,-0.006060600280761802,0.2121212184429168,0.2181818187236786,-0.13850921392440796,0.5584777593612671,0.696986973285675,0.017561149597168,0.0184763193130493,0.0009151697158813,trials10train_r100test_r100AllTrue,trials10train_r100test_r100AllTrue
Football_data_England_Premier_League/England_2011_2012,Football_coarse,SVD_NRS,0.0,0.8484848737716675,0.8484848737716675,0.0,0.2121212184429168,0.2121212184429168,-0.025859832763671875,0.5584777593612671,0.584337592124939,0.0161064386367798,0.0184763193130493,0.0023698806762695,trials10train_r100test_r100AllTrue,trials10train_r100test_r100AllTrue
Football_data_England_Premier_League/England_2011_2012,Football_coarse,btl,-0.012121212482452348,0.8484848737716675,0.8606060862541198,-0.003030303120613115,0.2121212184429168,0.2151515215635299,0.030391120910644553,0.5584777593612671,0.5280866384506225,-0.009501433372497502,0.0184763193130493,0.0279777526855468,trials10train_r100test_r100AllTrue,trials10train_r100test_r100AllTrue
Football_data_England_Premier_League/England_2011_2012,Football_coarse,PageRank,-0.16969692707061768,0.8484848737716675,1.0181818008422852,-0.0424242317676545,0.2121212184429168,0.2545454502105713,-0.044707417488098145,0.5584777593612671,0.6031851768493652,0.0182417631149292,0.0184763193130493,0.0002345561981201,trials10train_r100test_r100AllTrue,trials10train_r100test_r100AllTrue
Football_data_England_Premier_League/England_2011_2012,Football_coarse,syncRank,-0.7199999690055847,0.8484848737716675,1.5684848427772522,-0.1799999922513962,0.2121212184429168,0.392121210694313,-0.23625575304031377,0.5584777593612671,0.7947335124015809,0.0016873836517334005,0.0184763193130493,0.0167889356613159,trials10train_r100test_r100AllTrue,trials10train_r100test_r100AllTrue
Football_data_England_Premier_League/England_2011_2012,Football_coarse,rankCentrality,-0.7515151500701904,0.8484848737716675,1.600000023841858,-0.1878787875175477,0.2121212184429168,0.4000000059604645,-0.611771821975708,0.5584777593612671,1.170249581336975,0.0165837526321411,0.0184763193130493,0.0018925666809082,trials10train_r100test_r100AllTrue,trials10train_r100test_r100AllTrue
Football_data_England_Premier_League/England_2011_2012,Football_coarse,serialRank,-0.09696966409683228,0.8484848737716675,0.9454545378684998,-0.024242416024208124,0.2121212184429168,0.2363636344671249,-0.14407888650894163,0.5584777593612671,0.7025566458702087,0.0171295881271363,0.0184763193130493,0.001346731185913,trials10train_r100test_r100AllTrue,trials10train_r100test_r100AllTrue
Football_data_England_Premier_League/England_2011_2012,Football_coarse,DIGRAC,-0.6264242208003996,0.8484848737716675,1.474909094572067,-0.1566060552001,0.2121212184429168,0.3687272736430168,-0.2089567196369171,0.5584777593612671,0.7674344789981842,-9.30462341308594,0.0184763193130493,9.323099732398989,trials10train_r100test_r100AllTrue,K9dropout50ratio_coe100margin_coe0withdistFiedler5sigma100alpha100hid32lr10useSpringRanktrials10train_r100test_r100AllTrue
Football_data_England_Premier_League/England_2011_2012,Football_coarse,ib,-0.171151490211487,0.8484848737716675,1.0196363639831545,-0.20060605615377433,0.2121212184429168,0.4127272745966911,-0.23703005194664006,0.5584777593612671,0.7955078113079072,-5.010583853721618,0.0184763193130493,5.029060173034668,trials10train_r100test_r100AllTrue,K9dropout50ratio_coe100margin_coe0withdistFiedler5sigma100alpha100hid32lr10useSpringRanktrials10train_r100test_r100AllTrue
Football_data_England_Premier_League/England_2012_2013,Football_coarse,SpringRank,-0.07843136787414562,0.8888888955116272,0.9673202633857728,-0.019607841968536294,0.2222222238779068,0.2418300658464431,0.02794027328491211,0.6045734286308289,0.5766331553459167,-0.0387249946594239,0.0174745798110961,0.05619957447052,trials10train_r100test_r100AllTrue,trials10train_r100test_r100AllTrue
Football_data_England_Premier_League/England_2012_2013,Football_coarse,davidScore,0.0,0.8888888955116272,0.8888888955116272,0.0,0.2222222238779068,0.2222222238779068,0.00557178258895874,0.6045734286308289,0.5990016460418701,0.0165485382080078,0.0174745798110961,0.0009260416030883,trials10train_r100test_r100AllTrue,trials10train_r100test_r100AllTrue
Football_data_England_Premier_League/England_2012_2013,Football_coarse,SVD_NRS,0.026143789291381836,0.8888888955116272,0.8627451062202454,0.006535947322845487,0.2222222238779068,0.2156862765550613,0.027604281902313232,0.6045734286308289,0.5769691467285156,0.0150889873504638,0.0174745798110961,0.0023855924606323,trials10train_r100test_r100AllTrue,trials10train_r100test_r100AllTrue
Football_data_England_Premier_League/England_2012_2013,Football_coarse,btl,-0.1045751631259918,0.8888888955116272,0.993464058637619,-0.026143790781497894,0.2222222238779068,0.2483660146594047,0.07762744426727297,0.6045734286308289,0.5269459843635559,0.0030244350433349006,0.0174745798110961,0.0144501447677612,trials10train_r100test_r100AllTrue,trials10train_r100test_r100AllTrue
Football_data_England_Premier_League/England_2012_2013,Football_coarse,PageRank,-0.10457515716552723,0.8888888955116272,0.9934640526771544,-0.026143789291381808,0.2222222238779068,0.2483660131692886,-0.024740397930145264,0.6045734286308289,0.6293138265609741,0.0172573328018188,0.0174745798110961,0.0002172470092773,trials10train_r100test_r100AllTrue,trials10train_r100test_r100AllTrue
Football_data_England_Premier_League/England_2012_2013,Football_coarse,syncRank,-0.6117647290229797,0.8888888955116272,1.500653624534607,-0.15294118225574488,0.2222222238779068,0.3751634061336517,-0.2041609287261963,0.6045734286308289,0.8087343573570251,0.0008238077163696018,0.0174745798110961,0.0166507720947265,trials10train_r100test_r100AllTrue,trials10train_r100test_r100AllTrue
Football_data_England_Premier_League/England_2012_2013,Football_coarse,rankCentrality,-0.758169949054718,0.8888888955116272,1.6470588445663452,-0.1895424872636795,0.2222222238779068,0.4117647111415863,-0.575520932674408,0.6045734286308289,1.1800943613052368,0.015574789047241201,0.0174745798110961,0.0018997907638549,trials10train_r100test_r100AllTrue,trials10train_r100test_r100AllTrue
Football_data_England_Premier_League/England_2012_2013,Football_coarse,serialRank,-0.5228758454322815,0.8888888955116272,1.4117647409439087,-0.13071896135807037,0.2222222238779068,0.3529411852359772,-0.2249778032302856,0.6045734286308289,0.8295512318611145,0.016173601150512702,0.0174745798110961,0.0013009786605834,trials10train_r100test_r100AllTrue,trials10train_r100test_r100AllTrue
Football_data_England_Premier_League/England_2012_2013,Football_coarse,DIGRAC,-0.6248366272449493,0.8888888955116272,1.5137255227565765,-0.15620915681123732,0.2222222238779068,0.3784313806891441,-0.17317990362644198,0.6045734286308289,0.7777533322572708,-6.636695814132691,0.0174745798110961,6.654170393943787,trials10train_r100test_r100AllTrue,K9dropout50ratio_coe100margin_coe0withdistFiedler5sigma100alpha100hid32lr10useSpringRanktrials10train_r100test_r100AllTrue
Football_data_England_Premier_League/England_2012_2013,Football_coarse,ib,-0.1952941203117371,0.8888888955116272,1.0841830158233643,-0.1082352995872497,0.2222222238779068,0.3304575234651565,-0.1632590138912201,0.6045734286308289,0.767832442522049,-7.859329605102539,0.0174745798110961,7.876804184913635,trials10train_r100test_r100AllTrue,K9dropout50ratio_coe100margin_coe0withdistFiedler5sigma100alpha100hid32lr10useSpringRanktrials10train_r100test_r100AllTrue
Football_data_England_Premier_League/England_2013_2014,Football_coarse,SpringRank,-0.09696972370147705,0.6545454263687134,0.7515151500701904,-0.024242430925369318,0.1636363565921783,0.1878787875175476,-0.1251366138458252,0.5304304361343384,0.6555670499801636,-0.037235569953918496,0.0187649726867675,0.056000542640686,trials10train_r100test_r100AllTrue,trials10train_r100test_r100AllTrue
Football_data_England_Premier_League/England_2013_2014,Football_coarse,davidScore,-0.02424246072769165,0.6545454263687134,0.678787887096405,-0.006060615181922913,0.1636363565921783,0.1696969717741012,-0.05630737543106079,0.5304304361343384,0.5867378115653992,0.0178409814834594,0.0187649726867675,0.0009239912033081,trials10train_r100test_r100AllTrue,trials10train_r100test_r100AllTrue
Football_data_England_Premier_League/England_2013_2014,Football_coarse,SVD_NRS,-0.09696972370147705,0.6545454263687134,0.7515151500701904,-0.024242430925369318,0.1636363565921783,0.1878787875175476,0.00326615571975708,0.5304304361343384,0.5271642804145813,0.0163730144500732,0.0187649726867675,0.0023919582366943,trials10train_r100test_r100AllTrue,trials10train_r100test_r100AllTrue
Football_data_England_Premier_League/England_2013_2014,Football_coarse,btl,-0.11878790855407717,0.6545454263687134,0.7733333349227905,-0.02969697713851932,0.1636363565921783,0.1933333337306976,0.050885355472564675,0.5304304361343384,0.4795450806617737,-0.0011615276336670033,0.0187649726867675,0.0199265003204345,trials10train_r100test_r100AllTrue,trials10train_r100test_r100AllTrue
Football_data_England_Premier_League/England_2013_2014,Football_coarse,PageRank,-0.21818184852600098,0.6545454263687134,0.8727272748947144,-0.0545454621315003,0.1636363565921783,0.2181818187236786,-0.09010583162307739,0.5304304361343384,0.6205362677574158,0.018506360054016097,0.0187649726867675,0.0002586126327514,trials10train_r100test_r100AllTrue,trials10train_r100test_r100AllTrue
Football_data_England_Premier_League/England_2013_2014,Football_coarse,syncRank,-0.9842424154281617,0.6545454263687134,1.638787841796875,-0.24606060385704043,0.1636363565921783,0.4096969604492187,-0.28392916917800903,0.5304304361343384,0.8143596053123474,0.0019776582717894974,0.0187649726867675,0.016787314414978,trials10train_r100test_r100AllTrue,trials10train_r100test_r100AllTrue
Football_data_England_Premier_League/England_2013_2014,Football_coarse,rankCentrality,-1.3090909719467163,0.6545454263687134,1.9636363983154297,-0.32727274298667913,0.1636363565921783,0.4909090995788574,-0.40945500135421764,0.5304304361343384,0.939885437488556,0.0168791770935058,0.0187649726867675,0.0018857955932617,trials10train_r100test_r100AllTrue,trials10train_r100test_r100AllTrue
Football_data_England_Premier_League/England_2013_2014,Football_coarse,serialRank,-0.12121212482452393,0.6545454263687134,0.7757575511932373,-0.03030303120613101,0.1636363565921783,0.1939393877983093,-0.2009093999862671,0.5304304361343384,0.7313398361206055,0.0174539566040039,0.0187649726867675,0.0013110160827636,trials10train_r100test_r100AllTrue,trials10train_r100test_r100AllTrue
Football_data_England_Premier_League/England_2013_2014,Football_coarse,DIGRAC,-0.6850909435749055,0.6545454263687134,1.339636369943619,-0.17127273589372632,0.1636363565921783,0.3349090924859046,-0.2305551183223724,0.5304304361343384,0.7609855544567108,-7.9776431798934935,0.0187649726867675,7.996408152580261,trials10train_r100test_r100AllTrue,K9dropout50ratio_coe100margin_coe0withdistFiedler5sigma100alpha100hid32lr10useSpringRanktrials10train_r100test_r100AllTrue
Football_data_England_Premier_League/England_2013_2014,Football_coarse,ib,-0.15163639307022092,0.6545454263687134,0.8061818194389343,-0.2080000054836273,0.1636363565921783,0.3716363620758056,-0.22967019915580744,0.5304304361343384,0.7601006352901458,-4.5300208806991575,0.0187649726867675,4.548785853385925,trials10train_r100test_r100AllTrue,K9dropout50ratio_coe100margin_coe0withdistFiedler5sigma100alpha100hid32lr10useSpringRanktrials10train_r100test_r100AllTrue
Football_data_England_Premier_League/England_2014_2015,Football_coarse,SpringRank,-0.18691593408584595,0.9345794320106506,1.1214953660964966,-0.04672898352146149,0.2336448580026626,0.2803738415241241,-0.09451419115066528,0.7508766055107117,0.845390796661377,-0.0404833078384399,0.0146301507949829,0.0551134586334228,trials10train_r100test_r100AllTrue,trials10train_r100test_r100AllTrue
Football_data_England_Premier_League/England_2014_2015,Football_coarse,davidScore,-0.15887850522994995,0.9345794320106506,1.0934579372406006,-0.04672898352146149,0.2336448580026626,0.2803738415241241,-0.22426623106002797,0.7508766055107117,0.9751428365707396,0.0137298345565796,0.0146301507949829,0.0009003162384033,trials10train_r100test_r100AllTrue,trials10train_r100test_r100AllTrue
Football_data_England_Premier_League/England_2014_2015,Football_coarse,SVD_NRS,-0.1495327353477478,0.9345794320106506,1.0841121673583984,-0.037383183836937006,0.2336448580026626,0.2710280418395996,-0.07321500778198242,0.7508766055107117,0.8240916132926941,0.0122888326644898,0.0146301507949829,0.0023413181304931,trials10train_r100test_r100AllTrue,trials10train_r100test_r100AllTrue
Football_data_England_Premier_League/England_2014_2015,Football_coarse,btl,-0.22803733348846444,0.9345794320106506,1.162616765499115,-0.05700933337211611,0.2336448580026626,0.2906541913747787,0.011403912305831931,0.7508766055107117,0.7394726932048797,-0.010526394844055098,0.0146301507949829,0.025156545639038,trials10train_r100test_r100AllTrue,trials10train_r100test_r100AllTrue
Football_data_England_Premier_League/England_2014_2015,Football_coarse,PageRank,-0.26168221235275246,0.9345794320106506,1.196261644363403,-0.06542055308818817,0.2336448580026626,0.2990654110908508,-0.06278473138809204,0.7508766055107117,0.8136613368988037,0.014307165145874101,0.0146301507949829,0.0003229856491088,trials10train_r100test_r100AllTrue,trials10train_r100test_r100AllTrue
Football_data_England_Premier_League/England_2014_2015,Football_coarse,syncRank,-0.8747663855552674,0.9345794320106506,1.809345817565918,-0.2186915963888169,0.2336448580026626,0.4523364543914795,-0.19661741852760317,0.7508766055107117,0.9474940240383148,-0.0016051054000853979,0.0146301507949829,0.0162352561950683,trials10train_r100test_r100AllTrue,trials10train_r100test_r100AllTrue
Football_data_England_Premier_League/England_2014_2015,Football_coarse,rankCentrality,-0.8598130345344543,0.9345794320106506,1.794392466545105,-0.2149532586336136,0.2336448580026626,0.4485981166362762,-0.7351047396659851,0.7508766055107117,1.4859813451766968,0.0127562522888184,0.0146301507949829,0.0018738985061645,trials10train_r100test_r100AllTrue,trials10train_r100test_r100AllTrue
Football_data_England_Premier_League/England_2014_2015,Football_coarse,serialRank,-0.6355140805244446,0.9345794320106506,1.5700935125350952,-0.1588785201311112,0.2336448580026626,0.3925233781337738,-0.2204621434211731,0.7508766055107117,0.9713387489318848,0.0133208990097046,0.0146301507949829,0.0013092517852783,trials10train_r100test_r100AllTrue,trials10train_r100test_r100AllTrue
Football_data_England_Premier_League/England_2014_2015,Football_coarse,DIGRAC,-0.5263551568984985,0.9345794320106506,1.4609345889091492,-0.1315887892246247,0.2336448580026626,0.3652336472272873,-0.15521085619926456,0.7508766055107117,0.9060874617099762,-7.808938479423523,0.0146301507949829,7.823568630218506,trials10train_r100test_r100AllTrue,K9dropout50ratio_coe100margin_coe0withdistFiedler5sigma100alpha100hid32lr10useSpringRanktrials10train_r100test_r100AllTrue
Football_data_England_Premier_League/England_2014_2015,Football_coarse,ib,-0.34654206752777106,0.9345794320106506,1.2811214995384217,-0.16373832166194918,0.2336448580026626,0.3973831796646118,-0.2010334372520447,0.7508766055107117,0.9519100427627564,-6.14715621471405,0.0146301507949829,6.161786365509033,trials10train_r100test_r100AllTrue,K9dropout50ratio_coe100margin_coe0withdistFiedler5sigma100alpha100hid32lr10useSpringRanktrials10train_r100test_r100AllTrue
Football_data_England_Premier_League/finerEngland_2009_2010,Football_finer,SpringRank,0.17073172330856323,0.8780487775802612,0.707317054271698,0.04268293082714081,0.2195121943950653,0.1768292635679245,-0.044267609715461675,0.1715087592601776,0.2157763689756393,-0.0207971096038818,0.0352595329284668,0.0560566425323486,trials10train_r100test_r100AllTrue,trials10train_r100test_r100AllTrue
Football_data_England_Premier_League/finerEngland_2009_2010,Football_finer,davidScore,0.17073172330856323,0.8780487775802612,0.707317054271698,0.04268293082714081,0.2195121943950653,0.1768292635679245,-0.2064385712146759,0.1715087592601776,0.3779473304748535,0.0343634366989136,0.0352595329284668,0.0008960962295532,trials10train_r100test_r100AllTrue,trials10train_r100test_r100AllTrue
Football_data_England_Premier_League/finerEngland_2009_2010,Football_finer,SVD_NRS,0.21951216459274292,0.8780487775802612,0.6585366129875183,0.05487804114818581,0.2195121943950653,0.1646341532468795,-0.034510925412177984,0.1715087592601776,0.2060196846723556,0.0329010486602784,0.0352595329284668,0.0023584842681884,trials10train_r100test_r100AllTrue,trials10train_r100test_r100AllTrue
Football_data_England_Premier_League/finerEngland_2009_2010,Football_finer,btl,0.0853658497333527,0.8780487775802612,0.7926829278469085,0.021341462433338204,0.2195121943950653,0.1981707319617271,0.0017236828804016169,0.1715087592601776,0.169785076379776,0.0314492464065552,0.0352595329284668,0.0038102865219116,trials10train_r100test_r100AllTrue,trials10train_r100test_r100AllTrue
Football_data_England_Premier_League/finerEngland_2009_2010,Football_finer,PageRank,-0.2195122241973877,0.8780487775802612,1.097561001777649,-0.05487805604934687,0.2195121943950653,0.2743902504444122,-0.04448218643665308,0.1715087592601776,0.2159909456968307,0.035085678100586,0.0352595329284668,0.0001738548278808,trials10train_r100test_r100AllTrue,trials10train_r100test_r100AllTrue
Football_data_England_Premier_League/finerEngland_2009_2010,Football_finer,syncRank,-0.9024389982223511,0.8780487775802612,1.7804877758026123,-0.22560974955558777,0.2195121943950653,0.4451219439506531,-0.09896683692932129,0.1715087592601776,0.2704755961894989,0.0184940814971924,0.0352595329284668,0.0167654514312744,trials10train_r100test_r100AllTrue,trials10train_r100test_r100AllTrue
Football_data_England_Premier_League/finerEngland_2009_2010,Football_finer,rankCentrality,-0.9975609779357908,0.8780487775802612,1.875609755516052,-0.2493902444839477,0.2195121943950653,0.468902438879013,-0.5242266178131103,0.1715087592601776,0.6957353770732879,0.0333450317382813,0.0352595329284668,0.0019145011901855,trials10train_r100test_r100AllTrue,trials10train_r100test_r100AllTrue
Football_data_England_Premier_League/finerEngland_2009_2010,Football_finer,serialRank,-0.04878050088882435,0.8780487775802612,0.9268292784690856,-0.012195125222206088,0.2195121943950653,0.2317073196172714,-0.055445455014705575,0.1715087592601776,0.2269542142748832,0.0339832067489625,0.0352595329284668,0.0012763261795043,trials10train_r100test_r100AllTrue,trials10train_r100test_r100AllTrue
Football_data_England_Premier_League/finerEngland_2009_2010,Football_finer,DIGRAC,-0.38878048419952393,0.8780487775802612,1.2668292617797852,-0.09719512104988098,0.2195121943950653,0.3167073154449463,-0.08245975583791731,0.1715087592601776,0.2539685150980949,-7.44157042503357,0.0352595329284668,7.476829957962036,trials10train_r100test_r100AllTrue,K9dropout50ratio_coe100margin_coe0withdistFiedler5sigma100alpha100hid32lr10useSpringRanktrials10train_r100test_r100AllTrue
Football_data_England_Premier_League/finerEngland_2009_2010,Football_finer,ib,-0.08280488014221199,0.8780487775802612,0.9608536577224732,-0.0330487817525863,0.2195121943950653,0.2525609761476516,-0.12184699267148968,0.1715087592601776,0.2933557519316673,-3.2957229852676395,0.0352595329284668,3.330982518196106,trials10train_r100test_r100AllTrue,K9dropout50ratio_coe100margin_coe0withdistFiedler5sigma100alpha100hid32lr10useSpringRanktrials10train_r100test_r100AllTrue
Football_data_England_Premier_League/finerEngland_2010_2011,Football_finer,SpringRank,-0.14906823635101318,1.1428571939468384,1.2919254302978516,-0.037267059087753296,0.2857142984867096,0.3229813575744629,-0.0027077496051788053,0.200500413775444,0.2032081633806228,-0.021708869934082005,0.0347553968429565,0.0564642667770385,trials10train_r100test_r100AllTrue,trials10train_r100test_r100AllTrue
Football_data_England_Premier_League/finerEngland_2010_2011,Football_finer,davidScore,-0.14906823635101318,1.1428571939468384,1.2919254302978516,-0.037267059087753296,0.2857142984867096,0.3229813575744629,-0.3568499833345413,0.200500413775444,0.5573503971099854,0.033858871459960894,0.0347553968429565,0.0008965253829956,trials10train_r100test_r100AllTrue,trials10train_r100test_r100AllTrue
Football_data_England_Premier_League/finerEngland_2010_2011,Football_finer,SVD_NRS,-0.024844646453857422,1.1428571939468384,1.1677018404006958,-0.0062111616134643,0.2857142984867096,0.2919254601001739,-0.024435743689536993,0.200500413775444,0.224936157464981,0.0323889970779419,0.0347553968429565,0.0023663997650146,trials10train_r100test_r100AllTrue,trials10train_r100test_r100AllTrue
Football_data_England_Premier_League/finerEngland_2010_2011,Football_finer,btl,-0.1689440488815308,1.1428571939468384,1.3118012428283692,-0.0422360122203827,0.2857142984867096,0.3279503107070923,0.017046067118644703,0.200500413775444,0.1834543466567993,0.031288576126098595,0.0347553968429565,0.0034668207168579,trials10train_r100test_r100AllTrue,trials10train_r100test_r100AllTrue
Football_data_England_Premier_League/finerEngland_2010_2011,Football_finer,PageRank,-0.3478260040283203,1.1428571939468384,1.4906831979751587,-0.08695650100708008,0.2857142984867096,0.3726707994937897,-0.015527829527854892,0.200500413775444,0.2160282433032989,0.0345858335494995,0.0347553968429565,0.000169563293457,trials10train_r100test_r100AllTrue,trials10train_r100test_r100AllTrue
Football_data_England_Premier_League/finerEngland_2010_2011,Football_finer,syncRank,-0.4894409418106078,1.1428571939468384,1.6322981357574462,-0.1223602354526519,0.2857142984867096,0.4080745339393615,-0.026996240019798307,0.200500413775444,0.2274966537952423,0.0175731897354126,0.0347553968429565,0.0171822071075439,trials10train_r100test_r100AllTrue,trials10train_r100test_r100AllTrue
Football_data_England_Premier_League/finerEngland_2010_2011,Football_finer,rankCentrality,-0.7645962119102481,1.1428571939468384,1.9074534058570864,-0.23167700469493868,0.2857142984867096,0.5173913031816483,-0.4661950618028641,0.200500413775444,0.6666954755783081,0.031172418594360398,0.0347553968429565,0.0035829782485961,trials10train_r100test_r100AllTrue,trials10train_r100test_r100AllTrue
Football_data_England_Premier_League/finerEngland_2010_2011,Football_finer,serialRank,-0.2981365919113159,1.1428571939468384,1.4409937858581543,-0.07453414797782898,0.2857142984867096,0.3602484464645386,-0.011994451284408597,0.200500413775444,0.2124948650598526,0.033481240272522,0.0347553968429565,0.0012741565704345,trials10train_r100test_r100AllTrue,trials10train_r100test_r100AllTrue
Football_data_England_Premier_League/finerEngland_2010_2011,Football_finer,DIGRAC,-0.2762732362747191,1.1428571939468384,1.4191304302215575,-0.06906830906867978,0.2857142984867096,0.3547826075553894,-0.015536692738533003,0.200500413775444,0.216037106513977,-6.6474724292755125,0.0347553968429565,6.682227826118469,trials10train_r100test_r100AllTrue,K9dropout50ratio_coe100margin_coe0withdistFiedler5sigma100alpha100hid32lr10useSpringRanktrials10train_r100test_r100AllTrue
Football_data_England_Premier_League/finerEngland_2010_2011,Football_finer,ib,-0.40869560480117806,1.1428571939468384,1.5515527987480164,-0.11018632292747499,0.2857142984867096,0.3959006214141846,-0.0746382138133049,0.200500413775444,0.2751386275887489,-3.272610378265381,0.0347553968429565,3.3073657751083374,trials10train_r100test_r100AllTrue,K9dropout50ratio_coe100margin_coe0withdistFiedler5sigma100alpha100hid32lr10useSpringRanktrials10train_r100test_r100AllTrue
Football_data_England_Premier_League/finerEngland_2011_2012,Football_finer,SpringRank,0.09696972370147705,0.9696969985961914,0.8727272748947144,0.024242430925369207,0.2424242496490478,0.2181818187236786,0.017926946282386808,0.2070692777633667,0.1891423314809799,-0.018014669418334996,0.0363660335540771,0.0543807029724121,trials10train_r100test_r100AllTrue,trials10train_r100test_r100AllTrue
Football_data_England_Premier_League/finerEngland_2011_2012,Football_finer,davidScore,0.048484861850738636,0.9696969985961914,0.9212121367454528,0.012121215462684604,0.2424242496490478,0.2303030341863632,-0.2832668125629425,0.2070692777633667,0.4903360903263092,0.0354674100875855,0.0363660335540771,0.0008986234664916,trials10train_r100test_r100AllTrue,trials10train_r100test_r100AllTrue
Football_data_England_Premier_League/finerEngland_2011_2012,Football_finer,SVD_NRS,0.12121212482452393,0.9696969985961914,0.8484848737716675,0.03030303120613101,0.2424242496490478,0.2121212184429168,-0.0109123885631561,0.2070692777633667,0.2179816663265228,0.0339798450469971,0.0363660335540771,0.00238618850708,trials10train_r100test_r100AllTrue,trials10train_r100test_r100AllTrue
Football_data_England_Premier_League/finerEngland_2011_2012,Football_finer,btl,0.041212141513824574,0.9696969985961914,0.9284848570823668,0.010303035378456088,0.2424242496490478,0.2321212142705917,0.03328963965177539,0.2070692777633667,0.1737796381115913,0.0325576782226563,0.0363660335540771,0.0038083553314208,trials10train_r100test_r100AllTrue,trials10train_r100test_r100AllTrue
Football_data_England_Premier_League/finerEngland_2011_2012,Football_finer,PageRank,-0.16969692707061768,0.9696969985961914,1.139393925666809,-0.04242423176765442,0.2424242496490478,0.2848484814167022,-0.001979187130928012,0.2070692777633667,0.2090484648942947,0.0361889123916626,0.0363660335540771,0.0001771211624145,trials10train_r100test_r100AllTrue,trials10train_r100test_r100AllTrue
Football_data_England_Premier_League/finerEngland_2011_2012,Football_finer,syncRank,-0.6206060767173767,0.9696969985961914,1.590303075313568,-0.15515151917934422,0.2424242496490478,0.397575768828392,-0.0405549556016922,0.2070692777633667,0.2476242333650589,0.019118237495422404,0.0363660335540771,0.0172477960586547,trials10train_r100test_r100AllTrue,trials10train_r100test_r100AllTrue
Football_data_England_Premier_League/finerEngland_2011_2012,Football_finer,rankCentrality,-0.8375757336616516,0.9696969985961914,1.807272732257843,-0.2539393872022629,0.2424242496490478,0.4963636368513107,-0.37472444772720337,0.2070692777633667,0.5817937254905701,0.0344149351119995,0.0363660335540771,0.0019510984420776,trials10train_r100test_r100AllTrue,trials10train_r100test_r100AllTrue
Football_data_England_Premier_League/finerEngland_2011_2012,Football_finer,serialRank,-0.09696972370147705,0.9696969985961914,1.0666667222976685,-0.024242430925369318,0.2424242496490478,0.2666666805744171,-0.0234899222850799,0.2070692777633667,0.2305592000484466,0.035094356536865205,0.0363660335540771,0.0012716770172119,trials10train_r100test_r100AllTrue,trials10train_r100test_r100AllTrue
Football_data_England_Premier_League/finerEngland_2011_2012,Football_finer,DIGRAC,-0.25115148663520803,0.9696969985961914,1.2208484852313994,-0.06278787165880201,0.2424242496490478,0.3052121213078498,-0.028999895155429806,0.2070692777633667,0.2360691729187965,-6.9714315176010135,0.0363660335540771,7.0077975511550905,trials10train_r100test_r100AllTrue,K9dropout50ratio_coe100margin_coe0withdistFiedler5sigma100alpha100hid32lr10useSpringRanktrials10train_r100test_r100AllTrue
Football_data_England_Premier_League/finerEngland_2011_2012,Football_finer,ib,-0.2153939163684846,0.9696969985961914,1.185090914964676,-0.06303029716014868,0.2424242496490478,0.3054545468091965,-0.0645695197582245,0.2070692777633667,0.2716387975215912,-3.306578850746155,0.0363660335540771,3.342944884300232,trials10train_r100test_r100AllTrue,K9dropout50ratio_coe100margin_coe0withdistFiedler5sigma100alpha100hid32lr10useSpringRanktrials10train_r100test_r100AllTrue
Football_data_England_Premier_League/finerEngland_2012_2013,Football_finer,SpringRank,0.15686279535293568,1.1241830587387085,0.9673202633857728,0.03921569883823403,0.2810457646846771,0.2418300658464431,-0.004821449518203708,0.1806049197912216,0.1854263693094253,-0.020276641845703096,0.0366744995117187,0.0569511413574218,trials10train_r100test_r100AllTrue,trials10train_r100test_r100AllTrue
Football_data_England_Premier_League/finerEngland_2012_2013,Football_finer,davidScore,0.20915037393569946,1.1241830587387085,0.915032684803009,0.05228759348392492,0.2810457646846771,0.2287581712007522,-0.30072809755802155,0.1806049197912216,0.4813330173492431,0.035779380798339804,0.0366744995117187,0.0008951187133789,trials10train_r100test_r100AllTrue,trials10train_r100test_r100AllTrue
Football_data_England_Premier_League/finerEngland_2012_2013,Football_finer,SVD_NRS,0.26143795251846313,1.1241830587387085,0.8627451062202454,0.06535948812961581,0.2810457646846771,0.2156862765550613,0.015256166458129883,0.1806049197912216,0.1653487533330917,0.033531022071838404,0.0366744995117187,0.0031434774398803,trials10train_r100test_r100AllTrue,trials10train_r100test_r100AllTrue
Football_data_England_Premier_League/finerEngland_2012_2013,Football_finer,btl,0.13071898818016048,1.1241830587387085,0.993464070558548,0.03267974704504012,0.2810457646846771,0.248366017639637,0.024445280432701083,0.1806049197912216,0.1561596393585205,0.0329572916030884,0.0366744995117187,0.0037172079086303,trials10train_r100test_r100AllTrue,trials10train_r100test_r100AllTrue
Football_data_England_Premier_League/finerEngland_2012_2013,Football_finer,PageRank,-0.07843136787414551,1.1241830587387085,1.202614426612854,-0.019607841968536377,0.2810457646846771,0.3006536066532135,-0.008393377065658597,0.1806049197912216,0.1889982968568802,0.0365056991577148,0.0366744995117187,0.0001688003540039,trials10train_r100test_r100AllTrue,trials10train_r100test_r100AllTrue
Football_data_England_Premier_League/finerEngland_2012_2013,Football_finer,syncRank,-0.6405228495597839,1.1241830587387085,1.7647059082984924,-0.16013071238994597,0.2810457646846771,0.4411764770746231,-0.05231071561574932,0.1806049197912216,0.2329156354069709,0.019542384147644,0.0366744995117187,0.0171321153640747,trials10train_r100test_r100AllTrue,trials10train_r100test_r100AllTrue
Football_data_England_Premier_League/finerEngland_2012_2013,Football_finer,rankCentrality,-0.854901969432831,1.1241830587387085,1.9790850281715395,-0.2137254923582077,0.2810457646846771,0.4947712570428848,-0.4792890340089798,0.1806049197912216,0.6598939538002014,0.034774923324585004,0.0366744995117187,0.0018995761871337,trials10train_r100test_r100AllTrue,trials10train_r100test_r100AllTrue
Football_data_England_Premier_League/finerEngland_2012_2013,Football_finer,serialRank,0.026143789291381614,1.1241830587387085,1.0980392694473269,0.0065359473228455145,0.2810457646846771,0.2745098173618316,-0.03482617735862731,0.1806049197912216,0.2154310971498489,0.035407280921936,0.0366744995117187,0.0012672185897827,trials10train_r100test_r100AllTrue,trials10train_r100test_r100AllTrue
Football_data_England_Premier_League/finerEngland_2012_2013,Football_finer,DIGRAC,-0.15215683460235585,1.1241830587387085,1.2763398933410643,-0.03803920865058896,0.2810457646846771,0.3190849733352661,-0.024907388985157014,0.1806049197912216,0.2055123087763786,-5.459553551673889,0.0366744995117187,5.496228051185608,trials10train_r100test_r100AllTrue,K9dropout50ratio_coe100margin_coe0withdistFiedler5sigma100alpha100hid32lr10useSpringRanktrials10train_r100test_r100AllTrue
Football_data_England_Premier_League/finerEngland_2012_2013,Football_finer,ib,-0.1594771146774292,1.1241830587387085,1.2836601734161377,-0.0398692786693573,0.2810457646846771,0.3209150433540344,-0.06084031224250791,0.1806049197912216,0.2414452320337295,-3.3339819431304933,0.0366744995117187,3.370656442642212,trials10train_r100test_r100AllTrue,K9dropout50ratio_coe100margin_coe0withdistFiedler5sigma100alpha100hid32lr10useSpringRanktrials10train_r100test_r100AllTrue
Football_data_England_Premier_League/finerEngland_2013_2014,Football_finer,SpringRank,0.02424246072769154,0.9212121367454528,0.8969696760177612,0.006060615181922885,0.2303030341863632,0.2242424190044403,-0.0037697553634643832,0.2336148768663406,0.237384632229805,-0.021898555755615202,0.0347699403762817,0.0566684961318969,trials10train_r100test_r100AllTrue,trials10train_r100test_r100AllTrue
Football_data_England_Premier_League/finerEngland_2013_2014,Football_finer,davidScore,0.19393938779830922,0.9212121367454528,0.7272727489471436,0.048484846949577304,0.2303030341863632,0.1818181872367859,-0.19544230401515958,0.2336148768663406,0.4290571808815002,0.033882212638855,0.0347699403762817,0.0008877277374267,trials10train_r100test_r100AllTrue,trials10train_r100test_r100AllTrue
Football_data_England_Premier_League/finerEngland_2013_2014,Football_finer,SVD_NRS,0.16969698667526234,0.9212121367454528,0.7515151500701904,0.042424246668815585,0.2303030341863632,0.1878787875175476,0.015515670180320712,0.2336148768663406,0.2180992066860199,0.0323945999145508,0.0347699403762817,0.0023753404617309,trials10train_r100test_r100AllTrue,trials10train_r100test_r100AllTrue
Football_data_England_Premier_League/finerEngland_2013_2014,Football_finer,btl,0.07272728681564322,0.9212121367454528,0.8484848499298095,0.018181821703910805,0.2303030341863632,0.2121212124824524,0.02374475598335271,0.2336148768663406,0.2098701208829879,0.0308665752410889,0.0347699403762817,0.0039033651351928,trials10train_r100test_r100AllTrue,trials10train_r100test_r100AllTrue
Football_data_England_Premier_League/finerEngland_2013_2014,Football_finer,PageRank,-0.1454545855522157,0.9212121367454528,1.0666667222976685,-0.03636364638805392,0.2303030341863632,0.2666666805744171,-0.02833883464336398,0.2336148768663406,0.2619537115097046,0.0345919370651245,0.0347699403762817,0.0001780033111572,trials10train_r100test_r100AllTrue,trials10train_r100test_r100AllTrue
Football_data_England_Premier_League/finerEngland_2013_2014,Football_finer,syncRank,-0.6521212339401247,0.9212121367454528,1.5733333706855774,-0.1630303084850311,0.2303030341863632,0.3933333426713943,-0.06838591396808627,0.2336148768663406,0.3020007908344269,0.0178718090057373,0.0347699403762817,0.0168981313705444,trials10train_r100test_r100AllTrue,trials10train_r100test_r100AllTrue
Football_data_England_Premier_League/finerEngland_2013_2014,Football_finer,rankCentrality,-0.9872727036476135,0.9212121367454528,1.9084848403930663,-0.2909090846776963,0.2303030341863632,0.5212121188640595,-0.2858711928129196,0.2336148768663406,0.5194860696792603,0.0328811645507813,0.0347699403762817,0.0018887758255004,trials10train_r100test_r100AllTrue,trials10train_r100test_r100AllTrue
Football_data_England_Premier_League/finerEngland_2013_2014,Football_finer,serialRank,0.048484861850738414,0.9212121367454528,0.8727272748947144,0.012121215462684604,0.2303030341863632,0.2181818187236786,-0.054011180996894864,0.2336148768663406,0.2876260578632355,0.033498549461364796,0.0347699403762817,0.0012713909149169,trials10train_r100test_r100AllTrue,trials10train_r100test_r100AllTrue
Football_data_England_Premier_League/finerEngland_2013_2014,Football_finer,DIGRAC,-0.4630302941799166,0.9212121367454528,1.3842424309253694,-0.11575757354497909,0.2303030341863632,0.3460606077313423,-0.05597448885440828,0.2336148768663406,0.2895893657207489,-6.9064211606979375,0.0347699403762817,6.941191101074219,trials10train_r100test_r100AllTrue,K9dropout50ratio_coe100margin_coe0withdistFiedler5sigma100alpha100hid32lr10useSpringRanktrials10train_r100test_r100AllTrue
Football_data_England_Premier_League/finerEngland_2013_2014,Football_finer,ib,-0.1021818053722382,0.9212121367454528,1.023393942117691,-0.05381817847490308,0.2303030341863632,0.2841212126612663,-0.09405699133872988,0.2336148768663406,0.3276718682050705,-3.310302567481995,0.0347699403762817,3.3450725078582764,trials10train_r100test_r100AllTrue,K9dropout50ratio_coe100margin_coe0withdistFiedler5sigma100alpha100hid32lr10useSpringRanktrials10train_r100test_r100AllTrue
Football_data_England_Premier_League/finerEngland_2014_2015,Football_finer,SpringRank,-0.07476627826690674,1.0841121673583984,1.1588784456253052,-0.018691569566726685,0.2710280418395996,0.2897196114063263,0.0035543739795684814,0.3609827756881714,0.3574284017086029,-0.030591320991516097,0.0252341270446777,0.0558254480361938,trials10train_r100test_r100AllTrue,trials10train_r100test_r100AllTrue
Football_data_England_Premier_League/finerEngland_2014_2015,Football_finer,davidScore,0.037383198738098145,1.0841121673583984,1.0467289686203003,0.009345799684524536,0.2710280418395996,0.2616822421550751,-0.26151448488235474,0.3609827756881714,0.6224972605705261,0.024346852302551302,0.0252341270446777,0.0008872747421264,trials10train_r100test_r100AllTrue,trials10train_r100test_r100AllTrue
Football_data_England_Premier_League/finerEngland_2014_2015,Football_finer,SVD_NRS,0.0,1.0841121673583984,1.0841121673583984,0.0,0.2710280418395996,0.2710280418395996,-0.009834855794906616,0.3609827756881714,0.370817631483078,0.0228656053543091,0.0252341270446777,0.0023685216903686,trials10train_r100test_r100AllTrue,trials10train_r100test_r100AllTrue
Football_data_England_Premier_League/finerEngland_2014_2015,Football_finer,btl,-0.10841116905212389,1.0841121673583984,1.1925233364105223,-0.027102792263030973,0.2710280418395996,0.2981308341026306,0.013143453001976002,0.3609827756881714,0.3478393226861954,0.021063590049743702,0.0252341270446777,0.004170536994934,trials10train_r100test_r100AllTrue,trials10train_r100test_r100AllTrue
Football_data_England_Premier_League/finerEngland_2014_2015,Football_finer,PageRank,-0.14953267574310325,1.0841121673583984,1.2336448431015017,-0.0373831689357757,0.2710280418395996,0.3084112107753753,-0.03276321291923523,0.3609827756881714,0.3937459886074066,0.0250261306762695,0.0252341270446777,0.0002079963684082,trials10train_r100test_r100AllTrue,trials10train_r100test_r100AllTrue
Football_data_England_Premier_League/finerEngland_2014_2015,Football_finer,syncRank,-0.6579439401626588,1.0841121673583984,1.7420561075210572,-0.1644859850406647,0.2710280418395996,0.4355140268802643,-0.08573612570762629,0.3609827756881714,0.4467189013957977,0.008662891387939502,0.0252341270446777,0.0165712356567382,trials10train_r100test_r100AllTrue,trials10train_r100test_r100AllTrue
Football_data_England_Premier_League/finerEngland_2014_2015,Football_finer,rankCentrality,-0.5981308221817017,1.0841121673583984,1.6822429895401,-0.14953270554542542,0.2710280418395996,0.420560747385025,-0.622368037700653,0.3609827756881714,0.9833508133888244,0.0233629941940308,0.0252341270446777,0.0018711328506469,trials10train_r100test_r100AllTrue,trials10train_r100test_r100AllTrue
Football_data_England_Premier_League/finerEngland_2014_2015,Football_finer,serialRank,-0.4859813451766968,1.0841121673583984,1.5700935125350952,-0.1214953362941742,0.2710280418395996,0.3925233781337738,-0.08823386132717131,0.3609827756881714,0.4492166370153427,0.0239593982696533,0.0252341270446777,0.0012747287750244,trials10train_r100test_r100AllTrue,trials10train_r100test_r100AllTrue
Football_data_England_Premier_League/finerEngland_2014_2015,Football_finer,DIGRAC,-0.44859810352325447,1.0841121673583984,1.532710270881653,-0.11214952588081362,0.2710280418395996,0.3831775677204132,-0.06822323143482201,0.3609827756881714,0.4292060071229934,-6.569427943229675,0.0252341270446777,6.594662070274353,trials10train_r100test_r100AllTrue,K9dropout50ratio_coe100margin_coe0withdistFiedler5sigma100alpha100hid32lr10useSpringRanktrials10train_r100test_r100AllTrue
Football_data_England_Premier_League/finerEngland_2014_2015,Football_finer,ib,-0.41775698661804195,1.0841121673583984,1.5018691539764404,-0.17214952528476707,0.2710280418395996,0.4431775671243667,-0.1660478913784027,0.3609827756881714,0.5270306670665741,-3.5130019187927246,0.0252341270446777,3.5382360458374023,trials10train_r100test_r100AllTrue,K9dropout50ratio_coe100margin_coe0withdistFiedler5sigma100alpha100hid32lr10useSpringRanktrials10train_r100test_r100AllTrue
Halo2BetaData/HeadToHead,Halo,SpringRank,-0.1230769157409668,0.8767123222351074,0.9997892379760742,-0.0307692289352417,0.2191780805587768,0.2499473094940185,-0.10439640283584595,0.758381187915802,0.862777590751648,1.0146407604217529,1.0788014650344848,0.0641607046127319,trials10train_r100test_r100AllTrue,trials10train_r100test_r100AllTrue
Halo2BetaData/HeadToHead,Halo,davidScore,-0.2798736095428467,0.8767123222351074,1.156585931777954,-0.06996840238571173,0.2191780805587768,0.2891464829444885,-0.13085335493087769,0.758381187915802,0.8892345428466797,1.072488570213318,1.0788014650344848,0.0063128948211669,trials10train_r100test_r100AllTrue,trials10train_r100test_r100AllTrue
Halo2BetaData/HeadToHead,Halo,SVD_NRS,-0.5521601676940917,0.8767123222351074,1.4288724899291991,-0.13804004192352298,0.2191780805587768,0.3572181224822998,-0.20163867473602282,0.758381187915802,0.9600198626518248,1.0726219415664673,1.0788014650344848,0.0061795234680175,trials10train_r100test_r100AllTrue,trials10train_r100test_r100AllTrue
Halo2BetaData/HeadToHead,Halo,btl,-0.24320337772369394,0.8767123222351074,1.1199156999588014,-0.060800844430923484,0.2191780805587768,0.2799789249897003,0.04410074353218074,0.758381187915802,0.7142804443836213,1.0155621290206909,1.0788014650344848,0.0632393360137939,trials10train_r100test_r100AllTrue,trials10train_r100test_r100AllTrue
Halo2BetaData/HeadToHead,Halo,PageRank,-0.4847207069396975,0.8767123222351074,1.361433029174805,-0.12118017673492432,0.2191780805587768,0.3403582572937011,-0.0758047103881836,0.758381187915802,0.8341858983039856,1.072613024711609,1.0788014650344848,0.0061884403228759,trials10train_r100test_r100AllTrue,trials10train_r100test_r100AllTrue
Halo2BetaData/HeadToHead,Halo,syncRank,-1.0608219146728515,0.8767123222351074,1.937534236907959,-0.2652054786682129,0.2191780805587768,0.4843835592269897,-0.20721179246902477,0.758381187915802,0.9655929803848268,0.11085853576660165,1.0788014650344848,0.9679429292678832,trials10train_r100test_r100AllTrue,trials10train_r100test_r100AllTrue
Halo2BetaData/HeadToHead,Halo,rankCentrality,-1.121348810195923,0.8767123222351074,1.9980611324310305,-0.2803372025489807,0.2191780805587768,0.4995152831077575,-0.4394378066062927,0.758381187915802,1.1978189945220947,1.0197103261947633,1.0788014650344848,0.0590911388397216,trials10train_r100test_r100AllTrue,trials10train_r100test_r100AllTrue
Halo2BetaData/HeadToHead,Halo,serialRank,-1.046596443653107,0.8767123222351074,1.9233087658882144,-0.3195785105228424,0.2191780805587768,0.5387565910816192,-0.20891290903091442,0.758381187915802,0.9672940969467164,1.0147762060165406,1.0788014650344848,0.0640252590179443,trials10train_r100test_r100AllTrue,trials10train_r100test_r100AllTrue
Halo2BetaData/HeadToHead,Halo,DIGRAC,-0.6724383592605592,0.8767123222351074,1.5491506814956666,-0.1681475257873536,0.2191780805587768,0.3873256063461304,-0.1486366927623748,0.758381187915802,0.9070178806781768,-26.550137329101563,1.0788014650344848,27.628938794136047,trials10train_r100test_r100AllTrue,K48dropout50ratio_coe100margin_coe0withdistFiedler5sigma100alpha100hid32lr10useSpringRanktrials10train_r100test_r100AllTrue
Halo2BetaData/HeadToHead,Halo,ib,-0.34027396917343133,0.8767123222351074,1.2169862914085388,-0.5016859877109527,0.2191780805587768,0.7208640682697296,-0.23980916142463682,0.758381187915802,0.9981903493404388,-19.43645157814026,1.0788014650344848,20.515253043174745,trials10train_r100test_r100AllTrue,K48dropout50ratio_coe100margin_coe0withdistFiedler5sigma100alpha100hid32lr10useSpringRanktrials10train_r100test_r100AllTrue
