dataset,family,n,m,density,phase_mode,addback_mode,upset_simple,upset_ratio,upset_naive,runtime_sec,time_phase1_sec,time_phase2_sec,time_phaseC_sec,removed_phaseA,kept_after_phaseA,kept_final,edges_restored,reinserted_per_pass,break_reason,reach_checked,reach_inserted,reach_rejected_reachable,reach_dense_matrix_used,permutation_changed_vs_A_only,status,note
Basketball_temporal/1985,Basketball_coarse,282,2904,0.03664723252820474,A0,none,0.11737831230089152,0.4571488428519246,4753.0,0.08722710609436035,0.07940340042114258,1.9073486328125e-06,0.007809162139892578,1074,1830,1830,0,0,,,,,,False,ok,
Basketball_temporal/1985,Basketball_coarse,282,2904,0.03664723252820474,A1_topo,topo,0.11678561726718198,0.45803902578377964,4729.0,0.0916595458984375,0.07932472229003906,0.004359245300292969,0.007963418960571289,1074,1830,2142,312,305|7|0,,,,,,True,ok,
Basketball_temporal/1985,Basketball_coarse,282,2904,0.03664723252820474,A2_topo,topo,0.11678561726718198,0.45106086472266094,4729.0,0.17200732231140137,0.07891440391540527,0.0043408870697021484,0.08873844146728516,1074,1830,2142,312,305|7|0,,,,,,True,ok,
Basketball_temporal/1985,Basketball_coarse,282,2904,0.03664723252820474,B1_reach,reach,0.09954807003679648,0.46287807766192984,4031.0,0.12286186218261719,0.07936763763427734,0.0389094352722168,0.00457310676574707,1074,1830,2214,384,384,,1074,384,690,True,True,ok,
Basketball_temporal/1985,Basketball_coarse,282,2904,0.03664723252820474,B2_reach,reach,0.09954807003679648,0.4537179485826296,4031.0,0.20153212547302246,0.07912349700927734,0.0385739803314209,0.08382034301757812,1074,1830,2214,384,384,,1074,384,690,True,True,ok,
Basketball_temporal/1986,Basketball_coarse,283,2937,0.03680174422975716,A0,none,0.1131450735537581,0.4916616032575592,4784.0,0.0968930721282959,0.08897519111633301,1.430511474609375e-06,0.007904767990112305,1081,1856,1856,0,0,,,,,,False,ok,
Basketball_temporal/1986,Basketball_coarse,283,2937,0.03680174422975716,A1_topo,topo,0.11319237500591268,0.49495302333279,4786.0,0.10162210464477539,0.0890507698059082,0.004402875900268555,0.008156061172485352,1081,1856,2199,343,338|5|0,,,,,,True,ok,
Basketball_temporal/1986,Basketball_coarse,283,2937,0.03680174422975716,A2_topo,topo,0.11319237500591268,0.4883388167976942,4786.0,0.1804962158203125,0.08904218673706055,0.00445556640625,0.08698320388793945,1081,1856,2199,343,338|5|0,,,,,,True,ok,
Basketball_temporal/1986,Basketball_coarse,283,2937,0.03680174422975716,B1_reach,reach,0.09907289153777021,0.49779485835405946,4189.0,0.13701367378234863,0.08907794952392578,0.04333996772766113,0.004584550857543945,1081,1856,2253,397,397,,1081,397,684,True,True,ok,
Basketball_temporal/1986,Basketball_coarse,283,2937,0.03680174422975716,B2_reach,reach,0.09907289153777021,0.4905395533266876,4189.0,0.21682357788085938,0.08925819396972656,0.043259620666503906,0.08428740501403809,1081,1856,2253,397,397,,1081,397,684,True,True,ok,
Basketball_temporal/1987,Basketball_coarse,290,3045,0.03633217993079585,A0,none,0.11993339567984307,0.49421911976604843,5258.0,0.10007929801940918,0.09186244010925293,1.6689300537109375e-06,0.008203268051147461,1107,1938,1938,0,0,,,,,,False,ok,
Basketball_temporal/1987,Basketball_coarse,290,3045,0.03633217993079585,A1_topo,topo,0.11947720170616546,0.49224864617983694,5238.0,0.10471940040588379,0.09182596206665039,0.004561662673950195,0.008320331573486328,1107,1938,2261,323,314|9|0,,,,,,True,ok,
Basketball_temporal/1987,Basketball_coarse,290,3045,0.03633217993079585,A2_topo,topo,0.11947720170616546,0.4853018335017127,5238.0,0.18769192695617676,0.09193921089172363,0.004589080810546875,0.09114980697631836,1107,1938,2261,323,314|9|0,,,,,,True,ok,
Basketball_temporal/1987,Basketball_coarse,290,3045,0.03633217993079585,B1_reach,reach,0.10161720763668712,0.5003388985090635,4455.0,0.14732575416564941,0.09279012680053711,0.04605293273925781,0.008470773696899414,1107,1938,2318,380,380,,1107,380,727,True,True,ok,
Basketball_temporal/1987,Basketball_coarse,290,3045,0.03633217993079585,B2_reach,reach,0.10161720763668712,0.4933408696631285,4455.0,0.23025989532470703,0.09173464775085449,0.0460362434387207,0.09247159957885742,1107,1938,2318,380,380,,1107,380,727,True,True,ok,
Basketball_temporal/1988,Basketball_coarse,290,3099,0.03697649445173607,A0,none,0.12096182469969183,0.49309260143790984,5770.0,0.08850479125976562,0.0801706314086914,2.384185791015625e-06,0.008318424224853516,1155,1944,1944,0,0,,,,,,False,ok,
Basketball_temporal/1988,Basketball_coarse,290,3099,0.03697649445173607,A1_topo,topo,0.12062640196222302,0.4867436414777157,5754.0,0.09302091598510742,0.0799250602722168,0.0046236515045166016,0.008460283279418945,1155,1944,2296,352,344|7|1,,,,,,True,ok,
Basketball_temporal/1988,Basketball_coarse,290,3099,0.03697649445173607,A2_topo,topo,0.12062640196222302,0.4799318978289564,5754.0,0.17657971382141113,0.08000040054321289,0.004658937454223633,0.09190702438354492,1155,1944,2296,352,344|7|1,,,,,,True,ok,
Basketball_temporal/1988,Basketball_coarse,290,3099,0.03697649445173607,B1_reach,reach,0.1018217647428775,0.47731721189228,4857.0,0.13362812995910645,0.07981300354003906,0.04892110824584961,0.004881858825683594,1155,1944,2369,425,425,,1155,425,730,True,True,ok,
Basketball_temporal/1988,Basketball_coarse,290,3099,0.03697649445173607,B2_reach,reach,0.1018217647428775,0.46823382169098277,4857.0,0.21435880661010742,0.0798037052154541,0.049056291580200195,0.08548378944396973,1155,1944,2369,425,425,,1155,425,730,True,True,ok,
Basketball_temporal/1989,Basketball_coarse,293,3162,0.03695824956753471,A0,none,0.11761713902056926,0.49478853791806277,5781.0,0.11291790008544922,0.10444879531860352,1.430511474609375e-06,0.008455991744995117,1119,2043,2043,0,0,,,,,,False,ok,
Basketball_temporal/1989,Basketball_coarse,293,3162,0.03695824956753471,A1_topo,topo,0.11637606559378243,0.4954774458954798,5720.0,0.11837458610534668,0.10489082336425781,0.0048580169677734375,0.00861215591430664,1119,2043,2364,321,313|7|1,,,,,,True,ok,
Basketball_temporal/1989,Basketball_coarse,293,3162,0.03695824956753471,A2_topo,topo,0.11637606559378243,0.4867937067776135,5720.0,0.20200490951538086,0.10447168350219727,0.004783153533935547,0.09273600578308105,1119,2043,2364,321,313|7|1,,,,,,True,ok,
Basketball_temporal/1989,Basketball_coarse,293,3162,0.03695824956753471,B1_reach,reach,0.10148318447234034,0.5008041666870672,4988.0,0.15752911567687988,0.10444927215576172,0.04444122314453125,0.008627176284790039,1119,2043,2418,375,375,,1119,375,744,True,True,ok,
Basketball_temporal/1989,Basketball_coarse,293,3162,0.03695824956753471,B2_reach,reach,0.10148318447234034,0.49476108338589164,4988.0,0.2423381805419922,0.10464310646057129,0.04392194747924805,0.09375953674316406,1119,2043,2418,375,375,,1119,375,744,True,True,ok,
Basketball_temporal/1990,Basketball_coarse,292,3192,0.03756531563338512,A0,none,0.12003628716341594,0.4784591604086033,5822.0,0.11851930618286133,0.1100912094116211,9.5367431640625e-07,0.00841522216796875,1144,2048,2048,0,0,,,,,,False,ok,
Basketball_temporal/1990,Basketball_coarse,292,3192,0.03756531563338512,A1_topo,topo,0.11976825697909364,0.47616158565082545,5809.0,0.12434673309326172,0.11080050468444824,0.004869937896728516,0.008661746978759766,1144,2048,2411,363,355|7|1,,,,,,True,ok,
Basketball_temporal/1990,Basketball_coarse,292,3192,0.03756531563338512,A2_topo,topo,0.11976825697909364,0.4670346228553239,5809.0,0.2076396942138672,0.11022019386291504,0.004941463470458984,0.09245920181274414,1144,2048,2411,363,355|7|1,,,,,,True,ok,
Basketball_temporal/1990,Basketball_coarse,292,3192,0.03756531563338512,B1_reach,reach,0.10203702940084945,0.4708543792234335,4949.0,0.1700737476348877,0.11023712158203125,0.051248788833618164,0.008575677871704102,1144,2048,2468,420,420,,1144,420,724,True,True,ok,
Basketball_temporal/1990,Basketball_coarse,292,3192,0.03756531563338512,B2_reach,reach,0.10203702940084945,0.46228819723358466,4949.0,0.25453782081604004,0.10992646217346191,0.05112814903259277,0.09347009658813477,1144,2048,2468,420,420,,1144,420,724,True,True,ok,
Basketball_temporal/1991,Basketball_coarse,295,3218,0.03710365502133057,A0,none,0.11547388410411831,0.46391149834592865,6020.0,0.13666152954101562,0.1280972957611084,1.1920928955078125e-06,0.008551359176635742,1160,2058,2058,0,0,,,,,,False,ok,
Basketball_temporal/1991,Basketball_coarse,295,3218,0.03710365502133057,A1_topo,topo,0.11537797556250359,0.45912034094177007,6015.0,0.14247918128967285,0.12884855270385742,0.004870414733886719,0.008746147155761719,1160,2058,2408,350,345|5|0,,,,,,True,ok,
Basketball_temporal/1991,Basketball_coarse,295,3218,0.03710365502133057,A2_topo,topo,0.11537797556250359,0.4531900842770146,6015.0,0.226546049118042,0.12819123268127441,0.004843950271606445,0.09349656105041504,1160,2058,2408,350,345|5|0,,,,,,True,ok,
Basketball_temporal/1991,Basketball_coarse,295,3218,0.03710365502133057,B1_reach,reach,0.1017589626532139,0.45775389931072,5305.0,0.1829986572265625,0.1282491683959961,0.04599571228027344,0.00874018669128418,1160,2058,2469,411,411,,1160,411,749,True,True,ok,
Basketball_temporal/1991,Basketball_coarse,295,3218,0.03710365502133057,B2_reach,reach,0.1017589626532139,0.45049485269184525,5305.0,0.2689981460571289,0.1281416416168213,0.04564952850341797,0.09519362449645996,1160,2058,2469,411,411,,1160,411,749,True,True,ok,
Basketball_temporal/1992,Basketball_coarse,298,3238,0.036585090276365445,A0,none,0.12130590677486318,0.46892694184671435,6428.0,0.13802886009216309,0.1291515827178955,1.430511474609375e-06,0.008861780166625977,1155,2083,2083,0,0,,,,,,False,ok,
Basketball_temporal/1992,Basketball_coarse,298,3238,0.036585090276365445,A1_topo,topo,0.12023023211926778,0.4614712180597446,6371.0,0.13956904411315918,0.12955069541931152,0.004883527755737305,0.005120754241943359,1155,2083,2423,340,328|12|0,,,,,,True,ok,
Basketball_temporal/1992,Basketball_coarse,298,3238,0.036585090276365445,A2_topo,topo,0.12023023211926778,0.452521039902496,6371.0,0.22571110725402832,0.12932825088500977,0.0049037933349609375,0.09146332740783691,1155,2083,2423,340,328|12|0,,,,,,True,ok,
Basketball_temporal/1992,Basketball_coarse,298,3238,0.036585090276365445,B1_reach,reach,0.09924514059256463,0.47909829666002246,5259.0,0.18844819068908691,0.13002848625183105,0.04951596260070801,0.008892059326171875,1155,2083,2504,421,421,,1155,421,734,True,True,ok,
Basketball_temporal/1992,Basketball_coarse,298,3238,0.036585090276365445,B2_reach,reach,0.09924514059256463,0.471111065807879,5259.0,0.2725636959075928,0.12919163703918457,0.04948759078979492,0.09387063980102539,1155,2083,2504,421,421,,1155,421,734,True,True,ok,
Basketball_temporal/1993,Basketball_coarse,298,3088,0.03489028992384697,A0,none,0.12185021118780262,0.48069045762898094,5914.0,0.10632205009460449,0.09783148765563965,1.9073486328125e-06,0.008475542068481445,1095,1993,1993,0,0,,,,,,False,ok,
Basketball_temporal/1993,Basketball_coarse,298,3088,0.03489028992384697,A1_topo,topo,0.12073761203255383,0.48159669916587255,5860.0,0.11050963401794434,0.09717488288879395,0.004674434661865234,0.008646011352539062,1095,1993,2298,305,299|6|0,,,,,,True,ok,
Basketball_temporal/1993,Basketball_coarse,298,3088,0.03489028992384697,A2_topo,topo,0.12073761203255383,0.47384275147627397,5860.0,0.1960277557373047,0.0968174934387207,0.004673480987548828,0.09452295303344727,1095,1993,2298,305,299|6|0,,,,,,True,ok,
Basketball_temporal/1993,Basketball_coarse,298,3088,0.03489028992384697,B1_reach,reach,0.10373956938291955,0.49449650937971307,5035.0,0.15195989608764648,0.09685397148132324,0.05017971992492676,0.004910707473754883,1095,1993,2378,385,385,,1095,385,710,True,True,ok,
Basketball_temporal/1993,Basketball_coarse,298,3088,0.03489028992384697,B2_reach,reach,0.10373956938291955,0.48807612884221246,5035.0,0.23867177963256836,0.0969851016998291,0.04994320869445801,0.09173059463500977,1095,1993,2378,385,385,,1095,385,710,True,True,ok,
Basketball_temporal/1994,Basketball_coarse,301,3144,0.03481727574750831,A0,none,0.12003603039085141,0.46775079988518653,6130.0,0.10642266273498535,0.09783768653869629,1.430511474609375e-06,0.008570671081542969,1099,2045,2045,0,0,,,,,,False,ok,
Basketball_temporal/1994,Basketball_coarse,301,3144,0.03481727574750831,A1_topo,topo,0.11985979478342602,0.4689143738492195,6121.0,0.11223697662353516,0.09871506690979004,0.004782676696777344,0.008725404739379883,1099,2045,2358,313,311|2|0,,,,,,True,ok,
Basketball_temporal/1994,Basketball_coarse,301,3144,0.03481727574750831,A2_topo,topo,0.11985979478342602,0.46222143593003756,6121.0,0.19629383087158203,0.0976552963256836,0.004806995391845703,0.09381723403930664,1099,2045,2358,313,311|2|0,,,,,,True,ok,
Basketball_temporal/1994,Basketball_coarse,301,3144,0.03481727574750831,B1_reach,reach,0.09959269992950576,0.464927183378439,5086.0,0.15710830688476562,0.0978536605834961,0.050562143325805664,0.008680105209350586,1099,2045,2439,394,394,,1099,394,705,True,True,ok,
Basketball_temporal/1994,Basketball_coarse,301,3144,0.03481727574750831,B2_reach,reach,0.09959269992950576,0.45838042296032355,5086.0,0.2459888458251953,0.09871888160705566,0.05048632621765137,0.0967702865600586,1099,2045,2439,394,394,,1099,394,705,True,True,ok,
Basketball_temporal/1995,Basketball_coarse,302,3182,0.03500473036896878,A0,none,0.12158684083212386,0.4781762824130821,6283.0,0.11623859405517578,0.10733962059020996,1.9073486328125e-06,0.00888371467590332,1157,2025,2025,0,0,,,,,,False,ok,
Basketball_temporal/1995,Basketball_coarse,302,3182,0.03500473036896878,A1_topo,topo,0.1209288824383164,0.47806638073926194,6249.0,0.12773513793945312,0.11275458335876465,0.00503993034362793,0.009922504425048828,1157,2025,2378,353,343|9|1,,,,,,True,ok,
Basketball_temporal/1995,Basketball_coarse,302,3182,0.03500473036896878,A2_topo,topo,0.1209288824383164,0.4726455264754309,6249.0,0.20938777923583984,0.10793542861938477,0.004817962646484375,0.0966176986694336,1157,2025,2378,353,343|9|1,,,,,,True,ok,
Basketball_temporal/1995,Basketball_coarse,302,3182,0.03500473036896878,B1_reach,reach,0.10430575713594581,0.4600492308049069,5390.0,0.1628730297088623,0.10737061500549316,0.05042600631713867,0.005064249038696289,1157,2025,2457,432,432,,1157,432,725,True,True,ok,
Basketball_temporal/1995,Basketball_coarse,302,3182,0.03500473036896878,B2_reach,reach,0.10430575713594581,0.4520266035391816,5390.0,0.24943757057189941,0.10722899436950684,0.05038857460021973,0.09180712699890137,1157,2025,2457,432,432,,1157,432,725,True,True,ok,
Basketball_temporal/1996,Basketball_coarse,305,3256,0.03511647972389991,A0,none,0.13046360198073848,0.48537263982862405,6692.0,0.1150827407836914,0.1062016487121582,1.1920928955078125e-06,0.008868217468261719,1197,2059,2059,0,0,,,,,,False,ok,
Basketball_temporal/1996,Basketball_coarse,305,3256,0.03511647972389991,A1_topo,topo,0.13251062502436933,0.482611711851635,6797.0,0.1205906867980957,0.10617995262145996,0.004987955093383789,0.00940704345703125,1197,2059,2436,377,372|5|0,,,,,,True,ok,
Basketball_temporal/1996,Basketball_coarse,305,3256,0.03511647972389991,A2_topo,topo,0.13251062502436933,0.47487632113413064,6797.0,0.20932745933532715,0.10666680335998535,0.004939556121826172,0.09770488739013672,1197,2059,2436,377,372|5|0,,,,,,True,ok,
Basketball_temporal/1996,Basketball_coarse,305,3256,0.03511647972389991,B1_reach,reach,0.10829726673685032,0.48888404423504817,5555.0,0.1691439151763916,0.1062157154083252,0.053894996643066406,0.009021520614624023,1197,2059,2505,446,446,,1197,446,751,True,True,ok,
Basketball_temporal/1996,Basketball_coarse,305,3256,0.03511647972389991,B2_reach,reach,0.10829726673685032,0.4818445980747301,5555.0,0.25560736656188965,0.10633444786071777,0.05382728576660156,0.09543228149414062,1197,2059,2505,446,446,,1197,446,751,True,True,ok,
Basketball_temporal/1997,Basketball_coarse,305,3333,0.035946937014667814,A0,none,0.132924649768434,0.4884483985603217,6917.0,0.14132094383239746,0.13221478462219238,1.1920928955078125e-06,0.009092569351196289,1232,2101,2101,0,0,,,,,,False,ok,
Basketball_temporal/1997,Basketball_coarse,305,3333,0.035946937014667814,A1_topo,topo,0.131022157311144,0.4841961542699547,6818.0,0.1472334861755371,0.13289856910705566,0.0050907135009765625,0.009230613708496094,1232,2101,2486,385,370|13|2,,,,,,True,ok,
Basketball_temporal/1997,Basketball_coarse,305,3333,0.035946937014667814,A2_topo,topo,0.131022157311144,0.47780339710709147,6818.0,0.2350778579711914,0.13305354118347168,0.005021095275878906,0.09698677062988281,1232,2101,2486,385,370|13|2,,,,,,True,ok,
Basketball_temporal/1997,Basketball_coarse,305,3333,0.035946937014667814,B1_reach,reach,0.11249687722197667,0.5118907771518207,5854.0,0.19716358184814453,0.13238000869750977,0.05549001693725586,0.009281396865844727,1232,2101,2546,445,445,,1232,445,787,True,True,ok,
Basketball_temporal/1997,Basketball_coarse,305,3333,0.035946937014667814,B2_reach,reach,0.11249687722197667,0.503928745818332,5854.0,0.28578877449035645,0.13289952278137207,0.05550861358642578,0.0973672866821289,1232,2101,2546,445,445,,1232,445,787,True,True,ok,
Basketball_temporal/1998,Basketball_coarse,306,3321,0.035583413693346194,A0,none,0.11800342922461421,0.518154042442756,6194.0,0.12025046348571777,0.11110186576843262,1.430511474609375e-06,0.009134292602539062,1178,2143,2143,0,0,,,,,,False,ok,
Basketball_temporal/1998,Basketball_coarse,306,3321,0.035583413693346194,A1_topo,topo,0.11868927414745666,0.5168012217694189,6230.0,0.12604522705078125,0.11145401000976562,0.005124330520629883,0.009444952011108398,1178,2143,2506,363,359|4|0,,,,,,True,ok,
Basketball_temporal/1998,Basketball_coarse,306,3321,0.035583413693346194,A2_topo,topo,0.11868927414745666,0.5089466474278829,6230.0,0.2125236988067627,0.1111898422241211,0.005005836486816406,0.0963134765625,1178,2143,2506,363,359|4|0,,,,,,True,ok,
Basketball_temporal/1998,Basketball_coarse,306,3321,0.035583413693346194,B1_reach,reach,0.10255286721280243,0.52049948607162,5383.0,0.16948461532592773,0.1112675666809082,0.052927255630493164,0.005276918411254883,1178,2143,2566,423,423,,1178,423,755,True,True,ok,
Basketball_temporal/1998,Basketball_coarse,306,3321,0.035583413693346194,B2_reach,reach,0.10255286721280243,0.5143655362850964,5383.0,0.2556941509246826,0.11121034622192383,0.05266070365905762,0.09180974960327148,1178,2143,2566,423,423,,1178,423,755,True,True,ok,
Basketball_temporal/1999,Basketball_coarse,310,3385,0.03533771792462679,A0,none,0.1325253589777368,0.5197769108146119,7042.0,0.11741995811462402,0.10827517509460449,1.1920928955078125e-06,0.009131193161010742,1258,2127,2127,0,0,,,,,,False,ok,
Basketball_temporal/1999,Basketball_coarse,310,3385,0.03533771792462679,A1_topo,topo,0.13348514217964882,0.5170186132184704,7093.0,0.12353253364562988,0.10889029502868652,0.005095958709716797,0.009531497955322266,1258,2127,2523,396,392|4|0,,,,,,True,ok,
Basketball_temporal/1999,Basketball_coarse,310,3385,0.03533771792462679,A2_topo,topo,0.13348514217964882,0.50967275384193,7093.0,0.2117912769317627,0.10868287086486816,0.005079746246337891,0.09801459312438965,1258,2127,2523,396,392|4|0,,,,,,True,ok,
Basketball_temporal/1999,Basketball_coarse,310,3385,0.03533771792462679,B1_reach,reach,0.10915181511940832,0.5327477724875295,5800.0,0.177293062210083,0.10847043991088867,0.05944490432739258,0.009365320205688477,1258,2127,2608,481,481,,1258,481,777,True,True,ok,
Basketball_temporal/1999,Basketball_coarse,310,3385,0.03533771792462679,B2_reach,reach,0.10915181511940832,0.5225606155722685,5800.0,0.26372194290161133,0.10831999778747559,0.05918121337890625,0.0962076187133789,1258,2127,2608,481,481,,1258,481,777,True,True,ok,
Basketball_temporal/2000,Basketball_coarse,318,3475,0.03447215443525187,A0,none,0.11411820227982285,0.5086285517560487,6287.0,0.135573148727417,0.12592458724975586,1.430511474609375e-06,0.009635210037231445,1189,2286,2286,0,0,,,,,,False,ok,
Basketball_temporal/2000,Basketball_coarse,318,3475,0.03447215443525187,A1_topo,topo,0.11371887025339432,0.505364408648139,6265.0,0.14165616035461426,0.12652587890625,0.005323648452758789,0.009792089462280273,1189,2286,2664,378,369|7|2,,,,,,True,ok,
Basketball_temporal/2000,Basketball_coarse,318,3475,0.03447215443525187,A2_topo,topo,0.11371887025339432,0.49715603835360206,6265.0,0.2314000129699707,0.12593674659729004,0.0053179264068603516,0.10013079643249512,1189,2286,2664,378,369|7|2,,,,,,True,ok,
Basketball_temporal/2000,Basketball_coarse,318,3475,0.03447215443525187,B1_reach,reach,0.09407899513540986,0.5192976220189989,5183.0,0.19011664390563965,0.12596678733825684,0.05851101875305176,0.0056264400482177734,1189,2286,2733,447,447,,1189,447,742,True,True,ok,
Basketball_temporal/2000,Basketball_coarse,318,3475,0.03447215443525187,B2_reach,reach,0.09407899513540986,0.5113405684614751,5183.0,0.2830026149749756,0.12569975852966309,0.058203697204589844,0.09908390045166016,1189,2286,2733,447,447,,1189,447,742,True,True,ok,
Basketball_temporal/2001,Basketball_coarse,318,3405,0.033777751324325936,A0,none,0.11630081148797726,0.48513298074472144,6220.0,0.1309800148010254,0.12145090103149414,1.9073486328125e-06,0.009512186050415039,1171,2234,2234,0,0,,,,,,False,ok,
Basketball_temporal/2001,Basketball_coarse,318,3405,0.033777751324325936,A1_topo,topo,0.11633820724729815,0.4848054994373033,6222.0,0.1356663703918457,0.12080073356628418,0.0052340030670166016,0.009618043899536133,1171,2234,2626,392,383|8|1,,,,,,True,ok,
Basketball_temporal/2001,Basketball_coarse,318,3405,0.033777751324325936,A2_topo,topo,0.11633820724729815,0.4769909435484458,6222.0,0.2302863597869873,0.12263035774230957,0.005316972732543945,0.10232424736022949,1171,2234,2626,392,383|8|1,,,,,,True,ok,
Basketball_temporal/2001,Basketball_coarse,318,3405,0.033777751324325936,B1_reach,reach,0.09947271979357541,0.49641973739367024,5320.0,0.18549585342407227,0.1210165023803711,0.05897116661071777,0.00549626350402832,1171,2234,2698,464,464,,1171,464,707,True,True,ok,
Basketball_temporal/2001,Basketball_coarse,318,3405,0.033777751324325936,B2_reach,reach,0.09947271979357541,0.4892993733421754,5320.0,0.27608203887939453,0.12081289291381836,0.05916023254394531,0.09609317779541016,1171,2234,2698,464,464,,1171,464,707,True,True,ok,
Basketball_temporal/2002,Basketball_coarse,321,3505,0.034121884735202494,A0,none,0.12838597381876202,0.5098657750039659,7081.0,0.1213836669921875,0.11169266700744629,2.6226043701171875e-06,0.009673595428466797,1263,2242,2242,0,0,,,,,,False,ok,
Basketball_temporal/2002,Basketball_coarse,321,3505,0.034121884735202494,A1_topo,topo,0.12793269753780323,0.5077434033067316,7056.0,0.12657427787780762,0.1113591194152832,0.0053102970123291016,0.009891986846923828,1263,2242,2634,392,379|13|0,,,,,,True,ok,
Basketball_temporal/2002,Basketball_coarse,321,3505,0.034121884735202494,A2_topo,topo,0.12793269753780323,0.5027807020574384,7056.0,0.2929987907409668,0.11133193969726562,0.005296468734741211,0.17635345458984375,1263,2242,2634,392,379|13|0,,,,,,True,ok,
Basketball_temporal/2002,Basketball_coarse,321,3505,0.034121884735202494,B1_reach,reach,0.1078253617144722,0.5091947790425694,5947.0,0.1824631690979004,0.11144256591796875,0.06537890434265137,0.005629777908325195,1263,2242,2704,462,462,,1263,462,801,True,True,ok,
Basketball_temporal/2002,Basketball_coarse,321,3505,0.034121884735202494,B2_reach,reach,0.1078253617144722,0.5024640734830979,5947.0,0.2803323268890381,0.11215448379516602,0.06607961654663086,0.10207986831665039,1263,2242,2704,462,462,,1263,462,801,True,True,ok,
Basketball_temporal/2003,Basketball_coarse,327,3560,0.03339524586780736,A0,none,0.12864981922956928,0.5108316932012732,7010.0,0.1260974407196045,0.11606049537658691,1.430511474609375e-06,0.01002192497253418,1297,2263,2263,0,0,,,,,,False,ok,
Basketball_temporal/2003,Basketball_coarse,327,3560,0.03339524586780736,A1_topo,topo,0.12747527023802968,0.5120597459460867,6946.0,0.13152480125427246,0.11588692665100098,0.005404949188232422,0.010220050811767578,1297,2263,2698,435,425|9|1,,,,,,True,ok,
Basketball_temporal/2003,Basketball_coarse,327,3560,0.03339524586780736,A2_topo,topo,0.12747527023802968,0.5056468611072997,6946.0,0.22650551795959473,0.1162571907043457,0.005379676818847656,0.10485339164733887,1297,2263,2698,435,425|9|1,,,,,,True,ok,
Basketball_temporal/2003,Basketball_coarse,327,3560,0.03339524586780736,B1_reach,reach,0.10699407219805833,0.5061352581712455,5830.0,0.20179486274719238,0.11575794219970703,0.07576727867126465,0.01025533676147461,1297,2263,2775,512,512,,1297,512,785,True,True,ok,
Basketball_temporal/2003,Basketball_coarse,327,3560,0.03339524586780736,B2_reach,reach,0.10699407219805833,0.500897334106028,5830.0,0.29611635208129883,0.11631441116333008,0.07543730735778809,0.10434913635253906,1297,2263,2775,512,512,,1297,512,785,True,True,ok,
Basketball_temporal/2004,Basketball_coarse,326,3527,0.03328928739971685,A0,none,0.12212871564255193,0.4867442863883795,6545.0,0.12248063087463379,0.11266469955444336,1.6689300537109375e-06,0.009802103042602539,1208,2319,2319,0,0,,,,,,False,ok,
Basketball_temporal/2004,Basketball_coarse,326,3527,0.03328928739971685,A1_topo,topo,0.12175551865051967,0.4842757066503308,6525.0,0.1283280849456787,0.11281228065490723,0.005391359329223633,0.010110139846801758,1208,2319,2718,399,396|3|0,,,,,,True,ok,
Basketball_temporal/2004,Basketball_coarse,326,3527,0.03328928739971685,A2_topo,topo,0.12175551865051967,0.4767159314377929,6525.0,0.21941924095153809,0.11270809173583984,0.005419015884399414,0.10127782821655273,1208,2319,2718,399,396|3|0,,,,,,True,ok,
Basketball_temporal/2004,Basketball_coarse,326,3527,0.03328928739971685,B1_reach,reach,0.10703289731484764,0.5003998529252239,5736.0,0.18296480178833008,0.11261415481567383,0.06461024284362793,0.005728006362915039,1208,2319,2778,459,459,,1208,459,749,True,True,ok,
Basketball_temporal/2004,Basketball_coarse,326,3527,0.03328928739971685,B2_reach,reach,0.10703289731484764,0.49367100366651545,5736.0,0.27590417861938477,0.11319994926452637,0.06479191780090332,0.09789752960205078,1208,2319,2778,459,459,,1208,459,749,True,True,ok,
Basketball_temporal/2005,Basketball_coarse,330,3622,0.03336096527585889,A0,none,0.12289370328138857,0.5143078072461887,6790.0,0.15494370460510254,0.14474081993103027,1.1920928955078125e-06,0.010189533233642578,1244,2378,2378,0,0,,,,,,False,ok,
Basketball_temporal/2005,Basketball_coarse,330,3622,0.03336096527585889,A1_topo,topo,0.12327378689978462,0.5111901178878028,6811.0,0.16054987907409668,0.14467144012451172,0.0055353641510009766,0.010329961776733398,1244,2378,2751,373,367|5|1,,,,,,True,ok,
Basketball_temporal/2005,Basketball_coarse,330,3622,0.03336096527585889,A2_topo,topo,0.12327378689978462,0.5045613872210781,6811.0,0.25223469734191895,0.1439800262451172,0.00551152229309082,0.10272717475891113,1244,2378,2751,373,367|5|1,,,,,,True,ok,
Basketball_temporal/2005,Basketball_coarse,330,3622,0.03336096527585889,B1_reach,reach,0.10206150114930046,0.5151460821660918,5639.0,0.2227463722229004,0.14474153518676758,0.07204580307006836,0.005944490432739258,1244,2378,2844,466,466,,1244,466,778,True,True,ok,
Basketball_temporal/2005,Basketball_coarse,330,3622,0.03336096527585889,B2_reach,reach,0.10206150114930046,0.5080352345619474,5639.0,0.3160252571105957,0.14384841918945312,0.07122969627380371,0.10093307495117188,1244,2378,2844,466,466,,1244,466,778,True,True,ok,
Basketball_temporal/2006,Basketball_coarse,334,3695,0.03322184459909011,A0,none,0.13291938919172594,0.5122215602938647,7364.0,0.15025734901428223,0.1398487091064453,1.430511474609375e-06,0.010394573211669922,1312,2383,2383,0,0,,,,,,False,ok,
Basketball_temporal/2006,Basketball_coarse,334,3695,0.03322184459909011,A1_topo,topo,0.1326305909533952,0.514854508525972,7348.0,0.15581297874450684,0.13954877853393555,0.005641460418701172,0.010609626770019531,1312,2383,2822,439,431|7|1,,,,,,True,ok,
Basketball_temporal/2006,Basketball_coarse,334,3695,0.03322184459909011,A2_topo,topo,0.1326305909533952,0.5080362340353377,7348.0,0.25310301780700684,0.14021015167236328,0.0057942867279052734,0.10707998275756836,1312,2383,2822,439,431|7|1,,,,,,True,ok,
Basketball_temporal/2006,Basketball_coarse,334,3695,0.03322184459909011,B1_reach,reach,0.11012237825349265,0.5247540743064866,6101.0,0.22890806198120117,0.13948774337768555,0.07888078689575195,0.010526418685913086,1312,2383,2897,514,514,,1312,514,798,True,True,ok,
Basketball_temporal/2006,Basketball_coarse,334,3695,0.03322184459909011,B2_reach,reach,0.11012237825349265,0.5184200861286395,6101.0,0.32290053367614746,0.13980340957641602,0.07892823219299316,0.10415530204772949,1312,2383,2897,514,514,,1312,514,798,True,True,ok,
Basketball_temporal/2007,Basketball_coarse,336,3974,0.035305614783226726,A0,none,0.11845836339535898,0.5203638924262335,7060.0,0.16953778266906738,0.158829927444458,1.9073486328125e-06,0.010692358016967773,1362,2612,2612,0,0,,,,,,False,ok,
Basketball_temporal/2007,Basketball_coarse,336,3974,0.035305614783226726,A1_topo,topo,0.11763620194969714,0.5197007318068586,7011.0,0.1768054962158203,0.15955495834350586,0.0061948299407958984,0.011039972305297852,1362,2612,3065,453,436|17|0,,,,,,True,ok,
Basketball_temporal/2007,Basketball_coarse,336,3974,0.035305614783226726,A2_topo,topo,0.11763620194969714,0.5128311063365588,7011.0,0.27288365364074707,0.15914368629455566,0.0060312747955322266,0.10769367218017578,1362,2612,3065,453,436|17|0,,,,,,True,ok,
Basketball_temporal/2007,Basketball_coarse,336,3974,0.035305614783226726,B1_reach,reach,0.09706538700313763,0.509570916147526,5785.0,0.25107669830322266,0.15871095657348633,0.08595061302185059,0.006402254104614258,1362,2612,3154,542,542,,1362,542,820,True,True,ok,
Basketball_temporal/2007,Basketball_coarse,336,3974,0.035305614783226726,B2_reach,reach,0.09706538700313763,0.5018254394507465,5785.0,0.3507559299468994,0.15882587432861328,0.08587360382080078,0.10603904724121094,1362,2612,3154,542,542,,1362,542,820,True,True,ok,
Basketball_temporal/2008,Basketball_coarse,342,4051,0.03473615612834628,A0,none,0.12718706847534725,0.5115746531278623,7829.0,0.14726018905639648,0.1360759735107422,1.9073486328125e-06,0.011167764663696289,1485,2566,2566,0,0,,,,,,False,ok,
Basketball_temporal/2008,Basketball_coarse,342,4051,0.03473615612834628,A1_topo,topo,0.1265859800178702,0.5126381166145569,7792.0,0.15314936637878418,0.13559675216674805,0.006135702133178711,0.011404037475585938,1485,2566,3075,509,503|5|1,,,,,,True,ok,
Basketball_temporal/2008,Basketball_coarse,342,4051,0.03473615612834628,A2_topo,topo,0.1265859800178702,0.5056008535805229,7792.0,0.24924898147583008,0.13609838485717773,0.006129026412963867,0.10700678825378418,1485,2566,3075,509,503|5|1,,,,,,True,ok,
Basketball_temporal/2008,Basketball_coarse,342,4051,0.03473615612834628,B1_reach,reach,0.1071074648688165,0.5166169222238852,6593.0,0.24100542068481445,0.13567376136779785,0.0939798355102539,0.011338472366333008,1485,2566,3163,597,597,,1485,597,888,True,True,ok,
Basketball_temporal/2008,Basketball_coarse,342,4051,0.03473615612834628,B2_reach,reach,0.1071074648688165,0.5051778027654087,6593.0,0.33949756622314453,0.13642501831054688,0.09410381317138672,0.10895347595214844,1485,2566,3163,597,597,,1485,597,888,True,True,ok,
Basketball_temporal/2009,Basketball_coarse,347,4155,0.034607119654844996,A0,none,0.12225163852387563,0.489002866283904,7573.0,0.19205856323242188,0.18056559562683105,1.430511474609375e-06,0.01147770881652832,1424,2731,2731,0,0,,,,,,False,ok,
Basketball_temporal/2009,Basketball_coarse,347,4155,0.034607119654844996,A1_topo,topo,0.12018532270041649,0.4830887674000781,7445.0,0.19847679138183594,0.1803591251373291,0.006369352340698242,0.011735677719116211,1424,2731,3178,447,430|16|1,,,,,,True,ok,
Basketball_temporal/2009,Basketball_coarse,347,4155,0.034607119654844996,A2_topo,topo,0.12018532270041649,0.47716862200042637,7445.0,0.2994363307952881,0.1805894374847412,0.006344318389892578,0.11248469352722168,1424,2731,3178,447,430|16|1,,,,,,True,ok,
Basketball_temporal/2009,Basketball_coarse,347,4155,0.034607119654844996,B1_reach,reach,0.10184676976721661,0.484777546401147,6309.0,0.2721586227416992,0.18061518669128418,0.08485102653503418,0.006679534912109375,1424,2731,3253,522,522,,1424,522,902,True,True,ok,
Basketball_temporal/2009,Basketball_coarse,347,4155,0.034607119654844996,B2_reach,reach,0.10184676976721661,0.4790352369295716,6309.0,0.3730449676513672,0.18096423149108887,0.0847010612487793,0.10736560821533203,1424,2731,3253,522,522,,1424,522,902,True,True,ok,
Basketball_temporal/2010,Basketball_coarse,347,4133,0.03442388099481934,A0,none,0.11602764155149353,0.4986741516852662,7287.0,0.15729618072509766,0.14577460289001465,1.430511474609375e-06,0.011506795883178711,1382,2751,2751,0,0,,,,,,False,ok,
Basketball_temporal/2010,Basketball_coarse,347,4133,0.03442388099481934,A1_topo,topo,0.11406916756894465,0.4987338517697648,7164.0,0.16463327407836914,0.14658713340759277,0.006349802017211914,0.011681079864501953,1382,2751,3204,453,439|14|0,,,,,,True,ok,
Basketball_temporal/2010,Basketball_coarse,347,4133,0.03442388099481934,A2_topo,topo,0.11406916756894465,0.4935561654047124,7164.0,0.26576757431030273,0.14560842514038086,0.0063381195068359375,0.11380577087402344,1382,2751,3204,453,439|14|0,,,,,,True,ok,
Basketball_temporal/2010,Basketball_coarse,347,4133,0.03442388099481934,B1_reach,reach,0.09723902936118718,0.5130510528845686,6107.0,0.24065804481506348,0.14574766159057617,0.08821296691894531,0.0066852569580078125,1382,2751,3297,546,546,,1382,546,836,True,True,ok,
Basketball_temporal/2010,Basketball_coarse,347,4133,0.03442388099481934,B2_reach,reach,0.09723902936118718,0.5073117654977307,6107.0,0.3414726257324219,0.14604520797729492,0.08832192420959473,0.10708737373352051,1382,2751,3297,546,546,,1382,546,836,True,True,ok,
Basketball_temporal/2011,Basketball_coarse,345,4086,0.034428715874620826,A0,none,0.12003937330817817,0.5012235357824614,7317.0,0.15828704833984375,0.14681601524353027,2.384185791015625e-06,0.011453628540039062,1428,2658,2658,0,0,,,,,,False,ok,
Basketball_temporal/2011,Basketball_coarse,345,4086,0.034428715874620826,A1_topo,topo,0.11839881880075466,0.499705834313776,7217.0,0.16465449333190918,0.14683103561401367,0.00622248649597168,0.011588335037231445,1428,2658,3133,475,457|17|1,,,,,,True,ok,
Basketball_temporal/2011,Basketball_coarse,345,4086,0.034428715874620826,A2_topo,topo,0.11839881880075466,0.4925466180697796,7217.0,0.2632017135620117,0.14711570739746094,0.006189823150634766,0.10988068580627441,1428,2658,3133,475,457|17|1,,,,,,True,ok,
Basketball_temporal/2011,Basketball_coarse,345,4086,0.034428715874620826,B1_reach,reach,0.09933557542449348,0.5177672199960001,6055.0,0.2456190586090088,0.14716076850891113,0.09175705909729004,0.006686687469482422,1428,2658,3232,574,574,,1428,574,854,True,True,ok,
Basketball_temporal/2011,Basketball_coarse,345,4086,0.034428715874620826,B2_reach,reach,0.09933557542449348,0.5112383520393426,6055.0,0.34461307525634766,0.14661550521850586,0.09119701385498047,0.10678601264953613,1428,2658,3232,574,574,,1428,574,854,True,True,ok,
Basketball_temporal/2012,Basketball_coarse,345,4126,0.034765756656555444,A0,none,0.11783729320375727,0.47882056406956836,7251.0,0.15776896476745605,0.14630460739135742,1.6689300537109375e-06,0.011449098587036133,1389,2737,2737,0,0,,,,,,False,ok,
Basketball_temporal/2012,Basketball_coarse,345,4126,0.034765756656555444,A1_topo,topo,0.11627718009555693,0.47784553294582466,7155.0,0.16407465934753418,0.14612913131713867,0.006333827972412109,0.011598587036132812,1389,2737,3201,464,455|7|2,,,,,,True,ok,
Basketball_temporal/2012,Basketball_coarse,345,4126,0.034765756656555444,A2_topo,topo,0.11627718009555693,0.4708736379195675,7155.0,0.2615971565246582,0.14599132537841797,0.00632476806640625,0.10926175117492676,1389,2737,3201,464,455|7|2,,,,,,True,ok,
Basketball_temporal/2012,Basketball_coarse,345,4126,0.034765756656555444,B1_reach,reach,0.09731205512399649,0.49822388711455895,5988.0,0.24335360527038574,0.14659667015075684,0.0900733470916748,0.006670236587524414,1389,2737,3299,562,562,,1389,562,827,True,True,ok,
Basketball_temporal/2012,Basketball_coarse,345,4126,0.034765756656555444,B2_reach,reach,0.09731205512399649,0.492115364842966,5988.0,0.3423631191253662,0.1464405059814453,0.09051847457885742,0.10538983345031738,1389,2737,3299,562,562,,1389,562,827,True,True,ok,
Basketball_temporal/2013,Basketball_coarse,347,4153,0.034590461594842664,A0,none,0.1207471755282286,0.5175707994854823,7492.0,0.16045618057250977,0.14905548095703125,1.6689300537109375e-06,0.011385202407836914,1445,2708,2708,0,0,,,,,,False,ok,
Basketball_temporal/2013,Basketball_coarse,347,4153,0.034590461594842664,A1_topo,topo,0.11955453124244525,0.5125792181021832,7418.0,0.16895413398742676,0.15093636512756348,0.006339311599731445,0.011662721633911133,1445,2708,3202,494,475|18|1,,,,,,True,ok,
Basketball_temporal/2013,Basketball_coarse,347,4153,0.034590461594842664,A2_topo,topo,0.11955453124244525,0.5052652120530755,7418.0,0.2670724391937256,0.1490154266357422,0.006308555603027344,0.11173272132873535,1445,2708,3202,494,475|18|1,,,,,,True,ok,
Basketball_temporal/2013,Basketball_coarse,347,4153,0.034590461594842664,B1_reach,reach,0.10126194658887618,0.5197333236367576,6283.0,0.2567780017852783,0.14926719665527344,0.09586858749389648,0.011629104614257812,1445,2708,3278,570,570,,1445,570,875,True,True,ok,
Basketball_temporal/2013,Basketball_coarse,347,4153,0.034590461594842664,B2_reach,reach,0.10126194658887618,0.511103114038871,6283.0,0.35964250564575195,0.14909148216247559,0.09584379196166992,0.11468935012817383,1445,2708,3278,570,570,,1445,570,875,True,True,ok,
Basketball_temporal/2014,Basketball_coarse,351,4196,0.03415547415547415,A0,none,0.12376635959078444,0.5001079025261282,7537.0,0.1773512363433838,0.16556048393249512,2.384185791015625e-06,0.011773109436035156,1471,2725,2725,0,0,,,,,,False,ok,
Basketball_temporal/2014,Basketball_coarse,351,4196,0.03415547415547415,A1_topo,topo,0.12337225150664237,0.49577918505154744,7513.0,0.18371105194091797,0.16544485092163086,0.006417989730834961,0.011834859848022461,1471,2725,3217,492,483|9|0,,,,,,True,ok,
Basketball_temporal/2014,Basketball_coarse,351,4196,0.03415547415547415,A2_topo,topo,0.12337225150664237,0.4888780160805523,7513.0,0.28464818000793457,0.16590237617492676,0.0063931941986083984,0.11233758926391602,1471,2725,3217,492,483|9|0,,,,,,True,ok,
Basketball_temporal/2014,Basketball_coarse,351,4196,0.03415547415547415,B1_reach,reach,0.10502980442386324,0.5101981291049773,6396.0,0.2808096408843994,0.1653423309326172,0.10341024398803711,0.012042045593261719,1471,2725,3322,597,597,,1471,597,874,True,True,ok,
Basketball_temporal/2014,Basketball_coarse,351,4196,0.03415547415547415,B2_reach,reach,0.10502980442386324,0.5046936609697489,6396.0,0.3800532817840576,0.16512799263000488,0.10242819786071777,0.11248254776000977,1471,2725,3322,597,597,,1471,597,874,True,True,ok,
Basketball_temporal/finer1985,Basketball_finer,282,4814,0.06075061204916585,A0,none,0.4796426531727421,0.16468768544536255,248758.7,0.16112780570983887,0.15151715278625488,1.430511474609375e-06,0.009595870971679688,4254,560,560,0,0,,,,,,False,ok,
Basketball_temporal/finer1985,Basketball_finer,282,4814,0.06075061204916585,A1_topo,topo,0.4801979587122619,0.16461180075190315,249046.7,0.16131043434143066,0.1514873504638672,0.003948688507080078,0.005860805511474609,4254,560,2407,1847,1847|0,,,,,,True,ok,
Basketball_temporal/finer1985,Basketball_finer,282,4814,0.06075061204916585,A2_topo,topo,0.4801979587122619,0.13819782081075352,249046.7,0.2517695426940918,0.1522049903869629,0.0039479732513427734,0.0955963134765625,4254,560,2407,1847,1847|0,,,,,,True,ok,
Basketball_temporal/finer1985,Basketball_finer,282,4814,0.06075061204916585,B1_reach,reach,0.4728093100058731,0.15577811990966176,245214.7,0.2671782970428467,0.1518254280090332,0.10439157485961914,0.010947704315185547,4254,560,2407,1847,1847,,4254,1847,2407,True,True,ok,
Basketball_temporal/finer1985,Basketball_finer,282,4814,0.06075061204916585,B2_reach,reach,0.4728093100058731,0.1283160959895218,245214.7,0.35998058319091797,0.15146303176879883,0.10416150093078613,0.10434150695800781,4254,560,2407,1847,1847,,4254,1847,2407,True,True,ok,
Basketball_temporal/finer1986,Basketball_finer,283,4862,0.060922737638774024,A0,none,0.4764453475629146,0.15600020607722748,249897.3,0.16942548751831055,0.15941619873046875,3.337860107421875e-06,0.009988784790039062,4273,589,589,0,0,,,,,,False,ok,
Basketball_temporal/finer1986,Basketball_finer,283,4862,0.060922737638774024,A1_topo,topo,0.47696774626523053,0.15742219092798593,250171.30000000002,0.17107510566711426,0.15633201599121094,0.004003286361694336,0.010725021362304688,4273,589,2431,1842,1842|0,,,,,,True,ok,
Basketball_temporal/finer1986,Basketball_finer,283,4862,0.060922737638774024,A2_topo,topo,0.47696774626523053,0.1298179823572413,250171.30000000002,0.26353025436401367,0.15587067604064941,0.003996610641479492,0.10364723205566406,4273,589,2431,1842,1842|0,,,,,,True,ok,
Basketball_temporal/finer1986,Basketball_finer,283,4862,0.060922737638774024,B1_reach,reach,0.4702051616042291,0.1376778366550736,246624.3,0.2615053653717041,0.15560317039489746,0.09466123580932617,0.01122736930847168,4273,589,2431,1842,1842,,4273,1842,2431,True,True,ok,
Basketball_temporal/finer1986,Basketball_finer,283,4862,0.060922737638774024,B2_reach,reach,0.4702051616042291,0.11792212270306882,246624.3,0.35351061820983887,0.1559767723083496,0.09480452537536621,0.10271239280700684,4273,589,2431,1842,1842,,4273,1842,2431,True,True,ok,
Basketball_temporal/finer1987,Basketball_finer,290,5088,0.060708745973034245,A0,none,0.47866655154915283,0.16066420067630077,271660.5,0.1718769073486328,0.16138172149658203,1.430511474609375e-06,0.010479450225830078,4511,577,577,0,0,,,,,,False,ok,
Basketball_temporal/finer1987,Basketball_finer,290,5088,0.060708745973034245,A1_topo,topo,0.4790612401680246,0.1648918800640543,271884.5,0.17727088928222656,0.16169142723083496,0.004172563552856445,0.011392593383789062,4511,577,2544,1967,1967|0,,,,,,True,ok,
Basketball_temporal/finer1987,Basketball_finer,290,5088,0.060708745973034245,A2_topo,topo,0.4790612401680246,0.1431718821913933,271884.5,0.2701714038848877,0.1612100601196289,0.004180908203125,0.10476303100585938,4511,577,2544,1967,1967|0,,,,,,True,ok,
Basketball_temporal/finer1987,Basketball_finer,290,5088,0.060708745973034245,B1_reach,reach,0.4728924684953906,0.14334812139457334,268383.5,0.2909355163574219,0.16217899322509766,0.11686062812805176,0.011881589889526367,4511,577,2544,1967,1967,,4511,1967,2544,True,True,ok,
Basketball_temporal/finer1987,Basketball_finer,290,5088,0.060708745973034245,B2_reach,reach,0.4728924684953906,0.12019151651319208,268383.5,0.38823914527893066,0.16102933883666992,0.11681079864501953,0.110382080078125,4511,577,2544,1967,1967,,4511,1967,2544,True,True,ok,
Basketball_temporal/finer1988,Basketball_finer,290,5170,0.06168714950483236,A0,none,0.4779406476975813,0.1616725132747634,279135.5,0.17261719703674316,0.16217875480651855,1.430511474609375e-06,0.010422468185424805,4564,606,606,0,0,,,,,,False,ok,
Basketball_temporal/finer1988,Basketball_finer,290,5170,0.06168714950483236,A1_topo,topo,0.4782642567778124,0.16392431426369763,279324.5,0.1745619773864746,0.1639401912689209,0.004251956939697266,0.006353616714477539,4564,606,2585,1979,1979|0,,,,,,True,ok,
Basketball_temporal/finer1988,Basketball_finer,290,5170,0.06168714950483236,A2_topo,topo,0.4782642567778124,0.13818610263405598,279324.5,0.369823694229126,0.16251087188720703,0.004237174987792969,0.20305299758911133,4564,606,2585,1979,1979|0,,,,,,True,ok,
Basketball_temporal/finer1988,Basketball_finer,290,5170,0.06168714950483236,B1_reach,reach,0.4716996154359819,0.14441471902830622,275490.5,0.29352712631225586,0.16199350357055664,0.11960697174072266,0.011912822723388672,4564,606,2585,1979,1979,,4564,1979,2585,True,True,ok,
Basketball_temporal/finer1988,Basketball_finer,290,5170,0.06168714950483236,B2_reach,reach,0.4716996154359819,0.11920099473811667,275490.5,0.3921065330505371,0.16246557235717773,0.1196138858795166,0.11000919342041016,4564,606,2585,1979,1979,,4564,1979,2585,True,True,ok,
Basketball_temporal/finer1989,Basketball_finer,293,5318,0.06215811865912385,A0,none,0.47811728155797106,0.15185955527752848,292340.69999999995,0.1844348907470703,0.17355132102966309,1.430511474609375e-06,0.010867595672607422,4712,606,606,0,0,,,,,,False,ok,
Basketball_temporal/finer1989,Basketball_finer,293,5318,0.06215811865912385,A1_topo,topo,0.4785866642330729,0.15498433635720305,292627.69999999995,0.18866181373596191,0.1725010871887207,0.004342079162597656,0.011804580688476562,4712,606,2659,2053,2053|0,,,,,,True,ok,
Basketball_temporal/finer1989,Basketball_finer,293,5318,0.06215811865912385,A2_topo,topo,0.4785866642330729,0.12966931624849354,292627.69999999995,0.2842087745666504,0.17275619506835938,0.004343509674072266,0.10708975791931152,4712,606,2659,2053,2053|0,,,,,,True,ok,
Basketball_temporal/finer1989,Basketball_finer,293,5318,0.06215811865912385,B1_reach,reach,0.4721968450288123,0.12065688344128721,288720.7,0.32405996322631836,0.17345309257507324,0.13835501670837402,0.012237310409545898,4712,606,2659,2053,2053,,4712,2053,2659,True,True,ok,
Basketball_temporal/finer1989,Basketball_finer,293,5318,0.06215811865912385,B2_reach,reach,0.4721968450288123,0.10228448063111878,288720.7,0.4329192638397217,0.18568801879882812,0.13910722732543945,0.1081085205078125,4712,606,2659,2053,2053,,4712,2053,2659,True,True,ok,
Basketball_temporal/finer1990,Basketball_finer,292,5350,0.06296191686673257,A0,none,0.4780887895557223,0.15732414304900005,289848.5,0.18488860130310059,0.174041748046875,1.9073486328125e-06,0.01082921028137207,4753,597,597,0,0,,,,,,False,ok,
Basketball_temporal/finer1990,Basketball_finer,292,5350,0.06296191686673257,A1_topo,topo,0.4787881536951663,0.15752327210847442,290272.5,0.18961620330810547,0.17354226112365723,0.004373311996459961,0.01168680191040039,4753,597,2675,2078,2078|0,,,,,,True,ok,
Basketball_temporal/finer1990,Basketball_finer,292,5350,0.06296191686673257,A2_topo,topo,0.4787881536951663,0.13717976357959685,290272.5,0.2841331958770752,0.1735239028930664,0.004418134689331055,0.10617423057556152,4753,597,2675,2078,2078|0,,,,,,True,ok,
Basketball_temporal/finer1990,Basketball_finer,292,5350,0.06296191686673257,B1_reach,reach,0.4723817142668635,0.14175367630307403,286388.5,0.3225524425506592,0.17383050918579102,0.1362922191619873,0.012412548065185547,4753,597,2675,2078,2078,,4753,2078,2675,True,True,ok,
Basketball_temporal/finer1990,Basketball_finer,292,5350,0.06296191686673257,B2_reach,reach,0.4723817142668635,0.12552401515639358,286388.5,0.41951942443847656,0.17308568954467773,0.13650941848754883,0.10990643501281738,4753,597,2675,2078,2078,,4753,2078,2675,True,True,ok,
Basketball_temporal/finer1991,Basketball_finer,295,5420,0.062492793727660555,A0,none,0.47704280365374696,0.1627644051672613,300910.3,0.20023083686828613,0.18917560577392578,1.9073486328125e-06,0.011037826538085938,4751,669,669,0,0,,,,,,False,ok,
Basketball_temporal/finer1991,Basketball_finer,295,5420,0.062492793727660555,A1_topo,topo,0.47755962196801244,0.16742932942184155,301236.3,0.20023155212402344,0.18908143043518066,0.00445246696472168,0.006684064865112305,4751,669,2710,2041,2041|0,,,,,,True,ok,
Basketball_temporal/finer1991,Basketball_finer,295,5420,0.062492793727660555,A2_topo,topo,0.47755962196801244,0.14200995138053585,301236.3,0.2921485900878906,0.18983244895935059,0.004466533660888672,0.09783148765563965,4751,669,2710,2041,2041|0,,,,,,True,ok,
Basketball_temporal/finer1991,Basketball_finer,295,5420,0.062492793727660555,B1_reach,reach,0.4712785355842091,0.13631320249237872,297274.29999999993,0.3351936340332031,0.1888413429260254,0.13387751579284668,0.01246023178100586,4751,669,2710,2041,2041,,4751,2041,2710,True,True,ok,
Basketball_temporal/finer1991,Basketball_finer,295,5420,0.062492793727660555,B2_reach,reach,0.4712785355842091,0.12240264038768793,297274.29999999993,0.424985408782959,0.18893766403198242,0.13463282585144043,0.10139656066894531,4751,669,2710,2041,2041,,4751,2041,2710,True,True,ok,
Basketball_temporal/finer1992,Basketball_finer,298,5444,0.061509954127403794,A0,none,0.47630737442324617,0.15088719063363312,289622.7,0.19216680526733398,0.18115544319152832,1.6689300537109375e-06,0.010994672775268555,4798,646,646,0,0,,,,,,False,ok,
Basketball_temporal/finer1992,Basketball_finer,298,5444,0.061509954127403794,A1_topo,topo,0.4767974589282872,0.15409004847520816,289920.7,0.1989295482635498,0.18244218826293945,0.004572868347167969,0.011899471282958984,4798,646,2722,2076,2076|0,,,,,,True,ok,
Basketball_temporal/finer1992,Basketball_finer,298,5444,0.061509954127403794,A2_topo,topo,0.4767974589282872,0.1274663705966356,289920.7,0.2931208610534668,0.1807842254638672,0.004480838775634766,0.10783982276916504,4798,646,2722,2076,2076|0,,,,,,True,ok,
Basketball_temporal/finer1992,Basketball_finer,298,5444,0.061509954127403794,B1_reach,reach,0.4696221612924022,0.1334714292145379,285557.7,0.32938599586486816,0.1827380657196045,0.13415074348449707,0.012481451034545898,4798,646,2722,2076,2076,,4798,2076,2722,True,True,ok,
Basketball_temporal/finer1992,Basketball_finer,298,5444,0.061509954127403794,B2_reach,reach,0.4696221612924022,0.1149124434653154,285557.7,0.4255406856536865,0.1805577278137207,0.13405561447143555,0.11091184616088867,4798,646,2722,2076,2076,,4798,2076,2722,True,True,ok,
Basketball_temporal/finer1993,Basketball_finer,298,5160,0.058301132126635485,A0,none,0.47735551499804235,0.15794889155246222,279442.2,0.1782548427581787,0.16768288612365723,1.1920928955078125e-06,0.010556936264038086,4544,616,616,0,0,,,,,,False,ok,
Basketball_temporal/finer1993,Basketball_finer,298,5160,0.058301132126635485,A1_topo,topo,0.47769033085956786,0.15779718329016795,279638.19999999995,0.18447279930114746,0.16869211196899414,0.0042896270751953125,0.011474609375,4544,616,2580,1964,1964|0,,,,,,True,ok,
Basketball_temporal/finer1993,Basketball_finer,298,5160,0.058301132126635485,A2_topo,topo,0.47769033085956786,0.13820035701394354,279638.19999999995,0.28187036514282227,0.1705341339111328,0.00428318977355957,0.10703754425048828,4544,616,2580,1964,1964|0,,,,,,True,ok,
Basketball_temporal/finer1993,Basketball_finer,298,5160,0.058301132126635485,B1_reach,reach,0.47060624219759467,0.14101087460894904,275491.2,0.29377222061157227,0.16788363456726074,0.1138603687286377,0.01201486587524414,4544,616,2580,1964,1964,,4544,1964,2580,True,True,ok,
Basketball_temporal/finer1993,Basketball_finer,298,5160,0.058301132126635485,B2_reach,reach,0.47060624219759467,0.12465629222799113,275491.2,0.3841111660003662,0.16814160346984863,0.11438155174255371,0.10157012939453125,4544,616,2580,1964,1964,,4544,1964,2580,True,True,ok,
Basketball_temporal/finer1994,Basketball_finer,301,5252,0.058161683277962346,A0,none,0.4778045021866919,0.16749621735819106,290831.0,0.18348312377929688,0.17281150817871094,1.6689300537109375e-06,0.01065516471862793,4644,608,608,0,0,,,,,,False,ok,
Basketball_temporal/finer1994,Basketball_finer,301,5252,0.058161683277962346,A1_topo,topo,0.47810186599899457,0.16613592528896257,291012.0,0.1888129711151123,0.17297649383544922,0.004321098327636719,0.011500358581542969,4644,608,2626,2018,2018|0,,,,,,True,ok,
Basketball_temporal/finer1994,Basketball_finer,301,5252,0.058161683277962346,A2_topo,topo,0.47810186599899457,0.14361781033214616,291012.0,0.278240442276001,0.1730058193206787,0.004309892654418945,0.10090899467468262,4644,608,2626,2018,2018|0,,,,,,True,ok,
Basketball_temporal/finer1994,Basketball_finer,301,5252,0.058161683277962346,B1_reach,reach,0.4711097091749058,0.14349768819569197,286756.0,0.3147883415222168,0.1737968921661377,0.12867307662963867,0.012303352355957031,4644,608,2626,2018,2018,,4644,2018,2626,True,True,ok,
Basketball_temporal/finer1994,Basketball_finer,301,5252,0.058161683277962346,B2_reach,reach,0.4711097091749058,0.11848554236812299,286756.0,0.41607141494750977,0.17315149307250977,0.12848806381225586,0.11441493034362793,4644,608,2626,2018,2018,,4644,2018,2626,True,True,ok,
Basketball_temporal/finer1995,Basketball_finer,302,5336,0.05870057864513432,A0,none,0.4766307102510327,0.16186896632566838,286996.69999999995,0.17980623245239258,0.16871905326843262,1.1920928955078125e-06,0.01107168197631836,4700,636,636,0,0,,,,,,False,ok,
Basketball_temporal/finer1995,Basketball_finer,302,5336,0.05870057864513432,A1_topo,topo,0.47762716221773005,0.1636285693553662,287596.7,0.17986607551574707,0.1687788963317871,0.004384279251098633,0.0066869258880615234,4700,636,2668,2032,2032|0,,,,,,True,ok,
Basketball_temporal/finer1995,Basketball_finer,302,5336,0.05870057864513432,A2_topo,topo,0.47762716221773005,0.14150267162256097,287596.7,0.2778341770172119,0.16819119453430176,0.0043849945068359375,0.10524225234985352,4700,636,2668,2032,2032|0,,,,,,True,ok,
Basketball_temporal/finer1995,Basketball_finer,302,5336,0.05870057864513432,B1_reach,reach,0.47000430467249615,0.14040244005785335,283006.7,0.3075745105743408,0.16822314262390137,0.12675905227661133,0.012578010559082031,4700,636,2668,2032,2032,,4700,2032,2668,True,True,ok,
Basketball_temporal/finer1995,Basketball_finer,302,5336,0.05870057864513432,B2_reach,reach,0.47000430467249615,0.12033646254484404,283006.7,0.4086568355560303,0.16907644271850586,0.12693190574645996,0.11263036727905273,4700,636,2668,2032,2032,,4700,2032,2668,True,True,ok,
Basketball_temporal/finer1996,Basketball_finer,305,5498,0.059296807592752375,A0,none,0.47742938150732456,0.15583210711892506,283668.2,0.19620656967163086,0.1846332550048828,1.6689300537109375e-06,0.011555671691894531,4886,612,612,0,0,,,,,,False,ok,
Basketball_temporal/finer1996,Basketball_finer,305,5498,0.059296807592752375,A1_topo,topo,0.47798142377760505,0.1596147368093214,283996.19999999995,0.19549965858459473,0.18404340744018555,0.004543781280517578,0.0068988800048828125,4886,612,2749,2137,2137|0,,,,,,True,ok,
Basketball_temporal/finer1996,Basketball_finer,305,5498,0.059296807592752375,A2_topo,topo,0.47798142377760505,0.13918115252403038,283996.19999999995,0.29836344718933105,0.18446826934814453,0.004508495330810547,0.10936760902404785,4886,612,2749,2137,2137|0,,,,,,True,ok,
Basketball_temporal/finer1996,Basketball_finer,305,5498,0.059296807592752375,B1_reach,reach,0.471414140428109,0.1294222789325416,280094.20000000007,0.34113478660583496,0.18387746810913086,0.1441328525543213,0.013110160827636719,4886,612,2749,2137,2137,,4886,2137,2749,True,True,ok,
Basketball_temporal/finer1996,Basketball_finer,305,5498,0.059296807592752375,B2_reach,reach,0.471414140428109,0.1157995624573879,280094.20000000007,0.4393434524536133,0.1839427947998047,0.14463329315185547,0.11075043678283691,4886,612,2749,2137,2137,,4886,2137,2749,True,True,ok,
Basketball_temporal/finer1997,Basketball_finer,305,5628,0.06069887834339948,A0,none,0.47786978085153853,0.16355004601129464,278459.5,0.20086979866027832,0.1891796588897705,2.1457672119140625e-06,0.011670112609863281,4983,645,645,0,0,,,,,,False,ok,
Basketball_temporal/finer1997,Basketball_finer,305,5628,0.06069887834339948,A1_topo,topo,0.4784034940193235,0.16631928843621535,278770.5,0.20526695251464844,0.18802666664123535,0.004646778106689453,0.012579202651977539,4983,645,2814,2169,2169|0,,,,,,True,ok,
Basketball_temporal/finer1997,Basketball_finer,305,5628,0.06069887834339948,A2_topo,topo,0.4784034940193235,0.1499928338456238,278770.5,0.3043539524078369,0.18921852111816406,0.004616737365722656,0.11050200462341309,4983,645,2814,2169,2169|0,,,,,,True,ok,
Basketball_temporal/finer1997,Basketball_finer,305,5628,0.06069887834339948,B1_reach,reach,0.47060029860479485,0.1430531304823654,274223.5,0.3504197597503662,0.18825840950012207,0.1488816738128662,0.01326298713684082,4983,645,2814,2169,2169,,4983,2169,2814,True,True,ok,
Basketball_temporal/finer1997,Basketball_finer,305,5628,0.06069887834339948,B2_reach,reach,0.47060029860479485,0.12989884351136005,274223.5,0.4500412940979004,0.18818211555480957,0.1493210792541504,0.11251950263977051,4983,645,2814,2169,2169,,4983,2169,2814,True,True,ok,
Basketball_temporal/finer1998,Basketball_finer,306,5684,0.06090217507768134,A0,none,0.47580556871485435,0.14927195332094295,281625.7,0.20762300491333008,0.19600200653076172,1.430511474609375e-06,0.011603593826293945,5018,666,666,0,0,,,,,,False,ok,
Basketball_temporal/finer1998,Basketball_finer,306,5684,0.06090217507768134,A1_topo,topo,0.47666045382572914,0.1527263169408839,282131.69999999995,0.21582674980163574,0.1984846591949463,0.004702329635620117,0.012623310089111328,5018,666,2842,2176,2176|0,,,,,,True,ok,
Basketball_temporal/finer1998,Basketball_finer,306,5684,0.06090217507768134,A2_topo,topo,0.47666045382572914,0.1324811431833392,282131.69999999995,0.31375718116760254,0.1959669589996338,0.004665851593017578,0.11310815811157227,5018,666,2842,2176,2176|0,,,,,,True,ok,
Basketball_temporal/finer1998,Basketball_finer,306,5684,0.06090217507768134,B1_reach,reach,0.46943785728622295,0.13840944532727917,277856.69999999995,0.35225367546081543,0.19614052772521973,0.1428852081298828,0.013214349746704102,5018,666,2842,2176,2176,,5018,2176,2842,True,True,ok,
Basketball_temporal/finer1998,Basketball_finer,306,5684,0.06090217507768134,B2_reach,reach,0.46943785728622295,0.11623914078828597,277856.69999999995,0.4574296474456787,0.196929931640625,0.14308762550354004,0.11739492416381836,5018,666,2842,2176,2176,,5018,2176,2842,True,True,ok,
Basketball_temporal/finer1999,Basketball_finer,310,5788,0.06042384382503393,A0,none,0.47658359411857065,0.14940803622717932,281038.19999999995,0.2201693058013916,0.20833659172058105,2.1457672119140625e-06,0.011813640594482422,5113,675,675,0,0,,,,,,False,ok,
Basketball_temporal/finer1999,Basketball_finer,310,5788,0.06042384382503393,A1_topo,topo,0.4772042556352165,0.15664578568441795,281404.2,0.21307158470153809,0.201155424118042,0.004744052886962891,0.007157087326049805,5113,675,2894,2219,2219|0,,,,,,True,ok,
Basketball_temporal/finer1999,Basketball_finer,310,5788,0.06042384382503393,A2_topo,topo,0.4772042556352165,0.13589480785225455,281404.2,0.3133678436279297,0.20296072959899902,0.004771709442138672,0.10561704635620117,5113,675,2894,2219,2219|0,,,,,,True,ok,
Basketball_temporal/finer1999,Basketball_finer,310,5788,0.06042384382503393,B1_reach,reach,0.4699564214217083,0.13456406078685149,277130.2,0.36633920669555664,0.20139002799987793,0.15140008926391602,0.0135345458984375,5113,675,2894,2219,2219,,5113,2219,2894,True,True,ok,
Basketball_temporal/finer1999,Basketball_finer,310,5788,0.06042384382503393,B2_reach,reach,0.4699564214217083,0.11173015583393141,277130.2,0.4717557430267334,0.20118188858032227,0.1521456241607666,0.1184089183807373,5113,675,2894,2219,2219,,5113,2219,2894,True,True,ok,
Basketball_temporal/finer2000,Basketball_finer,318,6274,0.06223835882784755,A0,none,0.4766268883708701,0.15980225505529796,302363.9,0.258730411529541,0.24566173553466797,1.6689300537109375e-06,0.013051509857177734,5565,709,709,0,0,,,,,,False,ok,
Basketball_temporal/finer2000,Basketball_finer,318,6274,0.06223835882784755,A1_topo,topo,0.4770461935601028,0.1658962276484227,302629.9,0.2616093158721924,0.24852538108825684,0.0051610469818115234,0.007907629013061523,5565,709,3137,2428,2428|0,,,,,,True,ok,
Basketball_temporal/finer2000,Basketball_finer,318,6274,0.06223835882784755,A2_topo,topo,0.4770461935601028,0.1480363189716065,302629.9,0.3647725582122803,0.24585652351379395,0.005147695541381836,0.11374878883361816,5565,709,3137,2428,2428|0,,,,,,True,ok,
Basketball_temporal/finer2000,Basketball_finer,318,6274,0.06223835882784755,B1_reach,reach,0.46960746728946623,0.13772635084330298,297910.9,0.4485132694244385,0.24804234504699707,0.18557167053222656,0.014884233474731445,5565,709,3137,2428,2428,,5565,2428,3137,True,True,ok,
Basketball_temporal/finer2000,Basketball_finer,318,6274,0.06223835882784755,B2_reach,reach,0.46960746728946623,0.11973870437395276,297910.9,0.5535528659820557,0.24850749969482422,0.18612957000732422,0.11889767646789551,5565,709,3137,2428,2428,,5565,2428,3137,True,True,ok,
Basketball_temporal/finer2001,Basketball_finer,318,6116,0.06067099180604329,A0,none,0.4774666287789529,0.1500689557982054,303123.7,0.22027921676635742,0.20766615867614746,1.430511474609375e-06,0.012596845626831055,5419,697,697,0,0,,,,,,False,ok,
Basketball_temporal/finer2001,Basketball_finer,318,6116,0.06067099180604329,A1_topo,topo,0.4780053315826016,0.15177772360918756,303465.69999999995,0.22666692733764648,0.20792818069458008,0.005034685134887695,0.013689517974853516,5419,697,3058,2361,2361|0,,,,,,True,ok,
Basketball_temporal/finer2001,Basketball_finer,318,6116,0.06067099180604329,A2_topo,topo,0.4780053315826016,0.13049985385260196,303465.69999999995,0.33083558082580566,0.2081279754638672,0.005030632019042969,0.11765694618225098,5419,697,3058,2361,2361|0,,,,,,True,ok,
Basketball_temporal/finer2001,Basketball_finer,318,6116,0.06067099180604329,B1_reach,reach,0.47070134064540997,0.13906601294437154,298828.69999999995,0.4055027961730957,0.20806598663330078,0.18296527862548828,0.014456987380981445,5419,697,3058,2361,2361,,5419,2361,3058,True,True,ok,
Basketball_temporal/finer2001,Basketball_finer,318,6116,0.06067099180604329,B2_reach,reach,0.47070134064540997,0.11926507661680726,298828.69999999995,0.510674238204956,0.20777487754821777,0.18382501602172852,0.11905479431152344,5419,697,3058,2361,2361,,5419,2361,3058,True,True,ok,
Basketball_temporal/finer2002,Basketball_finer,321,6192,0.0602803738317757,A0,none,0.47781891551228095,0.16496602425516507,308574.5,0.2265169620513916,0.21332550048828125,3.0994415283203125e-06,0.013170480728149414,5488,704,704,0,0,,,,,,False,ok,
Basketball_temporal/finer2002,Basketball_finer,321,6192,0.0602803738317757,A1_topo,topo,0.47798460199628984,0.15994708282620168,308681.5,0.23066091537475586,0.21144509315490723,0.0051326751708984375,0.014066934585571289,5488,704,3096,2392,2392|0,,,,,,True,ok,
Basketball_temporal/finer2002,Basketball_finer,321,6192,0.0602803738317757,A2_topo,topo,0.47798460199628984,0.13404783306822274,308681.5,0.3379695415496826,0.2150578498840332,0.005123138427734375,0.11777114868164062,5488,704,3096,2392,2392|0,,,,,,True,ok,
Basketball_temporal/finer2002,Basketball_finer,321,6192,0.0602803738317757,B1_reach,reach,0.4704714167588007,0.15474213623733324,303829.5,0.398557186126709,0.21405243873596191,0.1696302890777588,0.014859437942504883,5488,704,3096,2392,2392,,5488,2392,3096,True,True,ok,
Basketball_temporal/finer2002,Basketball_finer,321,6192,0.0602803738317757,B2_reach,reach,0.4704714167588007,0.13000093418972436,303829.5,0.5088505744934082,0.21408700942993164,0.16952037811279297,0.12522339820861816,5488,704,3096,2392,2392,,5488,2392,3096,True,True,ok,
Basketball_temporal/finer2003,Basketball_finer,327,6356,0.05962364683589426,A0,none,0.4779086869658929,0.16151824697074346,308296.60000000003,0.2564530372619629,0.24271154403686523,2.6226043701171875e-06,0.013721704483032227,5635,721,721,0,0,,,,,,False,ok,
Basketball_temporal/finer2003,Basketball_finer,327,6356,0.05962364683589426,A1_topo,topo,0.4783349806354163,0.16135133734426582,308571.6,0.26229381561279297,0.24217772483825684,0.005237102508544922,0.014862775802612305,5635,721,3178,2457,2457|0,,,,,,True,ok,
Basketball_temporal/finer2003,Basketball_finer,327,6356,0.05962364683589426,A2_topo,topo,0.4783349806354163,0.1396935237081196,308571.6,0.37105345726013184,0.2421717643737793,0.005198955535888672,0.12366318702697754,5635,721,3178,2457,2457|0,,,,,,True,ok,
Basketball_temporal/finer2003,Basketball_finer,327,6356,0.05962364683589426,B1_reach,reach,0.47199018067410825,0.13568034568399118,304478.6,0.47980451583862305,0.24340033531188965,0.2207777500152588,0.015609502792358398,5635,721,3178,2457,2457,,5635,2457,3178,True,True,ok,
Basketball_temporal/finer2003,Basketball_finer,327,6356,0.05962364683589426,B2_reach,reach,0.47199018067410825,0.1198827324469408,304478.6,0.582258939743042,0.24208998680114746,0.22075557708740234,0.11939096450805664,5635,721,3178,2457,2457,,5635,2457,3178,True,True,ok,
Basketball_temporal/finer2004,Basketball_finer,326,6316,0.05961302501179802,A0,none,0.4784723005146823,0.15447350212908717,302172.1,0.24567866325378418,0.23227262496948242,1.430511474609375e-06,0.013389110565185547,5617,699,699,0,0,,,,,,False,ok,
Basketball_temporal/finer2004,Basketball_finer,326,6316,0.05961302501179802,A1_topo,topo,0.47911992870706177,0.15597502112304193,302581.1,0.25240278244018555,0.232666015625,0.0052013397216796875,0.014519929885864258,5617,699,3158,2459,2459|0,,,,,,True,ok,
Basketball_temporal/finer2004,Basketball_finer,326,6316,0.05961302501179802,A2_topo,topo,0.47911992870706177,0.13392106542160795,302581.1,0.3490908145904541,0.23366332054138184,0.005193233489990234,0.1101996898651123,5617,699,3158,2459,2459|0,,,,,,True,ok,
Basketball_temporal/finer2004,Basketball_finer,326,6316,0.05961302501179802,B1_reach,reach,0.4720007689199272,0.1420506122246025,298085.1,0.4438812732696533,0.23241448402404785,0.19620895385742188,0.015243291854858398,5617,699,3158,2459,2459,,5617,2459,3158,True,True,ok,
Basketball_temporal/finer2004,Basketball_finer,326,6316,0.05961302501179802,B2_reach,reach,0.4720007689199272,0.1193452936376843,298085.1,0.5554714202880859,0.23221969604492188,0.19711756706237793,0.1261148452758789,5617,699,3158,2459,2459,,5617,2459,3158,True,True,ok,
Basketball_temporal/finer2005,Basketball_finer,330,6476,0.059648153265174544,A0,none,0.47774392330328425,0.16844499735964566,307164.5,0.2661895751953125,0.2521660327911377,1.430511474609375e-06,0.014006376266479492,5712,764,764,0,0,,,,,,False,ok,
Basketball_temporal/finer2005,Basketball_finer,330,6476,0.059648153265174544,A1_topo,topo,0.47841427300497086,0.17051995669655837,307595.5,0.26494431495666504,0.25115203857421875,0.005329132080078125,0.00844883918762207,5712,764,3238,2474,2474|0,,,,,,True,ok,
Basketball_temporal/finer2005,Basketball_finer,330,6476,0.059648153265174544,A2_topo,topo,0.47841427300497086,0.14786356728853675,307595.5,0.3694190979003906,0.2523181438446045,0.005356788635253906,0.1117250919342041,5712,764,3238,2474,2474|0,,,,,,True,ok,
Basketball_temporal/finer2005,Basketball_finer,330,6476,0.059648153265174544,B1_reach,reach,0.4707869065616504,0.140486121956898,302691.5,0.47286534309387207,0.2514793872833252,0.2055683135986328,0.015803098678588867,5712,764,3238,2474,2474,,5712,2474,3238,True,True,ok,
Basketball_temporal/finer2005,Basketball_finer,330,6476,0.059648153265174544,B2_reach,reach,0.4707869065616504,0.12347284999474788,302691.5,0.5846781730651855,0.25220656394958496,0.20580196380615234,0.12665081024169922,5712,764,3238,2474,2474,,5712,2474,3238,True,True,ok,
Basketball_temporal/finer2006,Basketball_finer,334,6680,0.06006006006006006,A0,none,0.47793290219728896,0.152850113493713,312505.7,0.2761051654815674,0.2617518901824951,1.430511474609375e-06,0.014336109161376953,5926,754,754,0,0,,,,,,False,ok,
Basketball_temporal/finer2006,Basketball_finer,334,6680,0.06006006006006006,A1_topo,topo,0.478431472706935,0.1527203258499478,312831.69999999995,0.2776200771331787,0.2566244602203369,0.0054819583892822266,0.015496253967285156,5926,754,3340,2586,2586|0,,,,,,True,ok,
Basketball_temporal/finer2006,Basketball_finer,334,6680,0.06006006006006006,A2_topo,topo,0.478431472706935,0.13835235353129632,312831.69999999995,0.3811531066894531,0.2561371326446533,0.0054852962493896484,0.11951327323913574,5926,754,3340,2586,2586|0,,,,,,True,ok,
Basketball_temporal/finer2006,Basketball_finer,334,6680,0.06006006006006006,B1_reach,reach,0.4711257324474887,0.13854625018046793,308054.69999999995,0.49470067024230957,0.2561771869659424,0.22164630889892578,0.01685929298400879,5926,754,3340,2586,2586,,5926,2586,3340,True,True,ok,
Basketball_temporal/finer2006,Basketball_finer,334,6680,0.06006006006006006,B2_reach,reach,0.4711257324474887,0.11759008929366013,308054.69999999995,0.6083996295928955,0.256345272064209,0.22115015983581543,0.13088583946228027,5926,754,3340,2586,2586,,5926,2586,3340,True,True,ok,
Basketball_temporal/finer2007,Basketball_finer,336,7186,0.06384150675195452,A0,none,0.4775385872047659,0.15867401600371112,331832.3,0.293271541595459,0.2777087688446045,1.9073486328125e-06,0.015542268753051758,6357,829,829,0,0,,,,,,False,ok,
Basketball_temporal/finer2007,Basketball_finer,336,7186,0.06384150675195452,A1_topo,topo,0.47786957932053364,0.16038619300318255,332062.29999999993,0.2930786609649658,0.27780699729919434,0.0059468746185302734,0.009306192398071289,6357,829,3593,2764,2764|0,,,,,,True,ok,
Basketball_temporal/finer2007,Basketball_finer,336,7186,0.06384150675195452,A2_topo,topo,0.47786957932053364,0.14436618534387238,332062.29999999993,0.4088246822357178,0.283219575881958,0.0059163570404052734,0.11966753005981445,6357,829,3593,2764,2764|0,,,,,,True,ok,
Basketball_temporal/finer2007,Basketball_finer,336,7186,0.06384150675195452,B1_reach,reach,0.4702092704847424,0.14629994138754118,326739.30000000005,0.5458798408508301,0.27834129333496094,0.24954795837402344,0.01797342300415039,6357,829,3593,2764,2764,,6357,2764,3593,True,True,ok,
Basketball_temporal/finer2007,Basketball_finer,336,7186,0.06384150675195452,B2_reach,reach,0.4702092704847424,0.13010484750715756,326739.30000000005,0.664618730545044,0.28389811515808105,0.25061631202697754,0.1300821304321289,6357,829,3593,2764,2764,,6357,2764,3593,True,True,ok,
Basketball_temporal/finer2008,Basketball_finer,342,7386,0.06333281885064568,A0,none,0.4766041128563837,0.14790939663318853,339375.3,0.30233335494995117,0.2865333557128906,1.430511474609375e-06,0.015781402587890625,6576,810,810,0,0,,,,,,False,ok,
Basketball_temporal/finer2008,Basketball_finer,342,7386,0.06333281885064568,A1_topo,topo,0.4769580108461307,0.14903906991562765,339627.29999999993,0.3031294345855713,0.2800450325012207,0.006032466888427734,0.017035961151123047,6576,810,3693,2883,2883|0,,,,,,True,ok,
Basketball_temporal/finer2008,Basketball_finer,342,7386,0.06333281885064568,A2_topo,topo,0.4769580108461307,0.1252385532457497,339627.29999999993,0.42058444023132324,0.28063082695007324,0.006097078323364258,0.1338365077972412,6576,810,3693,2883,2883|0,,,,,,True,ok,
Basketball_temporal/finer2008,Basketball_finer,342,7386,0.06333281885064568,B1_reach,reach,0.470263440540082,0.14365116351186222,334860.3,0.571815013885498,0.28093528747558594,0.27205920219421387,0.018802165985107422,6576,810,3693,2883,2883,,6576,2883,3693,True,True,ok,
Basketball_temporal/finer2008,Basketball_finer,342,7386,0.06333281885064568,B2_reach,reach,0.470263440540082,0.1235340302289231,334860.3,0.688758373260498,0.28273773193359375,0.27307581901550293,0.13292527198791504,6576,810,3693,2883,2883,,6576,2883,3693,True,True,ok,
Basketball_temporal/finer2009,Basketball_finer,347,7478,0.06228448634871983,A0,none,0.4775017140152602,0.16365776943739113,341407.9,0.3025937080383301,0.286482572555542,1.430511474609375e-06,0.016093015670776367,6668,810,810,0,0,,,,,,False,ok,
Basketball_temporal/finer2009,Basketball_finer,347,7478,0.06228448634871983,A1_topo,topo,0.4779240988447635,0.16624421574579704,341709.89999999997,0.30495715141296387,0.28845667839050293,0.006184577941894531,0.010296821594238281,6668,810,3739,2929,2929|0,,,,,,True,ok,
Basketball_temporal/finer2009,Basketball_finer,347,7478,0.06228448634871983,A2_topo,topo,0.4779240988447635,0.14380101406353119,341709.89999999997,0.4179689884185791,0.285444974899292,0.006147146224975586,0.126359224319458,6668,810,3739,2929,2929|0,,,,,,True,ok,
Basketball_temporal/finer2009,Basketball_finer,347,7478,0.06228448634871983,B1_reach,reach,0.4708414605116339,0.1375962549099165,336645.89999999997,0.6664507389068604,0.35962581634521484,0.287860631942749,0.01894688606262207,6668,810,3739,2929,2929,,6668,2929,3739,True,True,ok,
Basketball_temporal/finer2009,Basketball_finer,347,7478,0.06228448634871983,B2_reach,reach,0.4708414605116339,0.12049872165471384,336645.89999999997,0.711322546005249,0.2849729061126709,0.28843116760253906,0.13789868354797363,6668,810,3739,2929,2929,,6668,2929,3739,True,True,ok,
Basketball_temporal/finer2010,Basketball_finer,347,7538,0.0627842281487898,A0,none,0.47598310246379516,0.1515058522220769,344042.29999999993,0.2925090789794922,0.276167631149292,1.6689300537109375e-06,0.016322612762451172,6750,788,788,0,0,,,,,,False,ok,
Basketball_temporal/finer2010,Basketball_finer,347,7538,0.0627842281487898,A1_topo,topo,0.47657385768416205,0.15456457617581196,344469.29999999993,0.30470967292785645,0.280672550201416,0.0061702728271484375,0.017848491668701172,6750,788,3769,2981,2981|0,,,,,,True,ok,
Basketball_temporal/finer2010,Basketball_finer,347,7538,0.0627842281487898,A2_topo,topo,0.47657385768416205,0.1405853066885077,344469.29999999993,0.4133601188659668,0.28063344955444336,0.006195783615112305,0.1265103816986084,6750,788,3769,2981,2981|0,,,,,,True,ok,
Basketball_temporal/finer2010,Basketball_finer,347,7538,0.0627842281487898,B1_reach,reach,0.46966603376076166,0.14636552169173025,339476.3,0.5732665061950684,0.2813994884490967,0.2727823257446289,0.01906585693359375,6750,788,3769,2981,2981,,6750,2981,3769,True,True,ok,
Basketball_temporal/finer2010,Basketball_finer,347,7538,0.0627842281487898,B2_reach,reach,0.46966603376076166,0.1252959776944091,339476.3,0.6884021759033203,0.2810854911804199,0.27235841751098633,0.13494014739990234,6750,788,3769,2981,2981,,6750,2981,3769,True,True,ok,
Basketball_temporal/finer2011,Basketball_finer,345,7504,0.0632288506909336,A0,none,0.4780926623354585,0.15637036937190346,343718.6,0.30246996879577637,0.28616905212402344,2.86102294921875e-06,0.016279220581054688,6724,780,780,0,0,,,,,,False,ok,
Basketball_temporal/finer2011,Basketball_finer,345,7504,0.0632288506909336,A1_topo,topo,0.4783485956770633,0.15880105339928646,343902.6,0.3066220283508301,0.2906782627105713,0.006180524826049805,0.009746313095092773,6724,780,3752,2972,2972|0,,,,,,True,ok,
Basketball_temporal/finer2011,Basketball_finer,345,7504,0.0632288506909336,A2_topo,topo,0.4783485956770633,0.14241338537883735,343902.6,0.41857194900512695,0.29116392135620117,0.00615239143371582,0.12123703956604004,6724,780,3752,2972,2972|0,,,,,,True,ok,
Basketball_temporal/finer2011,Basketball_finer,345,7504,0.0632288506909336,B1_reach,reach,0.4709752117431119,0.1445416158203626,338601.6,0.5971701145172119,0.2917137145996094,0.28644728660583496,0.018991708755493164,6724,780,3752,2972,2972,,6724,2972,3752,True,True,ok,
Basketball_temporal/finer2011,Basketball_finer,345,7504,0.0632288506909336,B2_reach,reach,0.4709752117431119,0.1245385715478756,338601.6,0.7131483554840088,0.29073095321655273,0.28757572174072266,0.13481974601745605,6724,780,3752,2972,2972,,6724,2972,3752,True,True,ok,
Basketball_temporal/finer2012,Basketball_finer,345,7580,0.06386922817660937,A0,none,0.47600381648817663,0.1583471730339676,337550.3,0.3248872756958008,0.30841684341430664,1.9073486328125e-06,0.016452550888061523,6744,836,836,0,0,,,,,,False,ok,
Basketball_temporal/finer2012,Basketball_finer,345,7580,0.06386922817660937,A1_topo,topo,0.4764395594849829,0.15868649843415977,337859.3,0.3321859836578369,0.3081693649291992,0.006257295608520508,0.017740726470947266,6744,836,3790,2954,2954|0,,,,,,True,ok,
Basketball_temporal/finer2012,Basketball_finer,345,7580,0.06386922817660937,A2_topo,topo,0.4764395594849829,0.13817577455946445,337859.3,0.4418833255767822,0.3081831932067871,0.006258726119995117,0.12742257118225098,6744,836,3790,2954,2954|0,,,,,,True,ok,
Basketball_temporal/finer2012,Basketball_finer,345,7580,0.06386922817660937,B1_reach,reach,0.46959317680053536,0.15177217019643544,333004.30000000005,0.5890326499938965,0.3038060665130615,0.26606035232543945,0.01914668083190918,6744,836,3790,2954,2954,,6744,2954,3790,True,True,ok,
Basketball_temporal/finer2012,Basketball_finer,345,7580,0.06386922817660937,B2_reach,reach,0.46959317680053536,0.12414116979929576,333004.30000000005,0.7034249305725098,0.3035557270050049,0.2641735076904297,0.13567328453063965,6744,836,3790,2954,2954,,6744,2954,3790,True,True,ok,
Basketball_temporal/finer2013,Basketball_finer,347,7616,0.06343389248888075,A0,none,0.4760962548834703,0.1612347260803964,339270.0,0.3259291648864746,0.30982208251953125,1.9073486328125e-06,0.016087055206298828,6746,870,870,0,0,,,,,,False,ok,
Basketball_temporal/finer2013,Basketball_finer,347,7616,0.06343389248888075,A1_topo,topo,0.47642462616192904,0.1632485669746435,339503.99999999994,0.3341865539550781,0.31046438217163086,0.00623011589050293,0.017475128173828125,6746,870,3808,2938,2938|0,,,,,,True,ok,
Basketball_temporal/finer2013,Basketball_finer,347,7616,0.06343389248888075,A2_topo,topo,0.47642462616192904,0.1413023450776605,339503.99999999994,0.4576609134674072,0.3148634433746338,0.006285190582275391,0.1364917755126953,6746,870,3808,2938,2938|0,,,,,,True,ok,
Basketball_temporal/finer2013,Basketball_finer,347,7616,0.06343389248888075,B1_reach,reach,0.4699484148367686,0.15442802859495106,334889.0,0.6155085563659668,0.3103907108306885,0.2858853340148926,0.01921534538269043,6746,870,3808,2938,2938,,6746,2938,3808,True,True,ok,
Basketball_temporal/finer2013,Basketball_finer,347,7616,0.06343389248888075,B2_reach,reach,0.4699484148367686,0.1288799048214983,334889.0,0.7343845367431641,0.3110237121582031,0.28581809997558594,0.13752365112304688,6746,870,3808,2938,2938,,6746,2938,3808,True,True,ok,
Basketball_temporal/finer2014,Basketball_finer,351,7650,0.06227106227106227,A0,none,0.47867883083434715,0.16100928933746547,361268.19999999995,0.3237183094024658,0.3069953918457031,1.9073486328125e-06,0.016695499420166016,6857,793,793,0,0,,,,,,False,ok,
Basketball_temporal/finer2014,Basketball_finer,351,7650,0.06227106227106227,A1_topo,topo,0.47920087916118226,0.1641767041265747,361662.19999999995,0.32321739196777344,0.3070845603942871,0.006239175796508789,0.009877204895019531,6857,793,3825,3032,3032|0,,,,,,True,ok,
Basketball_temporal/finer2014,Basketball_finer,351,7650,0.06227106227106227,A2_topo,topo,0.47920087916118226,0.14346654125856287,361662.19999999995,0.4427063465118408,0.312638521194458,0.006249904632568359,0.12379789352416992,6857,793,3825,3032,3032|0,,,,,,True,ok,
Basketball_temporal/finer2014,Basketball_finer,351,7650,0.06227106227106227,B1_reach,reach,0.47258252537300616,0.1521799982204897,356667.19999999995,0.6306030750274658,0.30721259117126465,0.30390453338623047,0.01946735382080078,6857,793,3825,3032,3032,,6857,3032,3825,True,True,ok,
Basketball_temporal/finer2014,Basketball_finer,351,7650,0.06227106227106227,B2_reach,reach,0.47258252537300616,0.13012434954877258,356667.19999999995,0.7615029811859131,0.30682802200317383,0.30365824699401855,0.15099024772644043,6857,793,3825,3032,3032,,6857,3032,3825,True,True,ok,
Dryad_animal_society,Animal,21,193,0.4595238095238095,A0,none,0.08200212992545261,0.4537912501742369,77.0,0.0010094642639160156,0.0006961822509765625,9.5367431640625e-07,0.0003039836883544922,60,133,133,0,0,,,,,,False,ok,
Dryad_animal_society,Animal,21,193,0.4595238095238095,A1_topo,topo,0.08945686900958466,0.4437286976166951,84.0,0.0011677742004394531,0.0006470680236816406,0.0003113746643066406,0.0002014636993408203,60,133,151,18,17|1|0,,,,,,True,ok,
Dryad_animal_society,Animal,21,193,0.4595238095238095,A2_topo,topo,0.08945686900958466,0.3594722985877824,84.0,0.00725102424621582,0.0006558895111083984,0.0003120899200439453,0.006273984909057617,60,133,151,18,17|1|0,,,,,,True,ok,
Dryad_animal_society,Animal,21,193,0.4595238095238095,B1_reach,reach,0.07880724174653887,0.4459050280269133,74.0,0.001190185546875,0.0006430149078369141,0.00034117698669433594,0.00019860267639160156,60,133,151,18,18,,60,18,42,True,True,ok,
Dryad_animal_society,Animal,21,193,0.4595238095238095,B2_reach,reach,0.07880724174653887,0.3533387265554227,74.0,0.007566213607788086,0.0006513595581054688,0.0003571510314941406,0.006548881530761719,60,133,151,18,18,,60,18,42,True,True,ok,
FacultyHiringNetworks/Business/Business_FM_Full_,Faculty,113,1787,0.14119785082174463,A0,none,0.06144393241167435,0.48585953220680816,200.0,0.005569934844970703,0.002996683120727539,7.152557373046875e-07,0.002562284469604492,308,1479,1479,0,0,,,,,,False,ok,
FacultyHiringNetworks/Business/Business_FM_Full_,Faculty,113,1787,0.14119785082174463,A1_topo,topo,0.05775729646697389,0.48771352083228287,188.0,0.0084686279296875,0.002998828887939453,0.0028252601623535156,0.0026345252990722656,308,1479,1628,149,142|7|0,,,,,,True,ok,
FacultyHiringNetworks/Business/Business_FM_Full_,Faculty,113,1787,0.14119785082174463,A2_topo,topo,0.05775729646697389,0.41631822994538625,188.0,0.046044111251831055,0.003002643585205078,0.0028276443481445312,0.04020214080810547,308,1479,1628,149,142|7|0,,,,,,True,ok,
FacultyHiringNetworks/Business/Business_FM_Full_,Faculty,113,1787,0.14119785082174463,B1_reach,reach,0.04884792626728111,0.4879582476096295,159.0,0.009771108627319336,0.002995014190673828,0.004988431930541992,0.0017783641815185547,308,1479,1654,175,175,,308,175,133,True,True,ok,
FacultyHiringNetworks/Business/Business_FM_Full_,Faculty,113,1787,0.14119785082174463,B2_reach,reach,0.04884792626728111,0.42257671846794553,159.0,0.048162221908569336,0.0030007362365722656,0.005005359649658203,0.04014468193054199,308,1479,1654,175,175,,308,175,133,True,True,ok,
FacultyHiringNetworks/ComputerScience/ComputerScience_FM_Full_,Faculty,206,1407,0.033317546767700684,A0,none,0.05058763413387839,0.5609125912611208,99.0,0.005570650100708008,0.0018057823181152344,1.1920928955078125e-06,0.0037534236907958984,176,1231,1231,0,0,,,,,,False,ok,
FacultyHiringNetworks/ComputerScience/ComputerScience_FM_Full_,Faculty,206,1407,0.033317546767700684,A1_topo,topo,0.050076647930505876,0.5621346577923433,98.0,0.00797128677368164,0.0018322467803955078,0.0023224353790283203,0.0038073062896728516,176,1231,1323,92,88|3|1,,,,,,True,ok,
FacultyHiringNetworks/ComputerScience/ComputerScience_FM_Full_,Faculty,206,1407,0.033317546767700684,A2_topo,topo,0.050076647930505876,0.5295312045642753,98.0,0.061821699142456055,0.0018093585968017578,0.002351999282836914,0.05764913558959961,176,1231,1323,92,88|3|1,,,,,,True,ok,
FacultyHiringNetworks/ComputerScience/ComputerScience_FM_Full_,Faculty,206,1407,0.033317546767700684,B1_reach,reach,0.03372508942258559,0.5737833399383746,66.0,0.008894205093383789,0.0018110275268554688,0.00482630729675293,0.0022478103637695312,176,1231,1345,114,114,,176,114,62,True,True,ok,
FacultyHiringNetworks/ComputerScience/ComputerScience_FM_Full_,Faculty,206,1407,0.033317546767700684,B2_reach,reach,0.03372508942258559,0.5498087119561136,66.0,0.05950307846069336,0.0018246173858642578,0.004831552505493164,0.05283546447753906,176,1231,1345,114,114,,176,114,62,True,True,ok,
FacultyHiringNetworks/History/History_FM_Full_,Faculty,145,1204,0.057662835249042144,A0,none,0.04222972972972973,0.5187161152058023,75.0,0.0036966800689697266,0.0010714530944824219,1.1920928955078125e-06,0.002614259719848633,144,1060,1060,0,0,,,,,,False,ok,
FacultyHiringNetworks/History/History_FM_Full_,Faculty,145,1204,0.057662835249042144,A1_topo,topo,0.04222972972972973,0.5203350829160908,75.0,0.005776166915893555,0.001081705093383789,0.002007722854614258,0.0026772022247314453,144,1060,1135,75,73|2|0,,,,,,True,ok,
FacultyHiringNetworks/History/History_FM_Full_,Faculty,145,1204,0.057662835249042144,A2_topo,topo,0.04222972972972973,0.45353558675164346,75.0,0.05016207695007324,0.0010783672332763672,0.0019788742065429688,0.04709291458129883,144,1060,1135,75,73|2|0,,,,,,True,ok,
FacultyHiringNetworks/History/History_FM_Full_,Faculty,145,1204,0.057662835249042144,B1_reach,reach,0.030405405405405407,0.5170612976755534,54.0,0.005975008010864258,0.0011322498321533203,0.003153562545776367,0.001680135726928711,144,1060,1152,92,92,,144,92,52,True,True,ok,
FacultyHiringNetworks/History/History_FM_Full_,Faculty,145,1204,0.057662835249042144,B2_reach,reach,0.030405405405405407,0.44487579657341364,54.0,0.048371076583862305,0.0010645389556884766,0.0030968189239501953,0.04419875144958496,144,1060,1152,92,92,,144,92,52,True,True,ok,
Football_data_England_Premier_League/England_2009_2010,Football_coarse,20,215,0.5657894736842105,A0,none,0.13595706618962433,0.4290569441685285,76.0,0.0010886192321777344,0.0007946491241455078,7.152557373046875e-07,0.0002849102020263672,100,115,115,0,0,,,,,,False,ok,
Football_data_England_Premier_League/England_2009_2010,Football_coarse,20,215,0.5657894736842105,A1_topo,topo,0.13595706618962433,0.4290569441685285,76.0,0.0012905597686767578,0.0007684230804443359,0.0002200603485107422,0.0002944469451904297,100,115,157,42,42|0,,,,,,False,ok,
Football_data_England_Premier_League/England_2009_2010,Football_coarse,20,215,0.5657894736842105,A2_topo,topo,0.13595706618962433,0.36279419262650386,76.0,0.008051156997680664,0.0007655620574951172,0.00021767616271972656,0.007058620452880859,100,115,157,42,42|0,,,,,,False,ok,
Football_data_England_Premier_League/England_2009_2010,Football_coarse,20,215,0.5657894736842105,B1_reach,reach,0.13595706618962433,0.4290569441685285,76.0,0.001440286636352539,0.0007677078247070312,0.00046324729919433594,0.000202178955078125,100,115,159,44,44,,100,44,56,True,False,ok,
Football_data_England_Premier_League/England_2009_2010,Football_coarse,20,215,0.5657894736842105,B2_reach,reach,0.13595706618962433,0.36279419262650386,76.0,0.008275032043457031,0.0007660388946533203,0.0004534721374511719,0.007045745849609375,100,115,159,44,44,,100,44,56,True,False,ok,
Football_data_England_Premier_League/England_2010_2011,Football_coarse,20,219,0.5763157894736842,A0,none,0.23711340206185566,0.6338603400760441,115.0,0.001435995101928711,0.0011456012725830078,1.1920928955078125e-06,0.00028133392333984375,125,94,94,0,0,,,,,,False,ok,
Football_data_England_Premier_League/England_2010_2011,Football_coarse,20,219,0.5763157894736842,A1_topo,topo,0.23505154639175257,0.6347979320976261,114.0,0.0016603469848632812,0.0010426044464111328,0.0003192424774169922,0.00029087066650390625,125,94,145,51,46|4|1,,,,,,True,ok,
Football_data_England_Premier_League/England_2010_2011,Football_coarse,20,219,0.5763157894736842,A2_topo,topo,0.23505154639175257,0.5043002029632442,114.0,0.008435964584350586,0.0010399818420410156,0.0003199577331542969,0.007066488265991211,125,94,145,51,46|4|1,,,,,,True,ok,
Football_data_England_Premier_League/England_2010_2011,Football_coarse,20,219,0.5763157894736842,B1_reach,reach,0.23505154639175257,0.5653113535932368,114.0,0.0017375946044921875,0.0010483264923095703,0.0004875659942626953,0.00019407272338867188,125,94,145,51,51,,125,51,74,True,True,ok,
Football_data_England_Premier_League/England_2010_2011,Football_coarse,20,219,0.5763157894736842,B2_reach,reach,0.23505154639175257,0.48988376347761126,114.0,0.008158683776855469,0.001033782958984375,0.00048089027404785156,0.006635427474975586,125,94,145,51,51,,125,51,74,True,True,ok,
Football_data_England_Premier_League/England_2011_2012,Football_coarse,20,226,0.5947368421052631,A0,none,0.19343065693430658,0.5004312601384128,106.0,0.0013480186462402344,0.0010576248168945312,4.76837158203125e-07,0.00028204917907714844,110,116,116,0,0,,,,,,False,ok,
Football_data_England_Premier_League/England_2011_2012,Football_coarse,20,226,0.5947368421052631,A1_topo,topo,0.19343065693430658,0.5004312601384128,106.0,0.0015630722045898438,0.0010361671447753906,0.00022721290588378906,0.00029206275939941406,110,116,153,37,37|0,,,,,,False,ok,
Football_data_England_Premier_League/England_2011_2012,Football_coarse,20,226,0.5947368421052631,A2_topo,topo,0.19343065693430658,0.42273712990585677,106.0,0.008142232894897461,0.001028299331665039,0.00022745132446289062,0.0068776607513427734,110,116,153,37,37|0,,,,,,False,ok,
Football_data_England_Premier_League/England_2011_2012,Football_coarse,20,226,0.5947368421052631,B1_reach,reach,0.18065693430656934,0.5105298240287788,99.0,0.0016758441925048828,0.0010263919830322266,0.0004429817199707031,0.00019931793212890625,110,116,156,40,40,,110,40,70,True,True,ok,
Football_data_England_Premier_League/England_2011_2012,Football_coarse,20,226,0.5947368421052631,B2_reach,reach,0.18065693430656934,0.4493310731251582,99.0,0.0077915191650390625,0.0010421276092529297,0.0004417896270751953,0.00629878044128418,110,116,156,40,40,,110,40,70,True,True,ok,
Football_data_England_Premier_League/England_2012_2013,Football_coarse,20,216,0.5684210526315789,A0,none,0.21473684210526317,0.5464569254247024,102.0,0.0011644363403320312,0.0008835792541503906,9.5367431640625e-07,0.0002720355987548828,114,102,102,0,0,,,,,,False,ok,
Football_data_England_Premier_League/England_2012_2013,Football_coarse,20,216,0.5684210526315789,A1_topo,topo,0.21473684210526317,0.5464569254247024,102.0,0.001369476318359375,0.0008585453033447266,0.0002181529998779297,0.00028514862060546875,114,102,149,47,47|0,,,,,,False,ok,
Football_data_England_Premier_League/England_2012_2013,Football_coarse,20,216,0.5684210526315789,A2_topo,topo,0.21473684210526317,0.4598849938724435,102.0,0.007642269134521484,0.0008623600006103516,0.00021505355834960938,0.006555795669555664,114,102,149,47,47|0,,,,,,False,ok,
Football_data_England_Premier_League/England_2012_2013,Football_coarse,20,216,0.5684210526315789,B1_reach,reach,0.21052631578947367,0.49261592998617826,100.0,0.0015420913696289062,0.0008628368377685547,0.0004775524139404297,0.00019431114196777344,114,102,150,48,48,,114,48,66,True,True,ok,
Football_data_England_Premier_League/England_2012_2013,Football_coarse,20,216,0.5684210526315789,B2_reach,reach,0.21052631578947367,0.4053311143432953,100.0,0.008402109146118164,0.000858306884765625,0.0004725456237792969,0.00706171989440918,114,102,150,48,48,,114,48,66,True,True,ok,
Football_data_England_Premier_League/England_2013_2014,Football_coarse,20,222,0.5842105263157895,A0,none,0.16319444444444445,0.4020915330562394,94.0,0.001070261001586914,0.0007739067077636719,7.152557373046875e-07,0.0002875328063964844,99,123,123,0,0,,,,,,False,ok,
Football_data_England_Premier_League/England_2013_2014,Football_coarse,20,222,0.5842105263157895,A1_topo,topo,0.16319444444444445,0.4020915330562394,94.0,0.0013866424560546875,0.0007529258728027344,0.000331878662109375,0.000293731689453125,99,123,157,34,33|1|0,,,,,,False,ok,
Football_data_England_Premier_League/England_2013_2014,Football_coarse,20,222,0.5842105263157895,A2_topo,topo,0.16319444444444445,0.39075912531613155,94.0,0.00834035873413086,0.0007443428039550781,0.00033020973205566406,0.007256269454956055,99,123,157,34,33|1|0,,,,,,False,ok,
Football_data_England_Premier_League/England_2013_2014,Football_coarse,20,222,0.5842105263157895,B1_reach,reach,0.1371527777777778,0.4181601063258682,79.0,0.0014121532440185547,0.0007534027099609375,0.0004513263702392578,0.00019979476928710938,99,123,163,40,40,,99,40,59,True,True,ok,
Football_data_England_Premier_League/England_2013_2014,Football_coarse,20,222,0.5842105263157895,B2_reach,reach,0.1371527777777778,0.3807925017458761,79.0,0.008370161056518555,0.0007445812225341797,0.00044798851013183594,0.00716853141784668,99,123,163,40,40,,99,40,59,True,True,ok,
Football_data_England_Premier_League/England_2014_2015,Football_coarse,20,107,0.28157894736842104,A0,none,0.13259668508287292,0.6195646385035563,24.0,0.0005505084991455078,0.00030303001403808594,7.152557373046875e-07,0.00023937225341796875,42,65,65,0,0,,,,,,False,ok,
Football_data_England_Premier_League/England_2014_2015,Football_coarse,20,107,0.28157894736842104,A1_topo,topo,0.13259668508287292,0.6170324231941979,24.0,0.0007135868072509766,0.00027751922607421875,0.000186920166015625,0.00024127960205078125,42,65,82,17,16|1|0,,,,,,True,ok,
Football_data_England_Premier_League/England_2014_2015,Football_coarse,20,107,0.28157894736842104,A2_topo,topo,0.13259668508287292,0.5929903099679545,24.0,0.006573200225830078,0.00028252601623535156,0.00018310546875,0.00609898567199707,42,65,82,17,16|1|0,,,,,,True,ok,
Football_data_England_Premier_League/England_2014_2015,Football_coarse,20,107,0.28157894736842104,B1_reach,reach,0.11602209944751381,0.5423514194623053,21.0,0.0007083415985107422,0.0002791881561279297,0.0002620220184326172,0.00015997886657714844,42,65,88,23,23,,42,23,19,True,True,ok,
Football_data_England_Premier_League/England_2014_2015,Football_coarse,20,107,0.28157894736842104,B2_reach,reach,0.11602209944751381,0.5112614832798665,21.0,0.007428646087646484,0.00027823448181152344,0.0002574920654296875,0.006884574890136719,42,65,88,23,23,,42,23,19,True,True,ok,
Football_data_England_Premier_League/finerEngland_2009_2010,Football_finer,20,380,1.0,A0,none,0.33392382639503976,0.19515072513037893,376.9999999999999,0.004674434661865234,0.004372358322143555,7.152557373046875e-07,0.00029277801513671875,282,98,98,0,0,,,,,,False,ok,
Football_data_England_Premier_League/finerEngland_2009_2010,Football_finer,20,380,1.0,A1_topo,topo,0.33392382639503976,0.19515072513037893,376.9999999999999,0.004988431930541992,0.004324674606323242,0.00032806396484375,0.00032782554626464844,282,98,190,92,92|0,,,,,,False,ok,
Football_data_England_Premier_League/finerEngland_2009_2010,Football_finer,20,380,1.0,A2_topo,topo,0.33392382639503976,0.15372662913173574,376.9999999999999,0.011335134506225586,0.004374504089355469,0.0003247261047363281,0.0066263675689697266,282,98,190,92,92|0,,,,,,False,ok,
Football_data_England_Premier_League/finerEngland_2009_2010,Football_finer,20,380,1.0,B1_reach,reach,0.32860938883968105,0.19459083751980957,370.9999999999999,0.005433559417724609,0.004320383071899414,0.0007712841033935547,0.0003306865692138672,282,98,190,92,92,,282,92,190,True,True,ok,
Football_data_England_Premier_League/finerEngland_2009_2010,Football_finer,20,380,1.0,B2_reach,reach,0.32860938883968105,0.15260492030651915,370.9999999999999,0.011466503143310547,0.004366636276245117,0.0007708072662353516,0.006319999694824219,282,98,190,92,92,,282,92,190,True,True,ok,
Football_data_England_Premier_League/finerEngland_2010_2011,Football_finer,20,380,1.0,A0,none,0.40298507462686556,0.2566572935882591,458.9999999999999,0.005132436752319336,0.004834175109863281,7.152557373046875e-07,0.0002894401550292969,298,82,82,0,0,,,,,,False,ok,
Football_data_England_Premier_League/finerEngland_2010_2011,Football_finer,20,380,1.0,A1_topo,topo,0.40298507462686556,0.2566572935882591,458.9999999999999,0.0055124759674072266,0.0048580169677734375,0.00032258033752441406,0.000324249267578125,298,82,190,108,108|0,,,,,,False,ok,
Football_data_England_Premier_League/finerEngland_2010_2011,Football_finer,20,380,1.0,A2_topo,topo,0.40298507462686556,0.18801401154337313,458.9999999999999,0.01147317886352539,0.004809856414794922,0.00032639503479003906,0.006327152252197266,298,82,190,108,108|0,,,,,,False,ok,
Football_data_England_Premier_League/finerEngland_2010_2011,Football_finer,20,380,1.0,B1_reach,reach,0.395083406496927,0.26182882366984206,449.9999999999999,0.006009101867675781,0.004843473434448242,0.0008280277252197266,0.0003299713134765625,298,82,190,108,108,,298,108,190,True,True,ok,
Football_data_England_Premier_League/finerEngland_2010_2011,Football_finer,20,380,1.0,B2_reach,reach,0.395083406496927,0.192197512203558,449.9999999999999,0.01265406608581543,0.0048563480377197266,0.0008206367492675781,0.006968021392822266,298,82,190,108,108,,298,108,190,True,True,ok,
Football_data_England_Premier_League/finerEngland_2011_2012,Football_finer,20,380,1.0,A0,none,0.3660245183887915,0.23280158874318427,417.9999999999999,0.005154609680175781,0.0048580169677734375,7.152557373046875e-07,0.00028777122497558594,292,88,88,0,0,,,,,,False,ok,
Football_data_England_Premier_League/finerEngland_2011_2012,Football_finer,20,380,1.0,A1_topo,topo,0.3660245183887915,0.23280158874318427,417.9999999999999,0.005496501922607422,0.004832029342651367,0.000324249267578125,0.0003323554992675781,292,88,190,102,102|0,,,,,,False,ok,
Football_data_England_Premier_League/finerEngland_2011_2012,Football_finer,20,380,1.0,A2_topo,topo,0.3660245183887915,0.183561316807491,417.9999999999999,0.012378215789794922,0.0048999786376953125,0.0003216266632080078,0.007147312164306641,292,88,190,102,102|0,,,,,,False,ok,
Football_data_England_Premier_League/finerEngland_2011_2012,Football_finer,20,380,1.0,B1_reach,reach,0.35726795096322234,0.24186388491705824,407.9999999999999,0.006012678146362305,0.004871368408203125,0.000804901123046875,0.0003287792205810547,292,88,190,102,102,,292,102,190,True,True,ok,
Football_data_England_Premier_League/finerEngland_2011_2012,Football_finer,20,380,1.0,B2_reach,reach,0.35726795096322234,0.18626093724366505,407.9999999999999,0.012486457824707031,0.004864692687988281,0.0007970333099365234,0.006815671920776367,292,88,190,102,102,,292,102,190,True,True,ok,
Football_data_England_Premier_League/finerEngland_2012_2013,Football_finer,20,380,1.0,A0,none,0.39157155399473215,0.22539520442134406,445.9999999999999,0.004891633987426758,0.004594087600708008,7.152557373046875e-07,0.0002884864807128906,284,96,96,0,0,,,,,,False,ok,
Football_data_England_Premier_League/finerEngland_2012_2013,Football_finer,20,380,1.0,A1_topo,topo,0.39157155399473215,0.22539520442134406,445.9999999999999,0.005228281021118164,0.0045680999755859375,0.0003256797790527344,0.0003261566162109375,284,96,190,94,94|0,,,,,,False,ok,
Football_data_England_Premier_League/finerEngland_2012_2013,Football_finer,20,380,1.0,A2_topo,topo,0.39157155399473215,0.1565185863418572,445.9999999999999,0.012305498123168945,0.004633903503417969,0.00032448768615722656,0.0073375701904296875,284,96,190,94,94|0,,,,,,False,ok,
Football_data_England_Premier_League/finerEngland_2012_2013,Football_finer,20,380,1.0,B1_reach,reach,0.3810359964881474,0.21959053959209135,433.9999999999999,0.0057146549224853516,0.00459599494934082,0.0007853507995605469,0.0003256797790527344,284,96,190,94,94,,284,94,190,True,True,ok,
Football_data_England_Premier_League/finerEngland_2012_2013,Football_finer,20,380,1.0,B2_reach,reach,0.3810359964881474,0.15473210495895634,433.9999999999999,0.011900663375854492,0.004622459411621094,0.0007762908935546875,0.00649261474609375,284,96,190,94,94,,284,94,190,True,True,ok,
Football_data_England_Premier_League/finerEngland_2013_2014,Football_finer,20,380,1.0,A0,none,0.325354609929078,0.2633196951408594,366.9999999999999,0.004471778869628906,0.004166126251220703,7.152557373046875e-07,0.0002968311309814453,273,107,107,0,0,,,,,,False,ok,
Football_data_England_Premier_League/finerEngland_2013_2014,Football_finer,20,380,1.0,A1_topo,topo,0.325354609929078,0.2633196951408594,366.9999999999999,0.004826545715332031,0.004166841506958008,0.0003249645233154297,0.0003266334533691406,273,107,190,83,83|0,,,,,,False,ok,
Football_data_England_Premier_League/finerEngland_2013_2014,Football_finer,20,380,1.0,A2_topo,topo,0.325354609929078,0.1971205635921496,366.9999999999999,0.01133584976196289,0.004183292388916016,0.0003294944763183594,0.006814002990722656,273,107,190,83,83|0,,,,,,False,ok,
Football_data_England_Premier_League/finerEngland_2013_2014,Football_finer,20,380,1.0,B1_reach,reach,0.326241134751773,0.2587156891913768,367.9999999999999,0.00510716438293457,0.004145145416259766,0.0007297992706298828,0.00022459030151367188,273,107,190,83,83,,273,83,190,True,True,ok,
Football_data_England_Premier_League/finerEngland_2013_2014,Football_finer,20,380,1.0,B2_reach,reach,0.326241134751773,0.19160545720186728,367.9999999999999,0.012098073959350586,0.004157066345214844,0.0007262229919433594,0.0072057247161865234,273,107,190,83,83,,273,83,190,True,True,ok,
Football_data_England_Premier_League/finerEngland_2014_2015,Football_finer,20,300,0.7894736842105263,A0,none,0.359338061465721,0.3397136453159793,151.99999999999994,0.0032770633697509766,0.002994060516357422,7.152557373046875e-07,0.0002741813659667969,224,76,76,0,0,,,,,,False,ok,
Football_data_England_Premier_League/finerEngland_2014_2015,Football_finer,20,300,0.7894736842105263,A1_topo,topo,0.359338061465721,0.3397136453159793,151.99999999999994,0.003541707992553711,0.002971172332763672,0.00026035308837890625,0.0003025531768798828,224,76,150,74,74|0,,,,,,False,ok,
Football_data_England_Premier_League/finerEngland_2014_2015,Football_finer,20,300,0.7894736842105263,A2_topo,topo,0.359338061465721,0.2870195148996745,151.99999999999994,0.009482383728027344,0.002973794937133789,0.0002582073211669922,0.0062410831451416016,224,76,150,74,74|0,,,,,,False,ok,
Football_data_England_Premier_League/finerEngland_2014_2015,Football_finer,20,300,0.7894736842105263,B1_reach,reach,0.3451536643026004,0.331479326077039,145.99999999999994,0.0038759708404541016,0.0030503273010253906,0.0006172657012939453,0.0002009868621826172,224,76,150,74,74,,224,74,150,True,True,ok,
Football_data_England_Premier_League/finerEngland_2014_2015,Football_finer,20,300,0.7894736842105263,B2_reach,reach,0.3451536643026004,0.28939642040368413,145.99999999999994,0.010259389877319336,0.0029778480529785156,0.0006008148193359375,0.006671905517578125,224,76,150,74,74,,224,74,150,True,True,ok,
Halo2BetaData,Halo,602,5010,0.013847352972067595,A0,none,0.17672108113765717,0.690061556488425,4233.0,0.10235953330993652,0.08054709434509277,1.430511474609375e-06,0.021797895431518555,1952,3058,3058,0,0,,,,,,False,ok,
Halo2BetaData,Halo,602,5010,0.013847352972067595,A1_topo,topo,0.17346470057964325,0.6902255790741668,4155.0,0.11040115356445312,0.08045768737792969,0.007749080657958984,0.022180795669555664,1952,3058,3801,743,725|13|5,,,,,,True,ok,
Halo2BetaData,Halo,602,5010,0.013847352972067595,A2_topo,topo,0.17346470057964325,0.6859868595095588,4155.0,0.27583956718444824,0.08054542541503906,0.007720470428466797,0.18755435943603516,1952,3058,3801,743,725|13|5,,,,,,True,ok,
Halo2BetaData,Halo,602,5010,0.013847352972067595,B1_reach,reach,0.4254581928253174,0.5513747844152388,10191.0,0.41787052154541016,0.08106255531311035,0.3162872791290283,0.02050495147705078,1952,3058,3968,910,910,,1952,910,1042,True,True,ok,
Halo2BetaData,Halo,602,5010,0.013847352972067595,B2_reach,reach,0.4254581928253174,0.5483769904046956,10191.0,0.5866692066192627,0.08138275146484375,0.3159956932067871,0.1892688274383545,1952,3058,3968,910,910,,1952,910,1042,True,True,ok,
Halo2BetaData/HeadToHead,Halo,,,,,,,,,,,,,,,,,,,,,,,,load_failed,[Errno 2] No such file or directory: '/home/soroush/repos/ranking-by-feedback-arc-set/GNNRank-main/data/Halo2BetaData/HeadToHead/adj.npz'
finance,Finance,1315,1729225,1.0007610350076104,A0,none,0.4999726061783231,0.4988085039256544,749409.601485415,60.592079401016235,60.009196758270264,0.000213623046875,0.5810811519622803,58835,1670390,1670390,0,0,,,,,,False,ok,
finance,Finance,1315,1729225,1.0007610350076104,A1_topo,topo,0.4999726061783231,0.4988085039256544,749409.601485415,60.72853398323059,60.00885772705078,0.13756108283996582,0.5804965496063232,59845,1669380,1669380,0,,,,,,,False,ok,
finance,Finance,1315,1729225,1.0007610350076104,A2_topo,topo,0.4999726061783231,0.4988085039256544,749409.601485415,60.72636318206787,60.00930452346802,0.13540363311767578,0.5799849033355713,56365,1672860,1672860,0,,,,,,,False,ok,
finance,Finance,1315,1729225,1.0007610350076104,B1_reach,reach,0.4999726061783231,0.4988085039256544,749409.601485415,62.549686431884766,60.00931143760681,1.9616508483886719,0.5769948959350586,61349,1667876,1667876,0,0,,0,0,0,True,False,ok,
finance,Finance,1315,1729225,1.0007610350076104,B2_reach,reach,0.4999726061783231,0.4988085039256544,749409.601485415,62.605912923812866,60.01028800010681,1.9656949043273926,0.6283485889434814,57313,1671912,1671912,0,0,,0,0,0,True,False,ok,
