dataset,family,config,config_hash,timestamp,status,n,m,density,total_edge_weight,removed_phaseA_count,removed_phaseA_weight,removed_final_count,removed_final_weight,normalized_removed_weight,restored_edge_count,mincut_attempts,mincut_accepted,mincut_gain,upset_simple,upset_ratio,upset_naive,permutation_distance_vs_p1,runtime_total_sec,runtime_phaseA_sec,runtime_phaseB_sec,runtime_phaseC_sec,runtime_mincut_sec,phase1_iterations,reinserted_per_pass,break_reason,terminal_classification
Basketball_temporal/1985,Basketball_coarse,A0,712779aad638f619,1787630193.298617,complete,282,2904,0.03664723252820474,40493.0,1074,7341.0,1074,7341.0,0.1812905934359025,0,0,0,0.0,0.11898352801718816,0.4571296595970426,4818.0,0.0,0.10869979858398438,0.08330774307250977,2.6226043701171875e-06,0.0009860992431640625,0.0,758,[0],phase_b_disabled,
Basketball_temporal/1988,Basketball_coarse,A0,712779aad638f619,1787630193.4075475,complete,290,3099,0.03697649445173607,47701.0,1155,9054.0,1155,9054.0,0.18980734156516635,0,0,0,0.0,0.12259701054485231,0.4930276935153653,5848.0,0.0,0.11072015762329102,0.08497905731201172,2.1457672119140625e-06,0.0010194778442382812,0.0,821,[0],phase_b_disabled,
Basketball_temporal/1991,Basketball_coarse,A0,712779aad638f619,1787630193.5184946,complete,295,3218,0.03710365502133057,52133.0,1160,9303.0,1160,9303.0,0.17844743252834097,0,0,0,0.0,0.11844704889417451,0.46378504429214873,6175.0,0.0,0.16016507148742676,0.13409042358398438,1.9073486328125e-06,0.0010662078857421875,0.0,875,[0],phase_b_disabled,
Basketball_temporal/1994,Basketball_coarse,A0,712779aad638f619,1787630193.6789274,complete,301,3144,0.03481727574750831,51068.0,1099,9381.0,1099,9381.0,0.18369624813973526,0,0,0,0.0,0.12160256912352158,0.46764444582893633,6210.0,0.0,0.1286015510559082,0.10185527801513672,1.6689300537109375e-06,0.0010986328125,0.0,849,[0],phase_b_disabled,
Basketball_temporal/1997,Basketball_coarse,A0,712779aad638f619,1787630193.807785,complete,305,3333,0.035946937014667814,52037.0,1232,10760.0,1232,10760.0,0.20677594788323692,0,0,0,0.0,0.13594173376635854,0.48875371794603417,7074.0,0.0,0.1657121181488037,0.1387956142425537,1.6689300537109375e-06,0.001111745834350586,0.0,948,[0],phase_b_disabled,
Basketball_temporal/2000,Basketball_coarse,A0,712779aad638f619,1787630193.973763,complete,318,3475,0.03447215443525187,55092.0,1189,10117.0,1189,10117.0,0.18363827778987873,0,0,0,0.0,0.11705873811079649,0.508771370693921,6449.0,0.0,0.15813088417053223,0.13036155700683594,1.9073486328125e-06,0.0011837482452392578,0.0,888,[0],phase_b_disabled,
Basketball_temporal/2003,Basketball_coarse,A0,712779aad638f619,1787630194.1321752,complete,327,3560,0.03339524586780736,54489.0,1297,11034.0,1297,11034.0,0.20249958707262017,0,0,0,0.0,0.12958578795720238,0.5108512596475314,7061.0,0.0,0.14913249015808105,0.12074971199035645,2.1457672119140625e-06,0.0011959075927734375,0.0,919,[0],phase_b_disabled,
Basketball_temporal/2006,Basketball_coarse,A0,712779aad638f619,1787630194.2815902,complete,334,3695,0.03322184459909011,55402.0,1312,11703.0,1312,11703.0,0.21123786144904516,0,0,0,0.0,0.13526587487816324,0.511888407476773,7494.0,0.0,0.17493844032287598,0.1459054946899414,2.1457672119140625e-06,0.0012540817260742188,0.0,942,[0],phase_b_disabled,
Basketball_temporal/2009,Basketball_coarse,A0,712779aad638f619,1787630194.456814,complete,347,4155,0.034607119654844996,61946.0,1424,11917.0,1424,11917.0,0.19237723178252025,0,0,0,0.0,0.1246892454718626,0.48885300364503964,7724.0,0.0,0.22005796432495117,0.1870739459991455,1.9073486328125e-06,0.0014102458953857422,0.0,1039,[0],phase_b_disabled,
Basketball_temporal/2012,Basketball_coarse,A0,712779aad638f619,1787630194.6771646,complete,345,4126,0.034765756656555444,61534.0,1389,11583.0,1389,11583.0,0.1882373972112978,0,0,0,0.0,0.11998244872753275,0.47870303606381914,7383.0,0.0,0.18720602989196777,0.15453100204467773,2.1457672119140625e-06,0.0014312267303466797,0.0,969,[0],phase_b_disabled,
Basketball_temporal/2014,Basketball_coarse,A0,712779aad638f619,1787630194.8647301,complete,351,4196,0.03415547415547415,60897.0,1471,12221.0,1471,12221.0,0.2006831206791796,0,0,0,0.0,0.12678785490254035,0.49989785637465345,7721.0,0.0,0.20436620712280273,0.17125749588012695,2.1457672119140625e-06,0.0014011859893798828,0.0,1019,[0],phase_b_disabled,
Basketball_temporal/1993,Basketball_coarse,A0,712779aad638f619,1787630195.0694327,complete,298,3088,0.03489028992384697,48535.0,1095,8984.0,1095,8984.0,0.1851035335325023,0,0,0,0.0,0.12489955702070671,0.4807220558033008,6062.0,0.0,0.1264479160308838,0.10081124305725098,1.6689300537109375e-06,0.0010290145874023438,0.0,795,[0],phase_b_disabled,
Basketball_temporal/finer1985,Basketball_finer,A0,712779aad638f619,1787630195.1962187,complete,282,4814,0.06075061204916585,518633.4,4254,457197.19999999995,4254,457197.19999999995,0.8815421451838619,0,0,0,0.0,0.4801979587122619,0.16460985124327354,249046.7,0.0,0.2080845832824707,0.1632366180419922,1.9073486328125e-06,0.0003612041473388672,0.0,4244,[0],phase_b_disabled,
Basketball_temporal/finer1988,Basketball_finer,A0,712779aad638f619,1787630195.4046633,complete,290,5170,0.06168714950483236,584038.0,4564,513545.10000000003,4564,513545.10000000003,0.8793008331649653,0,0,0,0.0,0.4782642567778124,0.16171459599363527,279324.5,0.0,0.2114722728729248,0.17156410217285156,1.9073486328125e-06,0.000392913818359375,0.0,4554,[0],phase_b_disabled,
Basketball_temporal/finer1991,Basketball_finer,A0,712779aad638f619,1787630195.6165075,complete,295,5420,0.062492793727660555,630782.6,4751,549105.5,4751,549105.5,0.8705146590917379,0,0,0,0.0,0.47755962196801244,0.1628823225125111,301236.3,0.0,0.23966717720031738,0.19793105125427246,1.430511474609375e-06,0.00041937828063964844,0.0,4743,[0],phase_b_disabled,
Basketball_temporal/finer1994,Basketball_finer,A0,712779aad638f619,1787630195.8565722,complete,301,5252,0.058161683277962346,608682.0,4644,537429.2,4644,537429.2,0.882939203064983,0,0,0,0.0,0.47812979519683513,0.16741347189018663,291029.0,0.0,0.2238781452178955,0.18363142013549805,2.1457672119140625e-06,0.0003917217254638672,0.0,4634,[0],phase_b_disabled,
Basketball_temporal/finer1997,Basketball_finer,A0,712779aad638f619,1787630196.080873,complete,305,5628,0.06069887834339948,582710.0,4983,514409.30000000005,4983,514409.30000000005,0.8827878361449092,0,0,0,0.0,0.47841035849736574,0.163471621573517,278774.5,0.0,0.24380898475646973,0.20095109939575195,2.384185791015625e-06,0.00043654441833496094,0.0,4975,[0],phase_b_disabled,
Basketball_temporal/finer2000,Basketball_finer,A0,712779aad638f619,1787630196.3250966,complete,318,6274,0.06223835882784755,634382.8,5565,559347.3,5565,559347.3,0.8817188927568654,0,0,0,0.0,0.4770461935601028,0.15983473550297636,302629.9,0.0,0.3083648681640625,0.2601628303527832,1.9073486328125e-06,0.0004496574401855469,0.0,5563,[0],phase_b_disabled,
Basketball_temporal/finer2003,Basketball_finer,A0,712779aad638f619,1787630196.633867,complete,327,6356,0.05962364683589426,645095.2,5635,569329.5,5635,569329.5,0.8825511335381198,0,0,0,0.0,0.4783814853993643,0.16151201074932892,308601.6,0.0,0.3077528476715088,0.25977087020874023,1.6689300537109375e-06,0.0004589557647705078,0.0,5628,[0],phase_b_disabled,
Basketball_temporal/finer2006,Basketball_finer,A0,712779aad638f619,1787630196.9420488,complete,334,6680,0.06006006006006006,653869.4,5926,578052.6000000001,5926,578052.6000000001,0.8840490165161423,0,0,0,0.0,0.4785369983669522,0.15289276923867193,312900.7,0.0,0.32213902473449707,0.2710888385772705,1.6689300537109375e-06,0.00048160552978515625,0.0,5915,[0],phase_b_disabled,
Basketball_temporal/finer2009,Basketball_finer,A0,712779aad638f619,1787630197.264639,complete,347,7478,0.06228448634871983,714987.7999999999,6668,634827.5,6668,634827.5,0.887885779309801,0,0,0,0.0,0.4779240988447635,0.16364641567164026,341709.89999999997,0.0,0.3546755313873291,0.2984640598297119,1.9073486328125e-06,0.0005314350128173828,0.0,6663,[0],phase_b_disabled,
Basketball_temporal/finer2012,Basketball_finer,A0,712779aad638f619,1787630197.6197479,complete,345,7580,0.06386922817660937,709133.5999999999,6744,629334.9,6744,629334.9,0.8874701466691187,0,0,0,0.0,0.4764550713716006,0.15850561348368847,337870.3,0.0,0.3765556812286377,0.31996583938598633,1.9073486328125e-06,0.0005137920379638672,0.0,6737,[0],phase_b_disabled,
Football_data_England_Premier_League/England_2009_2010,Football_coarse,A0,712779aad638f619,1787630197.9967659,complete,20,215,0.5657894736842105,559.0,100,162.0,100,162.0,0.2898032200357782,0,0,0,0.0,0.15384615384615385,0.4166048353372061,86.0,0.0,0.0034046173095703125,0.0008592605590820312,7.152557373046875e-07,7.748603820800781e-05,0.0,45,[0],phase_b_disabled,
Football_data_England_Premier_League/England_2010_2011,Football_coarse,A0,712779aad638f619,1787630198.0053186,complete,20,219,0.5763157894736842,485.0,125,221.0,125,221.0,0.4556701030927835,0,0,0,0.0,0.27628865979381445,0.6199562495869084,134.0,0.0,0.0035266876220703125,0.001161336898803711,7.152557373046875e-07,6.937980651855469e-05,0.0,65,[0],phase_b_disabled,
Football_data_England_Premier_League/England_2011_2012,Football_coarse,A0,712779aad638f619,1787630198.0092177,complete,20,226,0.5947368421052631,548.0,110,189.0,110,189.0,0.3448905109489051,0,0,0,0.0,0.2062043795620438,0.5001531258263577,113.0,0.0,0.0035583972930908203,0.001140594482421875,7.152557373046875e-07,7.2479248046875e-05,0.0,59,[0],phase_b_disabled,
Football_data_England_Premier_League/finerEngland_2009_2010,Football_finer,A0,712779aad638f619,1787630198.0131378,complete,20,380,1.0,1129.0,282,679.3999999999999,282,679.3999999999999,0.6017714791851194,0,0,0,0.0,0.35518157661647465,0.20377455015345627,400.9999999999999,0.0,0.008307218551635742,0.00475621223449707,7.152557373046875e-07,6.437301635742188e-05,0.0,268,[0],phase_b_disabled,
Football_data_England_Premier_League/finerEngland_2010_2011,Football_finer,A0,712779aad638f619,1787630198.0218163,complete,20,380,1.0,1139.0,298,810.5999999999999,298,810.5999999999999,0.711676909569798,0,0,0,0.0,0.40913081650570665,0.2561041397723342,465.9999999999999,0.0,0.008781909942626953,0.005293130874633789,7.152557373046875e-07,5.9604644775390625e-05,0.0,281,[0],phase_b_disabled,
Football_data_England_Premier_League/finerEngland_2011_2012,Football_finer,A0,712779aad638f619,1787630198.030979,complete,20,380,1.0,1142.0,292,750.3999999999999,292,750.3999999999999,0.6570928196147109,0,0,0,0.0,0.37828371278458833,0.24508301398983168,431.9999999999999,0.0,0.008831262588500977,0.005299806594848633,7.152557373046875e-07,6.461143493652344e-05,0.0,273,[0],phase_b_disabled,
FacultyHiringNetworks/Business/Business_FM_Full_,Faculty,A0,712779aad638f619,1787630198.040221,complete,113,1787,0.14119785082174463,3255.0,308,428.0,308,428.0,0.1314900153609831,0,0,0,0.0,0.06359447004608294,0.4856897958502882,207.0,0.0,0.01819896697998047,0.0031151771545410156,1.1920928955078125e-06,0.0007278919219970703,0.0,68,[0],phase_b_disabled,
FacultyHiringNetworks/History/History_FM_Full_,Faculty,A0,712779aad638f619,1787630198.0588686,complete,145,1204,0.057662835249042144,1776.0,144,162.0,144,162.0,0.09121621621621621,0,0,0,0.0,0.04448198198198198,0.5187581158908041,79.0,0.0,0.012830972671508789,0.0011394023895263672,1.430511474609375e-06,0.0005528926849365234,0.0,26,[0],phase_b_disabled,
FacultyHiringNetworks/ComputerScience/ComputerScience_FM_Full_,Faculty,A0,712779aad638f619,1787630198.0721824,complete,206,1407,0.033317546767700684,1957.0,176,219.0,176,219.0,0.11190597853857946,0,0,0,0.0,0.05314256515074093,0.5606431279758989,104.0,0.0,0.015300989151000977,0.0019271373748779297,1.430511474609375e-06,0.0006291866302490234,0.0,27,[0],phase_b_disabled,
Dryad_animal_society,Animal,A0,712779aad638f619,1787630198.0879738,complete,21,193,0.4595238095238095,939.0,60,133.0,60,133.0,0.14164004259850904,0,0,0,0.0,0.09158679446219382,0.4506010196832501,86.0,0.0,0.0029976367950439453,0.0007252693176269531,7.152557373046875e-07,8.106231689453125e-05,0.0,37,[0],phase_b_disabled,
Halo2BetaData,Halo,A0,712779aad638f619,1787630198.0913973,complete,602,5010,0.013847352972067595,23953.0,1952,6845.0,1952,6845.0,0.2857679622594247,0,0,0,0.0,0.17738905549049377,0.6900320582144942,4249.0,0.0,0.11887598037719727,0.08405137062072754,1.9073486328125e-06,0.001631021499633789,0.0,690,[0],phase_b_disabled,
Basketball_temporal/1986,Basketball_coarse,A0,712779aad638f619,1787630198.2108116,complete,283,2937,0.03680174422975716,42282.0,1081,7659.0,1081,7659.0,0.1811409110259685,0,0,0,0.0,0.11487157655740031,0.4915088615879581,4857.0,0.0,0.11801791191101074,0.09366869926452637,1.9073486328125e-06,0.001008749008178711,0.0,790,[0],phase_b_disabled,
Basketball_temporal/1987,Basketball_coarse,A0,712779aad638f619,1787630198.329408,complete,290,3045,0.03633217993079585,43841.0,1107,7864.0,1107,7864.0,0.17937547045003535,0,0,0,0.0,0.12168974247850185,0.4942987992575535,5335.0,0.0,0.12113714218139648,0.0960540771484375,1.430511474609375e-06,0.0009970664978027344,0.0,795,[0],phase_b_disabled,
Basketball_temporal/1989,Basketball_coarse,A0,712779aad638f619,1787630198.451104,complete,293,3162,0.03695824956753471,49151.0,1119,8935.0,1119,8935.0,0.18178673882525279,0,0,0,0.0,0.11997721307806555,0.494609623624423,5897.0,0.0,0.13522005081176758,0.10973548889160156,1.6689300537109375e-06,0.0010552406311035156,0.0,838,[0],phase_b_disabled,
Basketball_temporal/1990,Basketball_coarse,A0,712779aad638f619,1787630198.586894,complete,292,3192,0.03756531563338512,48502.0,1144,9102.0,1144,9102.0,0.18766236443857987,0,0,0,0.0,0.12213929322502165,0.47842395659082626,5924.0,0.0,0.14165735244750977,0.11546993255615234,1.9073486328125e-06,0.0010514259338378906,0.0,808,[0],phase_b_disabled,
Basketball_temporal/1992,Basketball_coarse,A0,712779aad638f619,1787630198.7291856,complete,298,3238,0.036585090276365445,52990.0,1155,9713.0,1155,9713.0,0.18329873561049254,0,0,0,0.0,0.12279675410454803,0.46876093481428904,6507.0,0.0,0.1614091396331787,0.13425898551940918,2.1457672119140625e-06,0.0010716915130615234,0.0,842,[0],phase_b_disabled,
Basketball_temporal/1995,Basketball_coarse,A0,712779aad638f619,1787630198.891221,complete,302,3182,0.03500473036896878,51675.0,1157,9558.0,1157,9558.0,0.18496371552975327,0,0,0,0.0,0.12417997097242381,0.4780382251417253,6417.0,0.0,0.13817214965820312,0.11198067665100098,2.384185791015625e-06,0.00104522705078125,0.0,850,[0],phase_b_disabled,
Basketball_temporal/1996,Basketball_coarse,A0,712779aad638f619,1787630199.0300252,complete,305,3256,0.03511647972389991,51294.0,1197,10601.0,1197,10601.0,0.20667134557648068,0,0,0,0.0,0.1349865481342847,0.4853264407200022,6924.0,0.0,0.13692855834960938,0.11014318466186523,1.9073486328125e-06,0.0010671615600585938,0.0,889,[0],phase_b_disabled,
Basketball_temporal/1998,Basketball_coarse,A0,712779aad638f619,1787630199.1676054,complete,306,3321,0.035583413693346194,52490.0,1178,10143.0,1178,10143.0,0.1932368070108592,0,0,0,0.0,0.12114688512097542,0.5181025967357485,6359.0,0.0,0.14350605010986328,0.11602902412414551,1.9073486328125e-06,0.001110076904296875,0.0,869,[0],phase_b_disabled,
Basketball_temporal/1999,Basketball_coarse,A0,712779aad638f619,1787630199.3117373,complete,310,3385,0.03533771792462679,53137.0,1258,11186.0,1258,11186.0,0.21051244895270715,0,0,0,0.0,0.13679733519016882,0.5193990472591065,7269.0,0.0,0.14032602310180664,0.11287236213684082,1.9073486328125e-06,0.0010941028594970703,0.0,915,[0],phase_b_disabled,
Basketball_temporal/2001,Basketball_coarse,A0,712779aad638f619,1787630199.4526908,complete,318,3405,0.033777751324325936,53482.0,1171,10041.0,1171,10041.0,0.18774540967054337,0,0,0,0.0,0.11899330615908156,0.4848366163218572,6364.0,0.0,0.15309739112854004,0.12500309944152832,1.9073486328125e-06,0.0011539459228515625,0.0,853,[0],phase_b_disabled,
Basketball_temporal/2002,Basketball_coarse,A0,712779aad638f619,1787630199.6064472,complete,321,3505,0.034121884735202494,55154.0,1263,10981.0,1263,10981.0,0.19909707364833013,0,0,0,0.0,0.13208470827138558,0.5096625617558053,7285.0,0.0,0.1443190574645996,0.11576652526855469,1.6689300537109375e-06,0.0011899471282958984,0.0,936,[0],phase_b_disabled,
Basketball_temporal/2004,Basketball_coarse,A0,712779aad638f619,1787630199.7514284,complete,326,3527,0.03328928739971685,53591.0,1208,10619.0,1208,10619.0,0.19814894291952007,0,0,0,0.0,0.12393872105390831,0.48660437880553664,6642.0,0.0,0.14661765098571777,0.117919921875,1.9073486328125e-06,0.0011944770812988281,0.0,898,[0],phase_b_disabled,
Basketball_temporal/2005,Basketball_coarse,A0,712779aad638f619,1787630199.8987002,complete,330,3622,0.03336096527585889,55251.0,1244,10509.0,1244,10509.0,0.19020470217733615,0,0,0,0.0,0.12559048705000814,0.5142016611329306,6939.0,0.0,0.17820358276367188,0.14968514442443848,1.6689300537109375e-06,0.0012466907501220703,0.0,924,[0],phase_b_disabled,
Basketball_temporal/2007,Basketball_coarse,A0,712779aad638f619,1787630200.077566,complete,336,3974,0.035305614783226726,59599.0,1362,11348.0,1362,11348.0,0.19040587929327674,0,0,0,0.0,0.12178056678803335,0.5209389892289127,7258.0,0.0,0.19622063636779785,0.16547012329101562,4.0531158447265625e-06,0.0013427734375,0.0,980,[0],phase_b_disabled,
Basketball_temporal/2008,Basketball_coarse,A0,712779aad638f619,1787630200.2825003,complete,342,4051,0.03473615612834628,61555.0,1485,13012.0,1485,13012.0,0.21138818942409227,0,0,0,0.0,0.12946145723336852,0.5114764445478518,7969.0,0.0,0.17309808731079102,0.1412057876586914,1.9073486328125e-06,0.0013527870178222656,0.0,1059,[0],phase_b_disabled,
Basketball_temporal/2010,Basketball_coarse,A0,712779aad638f619,1787630200.4562962,complete,347,4133,0.03442388099481934,62804.0,1382,11341.0,1382,11341.0,0.1805776702120884,0,0,0,0.0,0.11800203808674607,0.49839196288733406,7411.0,0.0,0.18632864952087402,0.15245914459228516,1.9073486328125e-06,0.0014407634735107422,0.0,973,[0],phase_b_disabled,
Basketball_temporal/2011,Basketball_coarse,A0,712779aad638f619,1787630200.6433423,complete,345,4086,0.034428715874620826,60955.0,1428,11660.0,1428,11660.0,0.19128865556558117,0,0,0,0.0,0.12227052743827414,0.5010434515772375,7453.0,0.0,0.18644213676452637,0.15308260917663574,1.6689300537109375e-06,0.0014183521270751953,0.0,983,[0],phase_b_disabled,
Basketball_temporal/2013,Basketball_coarse,A0,712779aad638f619,1787630200.8305156,complete,347,4153,0.034590461594842664,62047.0,1445,11942.0,1445,11942.0,0.19246700082195756,0,0,0,0.0,0.12330974906119554,0.5175490046777402,7651.0,0.0,0.18978190422058105,0.15684819221496582,1.430511474609375e-06,0.0013828277587890625,0.0,1000,[0],phase_b_disabled,
Basketball_temporal/finer1986,Basketball_finer,A0,712779aad638f619,1787630201.0210822,complete,283,4862,0.060922737638774024,524503.6000000001,4273,457120.5,4273,457120.5,0.871529766430583,0,0,0,0.0,0.4770497285433312,0.1559447149321494,250214.30000000002,0.0,0.20429515838623047,0.1668989658355713,1.430511474609375e-06,0.00037932395935058594,0.0,4260,[0],phase_b_disabled,
Basketball_temporal/finer1987,Basketball_finer,A0,712779aad638f619,1787630201.2261283,complete,290,5088,0.060708745973034245,567536.0,4511,501812.4,4511,501812.4,0.8841948352175016,0,0,0,0.0,0.47910881424262075,0.16070470481626548,271911.5,0.0,0.21410036087036133,0.1751706600189209,2.1457672119140625e-06,0.00037980079650878906,0.0,4503,[0],phase_b_disabled,
Basketball_temporal/finer1989,Basketball_finer,A0,712779aad638f619,1787630201.4410124,complete,293,5318,0.06215811865912385,611441.3999999999,4712,538340.8999999999,4712,538340.8999999999,0.8804456158840406,0,0,0,0.0,0.4786520834212404,0.15183100921359982,292667.69999999995,0.0,0.22580599784851074,0.1846480369567871,1.9073486328125e-06,0.000400543212890625,0.0,4702,[0],phase_b_disabled,
Basketball_temporal/finer1990,Basketball_finer,A0,712779aad638f619,1787630201.6675663,complete,292,5350,0.06296191686673257,606265.0,4753,537621.1000000001,4753,537621.1000000001,0.8867757498783537,0,0,0,0.0,0.47885248200044533,0.15724782926780806,290311.5,0.0,0.22576570510864258,0.1843888759613037,2.384185791015625e-06,0.0004012584686279297,0.0,4746,[0],phase_b_disabled,
Basketball_temporal/finer1992,Basketball_finer,A0,712779aad638f619,1787630201.8941429,complete,298,5444,0.061509954127403794,608058.4,4798,533098.6,4798,533098.6,0.8767226963725852,0,0,0,0.0,0.47682377219030275,0.15089355062015639,289936.7,0.0,0.2361311912536621,0.19443631172180176,2.1457672119140625e-06,0.00041222572326660156,0.0,4789,[0],phase_b_disabled,
Basketball_temporal/finer1993,Basketball_finer,A0,712779aad638f619,1787630202.1311023,complete,298,5160,0.058301132126635485,585396.4,4544,511909.7,4544,511909.7,0.8744667715756366,0,0,0,0.0,0.4777193710108227,0.15792640000294514,279655.19999999995,0.0,0.22008728981018066,0.18023347854614258,1.9073486328125e-06,0.0003962516784667969,0.0,4529,[0],phase_b_disabled,
Basketball_temporal/finer1995,Basketball_finer,A0,712779aad638f619,1787630202.3519611,complete,302,5336,0.05870057864513432,602136.4,4700,528277.3,4700,528277.3,0.877338257577519,0,0,0,0.0,0.47762716221773005,0.1624397712036988,287596.7,0.0,0.2209486961364746,0.17893743515014648,1.6689300537109375e-06,0.0004248619079589844,0.0,4692,[0],phase_b_disabled,
Basketball_temporal/finer1996,Basketball_finer,A0,712779aad638f619,1787630202.5736785,complete,305,5498,0.059296807592752375,594157.3999999999,4886,525969.4,4886,525969.4,0.8852357977869165,0,0,0,0.0,0.47798142377760505,0.15583836612505597,283996.19999999995,0.0,0.23849844932556152,0.19585108757019043,1.9073486328125e-06,0.0004069805145263672,0.0,4878,[0],phase_b_disabled,
Basketball_temporal/finer1998,Basketball_finer,A0,712779aad638f619,1787630202.8129666,complete,306,5684,0.06090217507768134,591892.3999999999,5018,519368.1,5018,519368.1,0.8774704659157645,0,0,0,0.0,0.4766857962697275,0.14934326559873976,282146.7,0.0,0.2558326721191406,0.21185588836669922,1.9073486328125e-06,0.0004315376281738281,0.0,5012,[0],phase_b_disabled,
Basketball_temporal/finer1999,Basketball_finer,A0,712779aad638f619,1787630203.069606,complete,310,5788,0.06042384382503393,589693.4,5113,519307.00000000006,5113,519307.00000000006,0.8806389896851483,0,0,0,0.0,0.4772042556352165,0.1495559766140532,281404.2,0.0,0.26068878173828125,0.21661043167114258,1.6689300537109375e-06,0.00042891502380371094,0.0,5105,[0],phase_b_disabled,
Basketball_temporal/finer2001,Basketball_finer,A0,712779aad638f619,1787630203.331143,complete,318,6116,0.06067099180604329,634858.4,5419,560288.6000000001,5419,560288.6000000001,0.8825410516738852,0,0,0,0.0,0.4780557365232939,0.15014117302316052,303497.69999999995,0.0,0.2758049964904785,0.22885966300964355,2.1457672119140625e-06,0.00044918060302734375,0.0,5410,[0],phase_b_disabled,
Basketball_temporal/finer2002,Basketball_finer,A0,712779aad638f619,1787630203.6078362,complete,321,6192,0.0602803738317757,645798.0,5488,567642.1000000001,5488,567642.1000000001,0.8789777918172557,0,0,0,0.0,0.47803725003793757,0.16495328733527395,308715.5,0.0,0.2732846736907959,0.22615265846252441,2.1457672119140625e-06,0.0004477500915527344,0.0,5478,[0],phase_b_disabled,
Basketball_temporal/finer2004,Basketball_finer,A0,712779aad638f619,1787630203.8820145,complete,326,6316,0.05961302501179802,631535.2,5617,560232.5,5617,560232.5,0.8870962378660763,0,0,0,0.0,0.4792529379201666,0.15450953425461633,302665.1,0.0,0.2951986789703369,0.24736523628234863,2.1457672119140625e-06,0.00045561790466308594,0.0,5612,[0],phase_b_disabled,
Basketball_temporal/finer2005,Basketball_finer,A0,712779aad638f619,1787630204.1780958,complete,330,6476,0.059648153265174544,642948.0,5712,564983.8,5712,564983.8,0.8787394937071117,0,0,0,0.0,0.47841427300497086,0.16851531978868556,307595.5,0.0,0.3165435791015625,0.26711344718933105,2.1457672119140625e-06,0.0004906654357910156,0.0,5704,[0],phase_b_disabled,
Basketball_temporal/finer2007,Basketball_finer,A0,712779aad638f619,1787630204.4954689,complete,336,7186,0.06384150675195452,694880.5999999999,6357,612872.7,6357,612872.7,0.8819827463883725,0,0,0,0.0,0.47786957932053364,0.15871229280850918,332062.29999999993,0.0,0.35489773750305176,0.29969286918640137,2.1457672119140625e-06,0.0005311965942382812,0.0,6354,[0],phase_b_disabled,
Basketball_temporal/finer2008,Basketball_finer,A0,712779aad638f619,1787630204.8512352,complete,342,7386,0.06333281885064568,712069.6,6576,630912.2999999999,6576,630912.2999999999,0.8860261693519846,0,0,0,0.0,0.4769860979881741,0.14794498970499798,339647.29999999993,0.0,0.3583812713623047,0.30309224128723145,1.9073486328125e-06,0.0005030632019042969,0.0,6570,[0],phase_b_disabled,
Basketball_temporal/finer2010,Basketball_finer,A0,712779aad638f619,1787630205.210499,complete,347,7538,0.0627842281487898,722803.5999999999,6750,644712.7,6750,644712.7,0.8919611081073754,0,0,0,0.0,0.47671635835792747,0.15170212904140035,344572.3,0.0,0.35073256492614746,0.29460740089416504,1.6689300537109375e-06,0.0004982948303222656,0.0,6742,[0],phase_b_disabled,
Basketball_temporal/finer2011,Basketball_finer,A0,712779aad638f619,1787630205.570171,complete,345,7504,0.0632288506909336,718937.2,6724,641503.7,6724,641503.7,0.8922944869176334,0,0,0,0.0,0.4783485956770633,0.1564430992620675,343902.6,0.0,0.3612239360809326,0.3046090602874756,2.384185791015625e-06,0.0005125999450683594,0.0,6716,[0],phase_b_disabled,
Basketball_temporal/finer2012,Basketball_finer,A0,712779aad638f619,1787630205.9323213,complete,345,7580,0.06386922817660937,709133.5999999999,6744,629334.9,6744,629334.9,0.8874701466691187,0,0,0,0.0,0.4764550713716006,0.15850561348368847,337870.3,0.0,0.38749074935913086,0.33054232597351074,2.1457672119140625e-06,0.0005280971527099609,0.0,6737,[0],phase_b_disabled,
Basketball_temporal/finer2013,Basketball_finer,A0,712779aad638f619,1787630206.320756,complete,347,7616,0.06343389248888075,712608.0,6746,627886.8999999999,6746,627886.8999999999,0.8811112140194889,0,0,0,0.0,0.47645128878710313,0.16125040900689874,339523.0,0.0,0.38671016693115234,0.33000993728637695,1.6689300537109375e-06,0.0005514621734619141,0.0,6735,[0],phase_b_disabled,
Basketball_temporal/finer2014,Basketball_finer,A0,712779aad638f619,1787630206.7084196,complete,351,7650,0.06227106227106227,754719.3999999999,6857,675167.2999999999,6857,675167.2999999999,0.894593805326854,0,0,0,0.0,0.47920087916118226,0.1610102308852385,361662.19999999995,0.0,0.38123440742492676,0.3241426944732666,1.6689300537109375e-06,0.0004968643188476562,0.0,6850,[0],phase_b_disabled,
Football_data_England_Premier_League/England_2012_2013,Football_coarse,A0,712779aad638f619,1787630207.0906532,complete,20,216,0.5684210526315789,475.0,114,187.0,114,187.0,0.3936842105263158,0,0,0,0.0,0.2231578947368421,0.547320393753414,106.0,0.0,0.0036857128143310547,0.0010905265808105469,9.5367431640625e-07,7.081031799316406e-05,0.0,55,[0],phase_b_disabled,
Football_data_England_Premier_League/England_2013_2014,Football_coarse,A0,712779aad638f619,1787630207.0997286,complete,20,222,0.5842105263157895,576.0,99,174.0,99,174.0,0.3020833333333333,0,0,0,0.0,0.17881944444444445,0.39833534213878674,103.0,0.0,0.0033369064331054688,0.0008826255798339844,9.5367431640625e-07,7.605552673339844e-05,0.0,48,[0],phase_b_disabled,
Football_data_England_Premier_League/England_2014_2015,Football_coarse,A0,712779aad638f619,1787630207.1038337,complete,20,107,0.28157894736842104,181.0,42,55.0,42,55.0,0.30386740331491713,0,0,0,0.0,0.15469613259668508,0.6157917721020821,28.0,0.0,0.0019910335540771484,0.0003142356872558594,7.152557373046875e-07,6.604194641113281e-05,0.0,15,[0],phase_b_disabled,
Football_data_England_Premier_League/finerEngland_2012_2013,Football_finer,A0,712779aad638f619,1787630207.1066618,complete,20,380,1.0,1139.0,284,747.7999999999998,284,747.7999999999998,0.6565408252853379,0,0,0,0.0,0.4038630377524143,0.23496362271640997,459.9999999999999,0.0,0.008722543716430664,0.00510406494140625,7.152557373046875e-07,6.818771362304688e-05,0.0,271,[0],phase_b_disabled,
Football_data_England_Premier_League/finerEngland_2013_2014,Football_finer,A0,712779aad638f619,1787630207.1162932,complete,20,380,1.0,1127.9999999999998,273,672.5999999999999,273,672.5999999999999,0.5962765957446808,0,0,0,0.0,0.36170212765957444,0.2807919057439403,407.9999999999999,0.0,0.008304834365844727,0.004560232162475586,9.5367431640625e-07,7.152557373046875e-05,0.0,258,[0],phase_b_disabled,
Football_data_England_Premier_League/finerEngland_2014_2015,Football_finer,A0,712779aad638f619,1787630207.1255333,complete,20,300,0.7894736842105263,422.9999999999999,224,264.4,224,264.4,0.6250591016548465,0,0,0,0.0,0.36879432624113473,0.34488362161654723,155.99999999999994,0.0,0.0065381526947021484,0.003340005874633789,4.76837158203125e-07,5.6743621826171875e-05,0.0,187,[0],phase_b_disabled,
Basketball_temporal/1985,Basketball_coarse,A1,712779aad638f619,1787630207.1329515,complete,282,2904,0.03664723252820474,40493.0,1074,4780.0,762,4780.0,0.11804509421381473,312,0,0,0.0,0.11804509421381473,0.45794183965857993,4780.0,0.015370636783523888,0.196244478225708,0.08244919776916504,0.004442691802978516,0.0010693073272705078,0.0,758,"[305, 7, 0]",no_change,
Basketball_temporal/1988,Basketball_coarse,A1,712779aad638f619,1787630207.330204,complete,290,3099,0.03697649445173607,47701.0,1155,5783.0,803,5783.0,0.12123435567388524,352,0,0,0.0,0.12123435567388524,0.4869309210884603,5783.0,0.01885216561269538,0.1990489959716797,0.08340311050415039,0.00478363037109375,0.0011458396911621094,0.0,821,"[344, 7, 1]",max_passes,
Basketball_temporal/1991,Basketball_coarse,A1,712779aad638f619,1787630207.5302951,complete,295,3218,0.03710365502133057,52133.0,1160,6139.0,810,6139.0,0.11775650739454856,350,0,0,0.0,0.11775650739454856,0.4590799850273461,6139.0,0.012729159460394327,0.2994077205657959,0.13350820541381836,0.005103349685668945,0.0012001991271972656,0.0,875,"[345, 5, 0]",no_change,
Basketball_temporal/1994,Basketball_coarse,A1,712779aad638f619,1787630207.830708,complete,301,3144,0.03481727574750831,51068.0,1099,6171.0,786,6171.0,0.12083888149134488,313,0,0,0.0,0.12083888149134488,0.4685511790337731,6171.0,0.010143964562569214,0.2359461784362793,0.10164022445678711,0.005074739456176758,0.0012104511260986328,0.0,849,"[311, 2, 0]",no_change,
Basketball_temporal/1997,Basketball_coarse,A1,712779aad638f619,1787630208.067654,complete,305,3333,0.035946937014667814,52037.0,1232,6921.0,847,6921.0,0.13300151815054673,385,0,0,0.0,0.13300151815054673,0.4841280674034276,6921.0,0.019240724762726487,0.31073999404907227,0.1376204490661621,0.00518798828125,0.0012400150299072266,0.0,948,"[370, 13, 2]",max_passes,
Basketball_temporal/2000,Basketball_coarse,A1,712779aad638f619,1787630208.379416,complete,318,3475,0.03447215443525187,55092.0,1189,6382.0,811,6382.0,0.11584259057576418,378,0,0,0.0,0.11584259057576418,0.5053965645111415,6382.0,0.014443584707259488,0.3010709285736084,0.13198637962341309,0.005551338195800781,0.0013420581817626953,0.0,888,"[369, 7, 2]",max_passes,
Basketball_temporal/2003,Basketball_coarse,A1,712779aad638f619,1787630208.6815464,complete,327,3560,0.03339524586780736,54489.0,1297,6978.0,862,6978.0,0.1280625447337995,435,0,0,0.0,0.1280625447337995,0.5120650169235849,6978.0,0.01956811316860847,0.27779197692871094,0.12146472930908203,0.005658864974975586,0.0013844966888427734,0.0,919,"[425, 9, 1]",max_passes,
Basketball_temporal/2006,Basketball_coarse,A1,712779aad638f619,1787630208.9603755,complete,334,3695,0.03322184459909011,55402.0,1312,7429.0,873,7429.0,0.1340926320349446,439,0,0,0.0,0.1340926320349446,0.5145442320726015,7429.0,0.01945658233083383,0.3296644687652588,0.14602422714233398,0.005982875823974609,0.0014653205871582031,0.0,942,"[431, 7, 1]",max_passes,
Basketball_temporal/2009,Basketball_coarse,A1,712779aad638f619,1787630209.291099,complete,347,4155,0.034607119654844996,61946.0,1424,7556.0,977,7556.0,0.12197720595357246,447,0,0,0.0,0.12197720595357246,0.4829944798618516,7556.0,0.022421748763139043,0.418881893157959,0.18794584274291992,0.0066492557525634766,0.001596689224243164,0.0,1039,"[430, 16, 1]",max_passes,
Basketball_temporal/2012,Basketball_coarse,A1,712779aad638f619,1787630209.711053,complete,345,4126,0.034765756656555444,61534.0,1389,7278.0,925,7278.0,0.11827607501543862,464,0,0,0.0,0.11808106087691357,0.47780483405192264,7266.0,0.01098752949106842,0.3492298126220703,0.15593767166137695,0.006695270538330078,0.0016489028930664062,0.0,969,"[455, 7, 2]",max_passes,
Basketball_temporal/2014,Basketball_coarse,A1,712779aad638f619,1787630210.0613952,complete,351,4196,0.03415547415547415,60897.0,1471,7648.0,979,7648.0,0.12558910947994154,492,0,0,0.0,0.12558910947994154,0.4955068737382105,7648.0,0.012942612942612943,0.38808226585388184,0.1730940341949463,0.006926059722900391,0.0016796588897705078,0.0,1019,"[483, 9, 0]",no_change,
Basketball_temporal/1993,Basketball_coarse,A1,712779aad638f619,1787630210.4506347,complete,298,3088,0.03489028992384697,48535.0,1095,6007.0,790,6007.0,0.12376635417739776,305,0,0,0.0,0.12376635417739776,0.48152638155633837,6007.0,0.019411113370844914,0.23693084716796875,0.1020503044128418,0.004895687103271484,0.0011723041534423828,0.0,795,"[299, 6, 0]",no_change,
Basketball_temporal/finer1985,Basketball_finer,A1,712779aad638f619,1787630210.696891,complete,282,4814,0.06075061204916585,518633.4,4254,249046.7,2407,249046.7,0.4801979587122619,1847,0,0,0.0,0.4801979587122619,0.16461180075190315,249046.7,0.05449130511597385,0.3716011047363281,0.1650838851928711,0.004112958908081055,0.001207113265991211,0.0,4244,"[1847, 0]",no_change,
Basketball_temporal/finer1988,Basketball_finer,A1,712779aad638f619,1787630211.0696058,complete,290,5170,0.06168714950483236,584038.0,4564,279324.5,2585,279324.5,0.4782642567778124,1979,0,0,0.0,0.4782642567778124,0.16392431426369763,279324.5,0.050017897625581675,0.3963029384613037,0.17534518241882324,0.0045473575592041016,0.0013270378112792969,0.0,4554,"[1979, 0]",no_change,
Basketball_temporal/finer1991,Basketball_finer,A1,712779aad638f619,1787630211.4670014,complete,295,5420,0.062492793727660555,630782.6,4751,301236.3,2710,301236.3,0.47755962196801244,2041,0,0,0.0,0.47755962196801244,0.16742932942184155,301236.3,0.05693531649948115,0.44822168350219727,0.20139288902282715,0.004744529724121094,0.001344919204711914,0.0,4743,"[2041, 0]",no_change,
Basketball_temporal/finer1994,Basketball_finer,A1,712779aad638f619,1787630211.9163723,complete,301,5252,0.058161683277962346,608682.0,4644,291029.0,2626,291029.0,0.47812979519683513,2018,0,0,0.0,0.47812979519683513,0.16609559542156405,291029.0,0.07572535991140643,0.41785264015197754,0.18499755859375,0.004549503326416016,0.0013308525085449219,0.0,4634,"[2018, 0]",no_change,
Basketball_temporal/finer1997,Basketball_finer,A1,712779aad638f619,1787630212.3353343,complete,305,5628,0.06069887834339948,582710.0,4983,278774.5,2814,278774.5,0.47841035849736574,2169,0,0,0.0,0.47841035849736574,0.16623644036943286,278774.5,0.05597497842968076,0.4553518295288086,0.20090818405151367,0.004885435104370117,0.0014653205871582031,0.0,4975,"[2169, 0]",no_change,
Basketball_temporal/finer2000,Basketball_finer,A1,712779aad638f619,1787630212.7918305,complete,318,6274,0.06223835882784755,634382.8,5565,302629.9,3137,302629.9,0.4770461935601028,2428,0,0,0.0,0.4770461935601028,0.1658962276484227,302629.9,0.05297303731920719,0.5809364318847656,0.2629542350769043,0.005290985107421875,0.0015490055084228516,0.0,5563,"[2428, 0]",no_change,
Basketball_temporal/finer2003,Basketball_finer,A1,712779aad638f619,1787630213.374026,complete,327,6356,0.05962364683589426,645095.2,5635,308601.6,3178,308601.6,0.4783814853993643,2457,0,0,0.0,0.4783814853993643,0.16127509023381226,308601.6,0.03367666647905292,0.5770905017852783,0.25981974601745605,0.005609273910522461,0.0016574859619140625,0.0,5628,"[2457, 0]",no_change,
Basketball_temporal/finer2006,Basketball_finer,A1,712779aad638f619,1787630213.952338,complete,334,6680,0.06006006006006006,653869.4,5926,312900.7,3340,312900.7,0.4785369983669522,2586,0,0,0.0,0.4785369983669522,0.15287173218768743,312900.7,0.05135674596752441,0.6087832450866699,0.27525949478149414,0.0058400630950927734,0.001684427261352539,0.0,5915,"[2586, 0]",no_change,
Basketball_temporal/finer2009,Basketball_finer,A1,712779aad638f619,1787630214.5622945,complete,347,7478,0.06228448634871983,714987.7999999999,6668,341709.89999999997,3739,341709.89999999997,0.4779240988447635,2929,0,0,0.0,0.4779240988447635,0.16624421574579704,341709.89999999997,0.04985757358698006,0.6662735939025879,0.30232977867126465,0.006426811218261719,0.0019512176513671875,0.0,6663,"[2929, 0]",no_change,
Basketball_temporal/finer2012,Basketball_finer,A1,712779aad638f619,1787630215.229772,complete,345,7580,0.06386922817660937,709133.5999999999,6744,337870.3,3790,337870.3,0.4764550713716006,2954,0,0,0.0,0.4764550713716006,0.1588574049943162,337870.3,0.053842264914054604,0.7098081111907959,0.32400059700012207,0.00649261474609375,0.00188446044921875,0.0,6737,"[2954, 0]",no_change,
Football_data_England_Premier_League/England_2009_2010,Football_coarse,A1,712779aad638f619,1787630215.9489121,complete,20,215,0.5657894736842105,559.0,100,86.0,58,86.0,0.15384615384615385,42,0,0,0.0,0.15384615384615385,0.4166048353372061,86.0,0.0,0.004563093185424805,0.0008661746978759766,0.0002338886260986328,8.463859558105469e-05,0.0,45,"[42, 0]",no_change,
Football_data_England_Premier_League/England_2010_2011,Football_coarse,A1,712779aad638f619,1787630215.954542,complete,20,219,0.5763157894736842,485.0,125,122.0,74,122.0,0.2515463917525773,51,0,0,0.0,0.2515463917525773,0.62088994190807,122.0,0.02631578947368421,0.004988670349121094,0.001154184341430664,0.00033020973205566406,7.724761962890625e-05,0.0,65,"[46, 4, 1]",max_passes,
Football_data_England_Premier_League/England_2011_2012,Football_coarse,A1,712779aad638f619,1787630215.9605331,complete,20,226,0.5947368421052631,548.0,110,113.0,73,113.0,0.2062043795620438,37,0,0,0.0,0.2062043795620438,0.5001531258263577,113.0,0.0,0.005217552185058594,0.0012235641479492188,0.0002486705780029297,8.392333984375e-05,0.0,59,"[37, 0]",no_change,
Football_data_England_Premier_League/finerEngland_2009_2010,Football_finer,A1,712779aad638f619,1787630215.966893,complete,20,380,1.0,1129.0,282,400.9999999999999,190,400.9999999999999,0.35518157661647465,92,0,0,0.0,0.35518157661647465,0.20377455015345627,400.9999999999999,0.0,0.013449907302856445,0.004742860794067383,0.0003399848937988281,9.989738464355469e-05,0.0,268,"[92, 0]",no_change,
Football_data_England_Premier_League/finerEngland_2010_2011,Football_finer,A1,712779aad638f619,1787630215.981407,complete,20,380,1.0,1139.0,298,465.9999999999999,190,465.9999999999999,0.40913081650570665,108,0,0,0.0,0.40913081650570665,0.2561041397723342,465.9999999999999,0.0,0.014797687530517578,0.005491733551025391,0.00033974647521972656,0.00011801719665527344,0.0,281,"[108, 0]",no_change,
Football_data_England_Premier_League/finerEngland_2011_2012,Football_finer,A1,712779aad638f619,1787630215.9973845,complete,20,380,1.0,1142.0,292,431.9999999999999,190,431.9999999999999,0.37828371278458833,102,0,0,0.0,0.37828371278458833,0.24508301398983168,431.9999999999999,0.0,0.014762163162231445,0.005414485931396484,0.00033855438232421875,0.00010085105895996094,0.0,273,"[102, 0]",no_change,
FacultyHiringNetworks/Business/Business_FM_Full_,Faculty,A1,712779aad638f619,1787630216.013316,complete,113,1787,0.14119785082174463,3255.0,308,199.0,159,199.0,0.061136712749615976,149,0,0,0.0,0.061136712749615976,0.4874870590934423,199.0,0.033343868520859674,0.02526688575744629,0.0032706260681152344,0.0029370784759521484,0.0008025169372558594,0.0,68,"[142, 7, 0]",no_change,
FacultyHiringNetworks/History/History_FM_Full_,Faculty,A1,712779aad638f619,1787630216.0398004,complete,145,1204,0.057662835249042144,1776.0,144,77.0,69,77.0,0.04335585585585586,75,0,0,0.0,0.04335585585585586,0.5202925724461757,77.0,0.011206896551724138,0.01652073860168457,0.001115560531616211,0.002037525177001953,0.0005695819854736328,0.0,26,"[73, 2, 0]",no_change,
FacultyHiringNetworks/ComputerScience/ComputerScience_FM_Full_,Faculty,A1,712779aad638f619,1787630216.0575244,complete,206,1407,0.033317546767700684,1957.0,176,99.0,84,99.0,0.05058763413387839,92,0,0,0.0,0.05058763413387839,0.5621516532688475,99.0,0.006109400899834241,0.020502567291259766,0.0018832683563232422,0.002384662628173828,0.0006606578826904297,0.0,27,"[88, 3, 1]",max_passes,
Dryad_animal_society,Animal,A1,712779aad638f619,1787630216.079268,complete,21,193,0.4595238095238095,939.0,60,84.0,42,84.0,0.08945686900958466,18,0,0,0.0,0.08945686900958466,0.4437286976166951,84.0,0.004761904761904762,0.0041811466217041016,0.0007162094116210938,0.0003266334533691406,8.225440979003906e-05,0.0,37,"[17, 1, 0]",no_change,
Halo2BetaData,Halo,A1,712779aad638f619,1787630216.0846884,complete,602,5010,0.013847352972067595,23953.0,1952,4174.0,1209,4174.0,0.17425792176345342,743,0,0,0.0,0.17425791919231415,0.6902244966765895,4174.0,0.015555469566226832,0.21373724937438965,0.08449029922485352,0.00791621208190918,0.001965045928955078,0.0,690,"[725, 13, 5]",max_passes,
Basketball_temporal/1985,Basketball_coarse,A2,712779aad638f619,1787630216.2996604,complete,282,2904,0.03664723252820474,40493.0,1074,4031.0,690,4031.0,0.09954807003679648,384,0,0,0.0,0.09954807003679648,0.46287807766192984,4031.0,0.09373816915272204,0.23147010803222656,0.0825357437133789,0.040111541748046875,0.0011959075927734375,0.0,758,[384],exhausted,
Basketball_temporal/1988,Basketball_coarse,A2,712779aad638f619,1787630216.532442,complete,290,3099,0.03697649445173607,47701.0,1155,4857.0,730,4857.0,0.1018217647428775,425,0,0,0.0,0.1018217647428775,0.47731721189228,4857.0,0.12735950363918386,0.24891376495361328,0.08431363105773926,0.05185890197753906,0.0012271404266357422,0.0,821,[425],exhausted,
Basketball_temporal/1991,Basketball_coarse,A2,712779aad638f619,1787630216.7826774,complete,295,3218,0.03710365502133057,52133.0,1160,5308.0,749,5308.0,0.10181650777818273,411,0,0,0.0,0.10181650777818273,0.4577467651395487,5308.0,0.09678312002767209,0.34908556938171387,0.13597440719604492,0.048023223876953125,0.0013380050659179688,0.0,875,[411],exhausted,
Basketball_temporal/1994,Basketball_coarse,A2,712779aad638f619,1787630217.1330814,complete,301,3144,0.03481727574750831,51068.0,1099,5093.0,705,5093.0,0.0997297720686144,394,0,0,0.0,0.0997297720686144,0.4650117971288989,5093.0,0.11362126245847176,0.28629469871520996,0.10355305671691895,0.05325484275817871,0.0012423992156982422,0.0,849,[394],exhausted,
Basketball_temporal/1997,Basketball_coarse,A2,712779aad638f619,1787630217.4206781,complete,305,3333,0.035946937014667814,52037.0,1232,5857.0,787,5857.0,0.11255452850856122,445,0,0,0.0,0.11255452850856122,0.5118884859958043,5857.0,0.12965918895599654,0.3663942813873291,0.13890576362609863,0.05766034126281738,0.0013613700866699219,0.0,948,[445],exhausted,
Basketball_temporal/2000,Basketball_coarse,A2,712779aad638f619,1787630217.7884157,complete,318,3475,0.03447215443525187,55092.0,1189,5183.0,742,5183.0,0.09407899513540986,447,0,0,0.0,0.09407899513540986,0.5192976220189989,5183.0,0.09953772592901217,0.390744686126709,0.13935399055480957,0.07037973403930664,0.002862691879272461,0.0,888,[447],exhausted,
Basketball_temporal/2003,Basketball_coarse,A2,712779aad638f619,1787630218.1805334,complete,327,3560,0.03339524586780736,54489.0,1297,5833.0,785,5833.0,0.10704912918203674,512,0,0,0.0,0.10704912918203674,0.5062924422416042,5833.0,0.10759648036622202,0.3624603748321533,0.1274726390838623,0.08078813552856445,0.0014789104461669922,0.0,919,[512],exhausted,
Basketball_temporal/2006,Basketball_coarse,A2,712779aad638f619,1787630218.5443451,complete,334,3695,0.03322184459909011,55402.0,1312,6106.0,798,6106.0,0.11021262770297101,514,0,0,0.0,0.11021262770297101,0.5244518797758679,6106.0,0.12378845911780044,0.41161084175109863,0.14830374717712402,0.08330988883972168,0.0015304088592529297,0.0,942,[514],exhausted,
Basketball_temporal/2009,Basketball_coarse,A2,712779aad638f619,1787630218.9572783,complete,347,4155,0.034607119654844996,61946.0,1424,6309.0,902,6309.0,0.10184676976721661,522,0,0,0.0,0.10184676976721661,0.484777546401147,6309.0,0.10189735303426563,0.5037810802459717,0.19103360176086426,0.08876323699951172,0.0016973018646240234,0.0,1039,[522],exhausted,
Basketball_temporal/2012,Basketball_coarse,A2,712779aad638f619,1787630219.4624221,complete,345,4126,0.034765756656555444,61534.0,1389,5988.0,827,5988.0,0.09731205512399649,562,0,0,0.0,0.09731205512399649,0.49822388711455895,5988.0,0.10107853050219076,0.4325292110443115,0.15175366401672363,0.09403276443481445,0.0016622543334960938,0.0,969,[562],exhausted,
Basketball_temporal/2014,Basketball_coarse,A2,712779aad638f619,1787630219.8963408,complete,351,4196,0.03415547415547415,60897.0,1471,6400.0,874,6400.0,0.10509548910455359,597,0,0,0.0,0.10509548910455359,0.5102001039406111,6400.0,0.09507529507529508,0.495272159576416,0.1786665916442871,0.10760807991027832,0.001775979995727539,0.0,1019,[597],exhausted,
Basketball_temporal/1993,Basketball_coarse,A2,712779aad638f619,1787630220.393012,complete,298,3088,0.03489028992384697,48535.0,1095,5035.0,710,5035.0,0.10373956938291955,385,0,0,0.0,0.10373956938291955,0.49449650937971307,5035.0,0.09276207262784444,0.2861497402191162,0.10375666618347168,0.05182313919067383,0.0012094974517822266,0.0,795,[385],exhausted,
Basketball_temporal/finer1985,Basketball_finer,A2,712779aad638f619,1787630220.6805668,complete,282,4814,0.06075061204916585,518633.4,4254,245469.7,2407,245469.7,0.4733009867856563,1847,0,0,0.0,0.4733009867856563,0.15586978403366397,245469.7,0.2374750763484011,0.48259425163269043,0.1661818027496338,0.11295485496520996,0.001232147216796875,0.0,4244,[1847],exhausted,
Basketball_temporal/finer1988,Basketball_finer,A2,712779aad638f619,1787630221.164569,complete,290,5170,0.06168714950483236,584038.0,4564,275802.5,2585,275802.5,0.4722338272509665,1979,0,0,0.0,0.4722338272509665,0.14449769790454048,275802.5,0.23772819472616633,0.5182962417602539,0.17572498321533203,0.12597036361694336,0.0013613700866699219,0.0,4554,[1979],exhausted,
Basketball_temporal/finer1991,Basketball_finer,A2,712779aad638f619,1787630221.6842735,complete,295,5420,0.062492793727660555,630782.6,4751,297366.3,2710,297366.3,0.47142438615142523,2041,0,0,0.0,0.47142438615142523,0.13622431434504015,297366.3,0.19647180906260808,0.5922360420227051,0.20417451858520508,0.14072823524475098,0.0014600753784179688,0.0,4743,[2041],exhausted,
Basketball_temporal/finer1994,Basketball_finer,A2,712779aad638f619,1787630222.2779467,complete,301,5252,0.058161683277962346,608682.0,4644,287064.0,2626,287064.0,0.47161572052401746,2018,0,0,0.0,0.47161572052401746,0.14357569367623405,287064.0,0.21794019933554817,0.5680575370788574,0.19562554359436035,0.13831543922424316,0.0013394355773925781,0.0,4634,[2018],exhausted,
Basketball_temporal/finer1997,Basketball_finer,A2,712779aad638f619,1787630222.8476007,complete,305,5628,0.06069887834339948,582710.0,4983,274410.5,2814,274410.5,0.47092121295327005,2169,0,0,0.0,0.47092121295327005,0.14324740812947453,274410.5,0.23352027610008627,0.6130414009094238,0.20499372482299805,0.1551380157470703,0.0014503002166748047,0.0,4975,[2169],exhausted,
Basketball_temporal/finer2000,Basketball_finer,A2,712779aad638f619,1787630223.4621277,complete,318,6274,0.06223835882784755,634382.8,5565,298067.9,3137,298067.9,0.46985495193123145,2428,0,0,0.0,0.46985495193123145,0.1377943847595876,298067.9,0.1936987877705692,0.7920677661895752,0.2713003158569336,0.20028400421142578,0.0016846656799316406,0.0,5563,[2428],exhausted,
Basketball_temporal/finer2003,Basketball_finer,A2,712779aad638f619,1787630224.2556994,complete,327,6356,0.05962364683589426,645095.2,5635,304576.6,3178,304576.6,0.47214209623633846,2457,0,0,0.0,0.47214209623633846,0.1356623729290675,304576.6,0.24136507757828182,0.8265557289123535,0.2665438652038574,0.2370898723602295,0.0016529560089111328,0.0,5628,[2457],exhausted,
Basketball_temporal/finer2006,Basketball_finer,A2,712779aad638f619,1787630225.0838914,complete,334,6680,0.06006006006006006,653869.4,5926,308180.7,3340,308180.7,0.47131843147882435,2586,0,0,0.0,0.47131843147882435,0.13862773969469852,308180.7,0.22072971174767583,0.8379673957824707,0.28009676933288574,0.22971200942993164,0.0016798973083496094,0.0,5915,[2586],exhausted,
Basketball_temporal/finer2009,Basketball_finer,A2,712779aad638f619,1787630225.9233506,complete,347,7478,0.06228448634871983,714987.7999999999,6668,336829.9,3739,336829.9,0.4710988075600731,2929,0,0,0.0,0.4710988075600731,0.13770851824912297,336829.9,0.20187902916826306,0.9602088928222656,0.3028085231781006,0.29979491233825684,0.0019371509552001953,0.0,6663,[2929],exhausted,
Basketball_temporal/finer2012,Basketball_finer,A2,712779aad638f619,1787630226.8849833,complete,345,7580,0.06386922817660937,709133.5999999999,6744,333077.3,3790,333077.3,0.46969611932081634,2954,0,0,0.0,0.46969611932081634,0.1517753052288183,333077.3,0.19191102123356926,0.995891809463501,0.32709312438964844,0.2816917896270752,0.0019991397857666016,0.0,6737,[2954],exhausted,
Football_data_England_Premier_League/England_2009_2010,Football_coarse,A2,712779aad638f619,1787630227.8823638,complete,20,215,0.5657894736842105,559.0,100,76.0,56,76.0,0.13595706618962433,44,0,0,0.0,0.13595706618962433,0.4290569441685285,76.0,0.031578947368421054,0.00487971305847168,0.0008530616760253906,0.0005350112915039062,8.893013000488281e-05,0.0,45,[44],exhausted,
Football_data_England_Premier_League/England_2010_2011,Football_coarse,A2,712779aad638f619,1787630227.8919132,complete,20,219,0.5763157894736842,485.0,125,114.0,74,114.0,0.23505154639175257,51,0,0,0.0,0.23505154639175257,0.5653113535932368,114.0,0.09473684210526316,0.005529880523681641,0.001224517822265625,0.0005693435668945312,8.320808410644531e-05,0.0,65,[51],exhausted,
Football_data_England_Premier_League/England_2011_2012,Football_coarse,A2,712779aad638f619,1787630227.8989224,complete,20,226,0.5947368421052631,548.0,110,99.0,70,99.0,0.18065693430656934,40,0,0,0.0,0.18065693430656934,0.5105298240287788,99.0,0.06842105263157895,0.005385875701904297,0.0011434555053710938,0.0005130767822265625,8.678436279296875e-05,0.0,59,[40],exhausted,
Football_data_England_Premier_League/finerEngland_2009_2010,Football_finer,A2,712779aad638f619,1787630227.9056144,complete,20,380,1.0,1129.0,282,373.9999999999999,190,373.9999999999999,0.3312666076173604,92,0,0,0.0,0.3312666076173604,0.1950516871194314,373.9999999999999,0.08421052631578947,0.014591455459594727,0.004743337631225586,0.0008945465087890625,0.00010728836059570312,0.0,268,[92],exhausted,
Football_data_England_Premier_League/finerEngland_2010_2011,Football_finer,A2,712779aad638f619,1787630227.921659,complete,20,380,1.0,1139.0,298,457.9999999999999,190,457.9999999999999,0.40210711150131684,108,0,0,0.0,0.40210711150131684,0.26384379825734927,457.9999999999999,0.11578947368421053,0.015794038772583008,0.0053975582122802734,0.0010571479797363281,0.0001163482666015625,0.0,281,[108],exhausted,
Football_data_England_Premier_League/finerEngland_2011_2012,Football_finer,A2,712779aad638f619,1787630227.938912,complete,20,380,1.0,1142.0,292,414.9999999999999,190,414.9999999999999,0.36339754816112074,102,0,0,0.0,0.36339754816112074,0.2438721454676551,414.9999999999999,0.1,0.015796422958374023,0.005495548248291016,0.0010380744934082031,0.00010943412780761719,0.0,273,[102],exhausted,
FacultyHiringNetworks/Business/Business_FM_Full_,Faculty,A2,712779aad638f619,1787630227.9562478,complete,113,1787,0.14119785082174463,3255.0,308,159.0,133,159.0,0.04884792626728111,175,0,0,0.0,0.04884792626728111,0.4879582476096295,159.0,0.09165613147914033,0.028365135192871094,0.003186941146850586,0.0056667327880859375,0.0008199214935302734,0.0,68,[175],exhausted,
FacultyHiringNetworks/History/History_FM_Full_,Faculty,A2,712779aad638f619,1787630227.9861228,complete,145,1204,0.057662835249042144,1776.0,144,54.0,52,54.0,0.030405405405405407,92,0,0,0.0,0.030405405405405407,0.5170612976755534,54.0,0.11293103448275862,0.017925024032592773,0.0011157989501953125,0.003289461135864258,0.0005710124969482422,0.0,26,[92],exhausted,
FacultyHiringNetworks/ComputerScience/ComputerScience_FM_Full_,Faculty,A2,712779aad638f619,1787630228.0055642,complete,206,1407,0.033317546767700684,1957.0,176,66.0,62,66.0,0.03372508942258559,114,0,0,0.0,0.03372508942258559,0.5737833399383746,66.0,0.1369168837319441,0.023873329162597656,0.001911163330078125,0.005243062973022461,0.000698089599609375,0.0,27,[114],exhausted,
Dryad_animal_society,Animal,A2,712779aad638f619,1787630228.0309622,complete,21,193,0.4595238095238095,939.0,60,74.0,42,74.0,0.07880724174653887,18,0,0,0.0,0.07880724174653887,0.4459050280269133,74.0,0.0380952380952381,0.004470348358154297,0.0007722377777099609,0.00040340423583984375,9.107589721679688e-05,0.0,37,[18],exhausted,
Halo2BetaData,Halo,A2,712779aad638f619,1787630228.0369656,complete,602,5010,0.013847352972067595,23953.0,1952,3302.0,1042,3302.0,0.13785329603807456,910,0,0,0.0,0.4305097460746765,0.5514235418490658,10312.0,0.43722256925058456,0.5450632572174072,0.08733701705932617,0.333446741104126,0.0016117095947265625,0.0,690,[910],exhausted,
Basketball_temporal/1986,Basketball_coarse,A2,712779aad638f619,1787630228.5836656,complete,283,2937,0.03680174422975716,42282.0,1081,4189.0,684,4189.0,0.09907289153777021,397,0,0,0.0,0.09907289153777021,0.49779485835405946,4189.0,0.12723354133774403,0.2644016742706299,0.09611296653747559,0.04693007469177246,0.0011928081512451172,0.0,790,[397],exhausted,
Basketball_temporal/1987,Basketball_coarse,A2,712779aad638f619,1787630228.8496275,complete,290,3045,0.03633217993079585,43841.0,1107,4480.0,727,4480.0,0.10218745010378413,380,0,0,0.0,0.10218745010378413,0.5003315857552244,4480.0,0.09874716620928291,0.26578354835510254,0.09584379196166992,0.04768776893615723,0.0011773109436035156,0.0,795,[380],exhausted,
Basketball_temporal/1989,Basketball_coarse,A2,712779aad638f619,1787630229.116998,complete,293,3162,0.03695824956753471,49151.0,1119,4991.0,744,4991.0,0.10154422087037904,375,0,0,0.0,0.10154422087037904,0.5007927900319898,4991.0,0.11477862452662584,0.28970861434936523,0.10837626457214355,0.046152353286743164,0.0012137889862060547,0.0,838,[375],exhausted,
Basketball_temporal/1990,Basketball_coarse,A2,712779aad638f619,1787630229.40829,complete,292,3192,0.03756531563338512,48502.0,1144,4954.0,724,4954.0,0.10214011793328111,420,0,0,0.0,0.10214011793328111,0.4708540670957008,4954.0,0.10335169232217671,0.3093597888946533,0.11432027816772461,0.05319929122924805,0.0012445449829101562,0.0,808,[420],exhausted,
Basketball_temporal/1992,Basketball_coarse,A2,712779aad638f619,1787630229.7192433,complete,298,3238,0.036585090276365445,52990.0,1155,5261.0,734,5261.0,0.09928288356293641,421,0,0,0.0,0.09928288356293641,0.47909289600134536,5261.0,0.1042415203489029,0.34793949127197266,0.13502717018127441,0.05133366584777832,0.0012600421905517578,0.0,842,[421],exhausted,
Basketball_temporal/1995,Basketball_coarse,A2,712779aad638f619,1787630230.0687563,complete,302,3182,0.03500473036896878,51675.0,1157,5390.0,725,5390.0,0.10430575713594581,432,0,0,0.0,0.10430575713594581,0.4600492308049069,5390.0,0.10604827176519768,0.3031046390533447,0.11182975769042969,0.052152395248413086,0.0012421607971191406,0.0,850,[432],exhausted,
Basketball_temporal/1996,Basketball_coarse,A2,712779aad638f619,1787630230.3735673,complete,305,3256,0.03511647972389991,51294.0,1197,5559.0,751,5559.0,0.10837524856708387,446,0,0,0.0,0.10837524856708387,0.48891639004689846,5559.0,0.09915875754961173,0.3039257526397705,0.11030006408691406,0.05557107925415039,0.0012805461883544922,0.0,889,[446],exhausted,
Basketball_temporal/1998,Basketball_coarse,A2,712779aad638f619,1787630230.679103,complete,306,3321,0.035583413693346194,52490.0,1178,5383.0,755,5383.0,0.10255286721280243,423,0,0,0.0,0.10255286721280243,0.52049948607162,5383.0,0.10656809171756135,0.3155393600463867,0.11683058738708496,0.05517983436584473,0.0012927055358886719,0.0,869,[423],exhausted,
Basketball_temporal/1999,Basketball_coarse,A2,712779aad638f619,1787630231.0044756,complete,310,3385,0.03533771792462679,53137.0,1258,5801.0,777,5801.0,0.10917063439787719,481,0,0,0.0,0.10917063439787719,0.5327121783191459,5801.0,0.13076521557573859,0.316089391708374,0.11249041557312012,0.061411380767822266,0.0013248920440673828,0.0,915,[481],exhausted,
Basketball_temporal/2001,Basketball_coarse,A2,712779aad638f619,1787630231.32219,complete,318,3405,0.033777751324325936,53482.0,1171,5320.0,707,5320.0,0.09947271979357541,464,0,0,0.0,0.09947271979357541,0.49641973739367024,5320.0,0.10423982699442494,0.34054994583129883,0.12471389770507812,0.06093764305114746,0.0013675689697265625,0.0,853,[464],exhausted,
Basketball_temporal/2002,Basketball_coarse,A2,712779aad638f619,1787630231.6643648,complete,321,3505,0.034121884735202494,55154.0,1263,5947.0,801,5947.0,0.1078253617144722,462,0,0,0.0,0.1078253617144722,0.5091947790425694,5947.0,0.12628504672897195,0.32946228981018066,0.11582016944885254,0.06764459609985352,0.0014040470123291016,0.0,936,[462],exhausted,
Basketball_temporal/2004,Basketball_coarse,A2,712779aad638f619,1787630231.99546,complete,326,3527,0.03328928739971685,53591.0,1208,5736.0,749,5736.0,0.10703289731484764,459,0,0,0.0,0.10703289731484764,0.5003998529252239,5736.0,0.10948560641812176,0.33118486404418945,0.11719489097595215,0.06688404083251953,0.001409769058227539,0.0,898,[459],exhausted,
Basketball_temporal/2005,Basketball_coarse,A2,712779aad638f619,1787630232.3282688,complete,330,3622,0.03336096527585889,55251.0,1244,5639.0,778,5639.0,0.10206150114930046,466,0,0,0.0,0.10206150114930046,0.5151460821660918,5639.0,0.10962512664640324,0.4012598991394043,0.14886236190795898,0.07344412803649902,0.0014388561248779297,0.0,924,[466],exhausted,
Basketball_temporal/2007,Basketball_coarse,A2,712779aad638f619,1787630232.731172,complete,336,3974,0.035305614783226726,59599.0,1362,5785.0,820,5785.0,0.09706538700313763,542,0,0,0.0,0.09706538700313763,0.509570916147526,5785.0,0.1060589907604833,0.4539504051208496,0.1683056354522705,0.0888981819152832,0.0015749931335449219,0.0,980,[542],exhausted,
Basketball_temporal/2008,Basketball_coarse,A2,712779aad638f619,1787630233.186806,complete,342,4051,0.03473615612834628,61555.0,1485,6596.0,888,6596.0,0.1071562017707741,597,0,0,0.0,0.1071562017707741,0.5166196458726472,6596.0,0.1287235684519216,0.4140172004699707,0.14201903343200684,0.09760618209838867,0.0016252994537353516,0.0,1059,[597],exhausted,
Basketball_temporal/2010,Basketball_coarse,A2,712779aad638f619,1787630233.6025438,complete,347,4133,0.03442388099481934,62804.0,1382,6107.0,836,6107.0,0.09723902936118718,546,0,0,0.0,0.09723902936118718,0.5130510528845686,6107.0,0.10203061751428429,0.428957462310791,0.1517653465270996,0.0917060375213623,0.0016655921936035156,0.0,973,[546],exhausted,
Basketball_temporal/2011,Basketball_coarse,A2,712779aad638f619,1787630234.0331743,complete,345,4086,0.034428715874620826,60955.0,1428,6055.0,854,6055.0,0.09933557542449348,574,0,0,0.0,0.09933557542449348,0.5177672199960001,6055.0,0.10439838220424671,0.43306994438171387,0.15209317207336426,0.09547281265258789,0.00164031982421875,0.0,983,[574],exhausted,
Basketball_temporal/2013,Basketball_coarse,A2,712779aad638f619,1787630234.4679482,complete,347,4153,0.034590461594842664,62047.0,1445,6286.0,875,6286.0,0.10131029703289442,570,0,0,0.0,0.10131029703289442,0.5197326782579347,6286.0,0.0934350585530809,0.44792962074279785,0.15469145774841309,0.09952020645141602,0.0016510486602783203,0.0,1000,[570],exhausted,
Basketball_temporal/finer1986,Basketball_finer,A2,712779aad638f619,1787630234.9176023,complete,283,4862,0.060922737638774024,524503.6000000001,4273,246650.3,2431,246650.3,0.47025473228401093,1842,0,0,0.0,0.47025473228401093,0.13769561461077948,246650.3,0.1917149086534847,0.4725189208984375,0.1670970916748047,0.09978723526000977,0.0012247562408447266,0.0,4260,[1842],exhausted,
Basketball_temporal/finer1987,Basketball_finer,A2,712779aad638f619,1787630235.391829,complete,290,5088,0.060708745973034245,567536.0,4511,268497.5,2544,268497.5,0.4730933368103521,1967,0,0,0.0,0.4730933368103521,0.14351358386622676,268497.5,0.1921011812432884,0.5072576999664307,0.17149829864501953,0.12229299545288086,0.0013532638549804688,0.0,4503,[1967],exhausted,
Basketball_temporal/finer1989,Basketball_finer,A2,712779aad638f619,1787630235.9008076,complete,293,5318,0.06215811865912385,611441.3999999999,4712,288857.7,2659,288857.7,0.47242090574828605,2053,0,0,0.0,0.47242090574828605,0.12071934993555469,288857.7,0.21497031184253587,0.5558779239654541,0.18361926078796387,0.14449214935302734,0.0013546943664550781,0.0,4702,[2053],exhausted,
Basketball_temporal/finer1990,Basketball_finer,A2,712779aad638f619,1787630236.46654,complete,292,5350,0.06296191686673257,606265.0,4753,286508.5,2675,286508.5,0.47257964751387593,2078,0,0,0.0,0.47257964751387593,0.1418305626692336,286508.5,0.2043496681259709,0.5516114234924316,0.1817777156829834,0.1438281536102295,0.001432657241821289,0.0,4746,[2078],exhausted,
Basketball_temporal/finer1992,Basketball_finer,A2,712779aad638f619,1787630237.0199938,complete,298,5444,0.061509954127403794,608058.4,4798,285736.69999999995,2722,285736.69999999995,0.46991654091120183,2076,0,0,0.0,0.46991654091120183,0.13351128252746286,285736.69999999995,0.1981560572164599,0.5715353488922119,0.1932847499847412,0.14187312126159668,0.0013723373413085938,0.0,4789,[2076],exhausted,
Basketball_temporal/finer1993,Basketball_finer,A2,712779aad638f619,1787630237.5933025,complete,298,5160,0.058301132126635485,585396.4,4544,275534.20000000007,2580,275534.20000000007,0.47067969669782744,1964,0,0,0.0,0.47067969669782744,0.14105236912057204,275534.20000000007,0.2036924050346869,0.5195281505584717,0.17992949485778809,0.11966252326965332,0.0013072490692138672,0.0,4529,[1964],exhausted,
Basketball_temporal/finer1995,Basketball_finer,A2,712779aad638f619,1787630238.1145906,complete,302,5336,0.05870057864513432,602136.4,4700,283117.7,2668,283117.7,0.4701886482863351,2032,0,0,0.0,0.4701886482863351,0.14044250626821914,283117.7,0.20829024663923787,0.5298454761505127,0.17814302444458008,0.13373732566833496,0.0014252662658691406,0.0,4692,[2032],exhausted,
Basketball_temporal/finer1996,Basketball_finer,A2,712779aad638f619,1787630238.6463602,complete,305,5498,0.059296807592752375,594157.3999999999,4886,280306.2,2749,280306.2,0.47177094823694876,2137,0,0,0.0,0.47177094823694876,0.12943853859975274,280306.2,0.20916738567730803,0.5810708999633789,0.19488120079040527,0.14949870109558105,0.0013813972473144531,0.0,4878,[2137],exhausted,
Basketball_temporal/finer1998,Basketball_finer,A2,712779aad638f619,1787630239.2293632,complete,306,5684,0.06090217507768134,591892.3999999999,5018,278033.69999999995,2842,278033.69999999995,0.46973689812540254,2176,0,0,0.0,0.46973689812540254,0.13845285520946193,278033.69999999995,0.18296367727418836,0.6120169162750244,0.209625244140625,0.1485292911529541,0.0014939308166503906,0.0,5012,[2176],exhausted,
Basketball_temporal/finer1999,Basketball_finer,A2,712779aad638f619,1787630239.843203,complete,310,5788,0.06042384382503393,589693.4,5113,277294.2,2894,277294.2,0.4702345320466534,2219,0,0,0.0,0.4702345320466534,0.1345782673230825,277294.2,0.21735045411838397,0.630772590637207,0.21399474143981934,0.1575782299041748,0.0014443397521972656,0.0,5105,[2219],exhausted,
Basketball_temporal/finer2001,Basketball_finer,A2,712779aad638f619,1787630240.475781,complete,318,6116,0.06067099180604329,634858.4,5419,298899.7,3058,298899.7,0.47081317660757105,2361,0,0,0.0,0.47081317660757105,0.13905620633057816,298899.7,0.19064341408249508,0.6833152770996094,0.2200005054473877,0.19343280792236328,0.0015926361083984375,0.0,5410,[2361],exhausted,
Basketball_temporal/finer2002,Basketball_finer,A2,712779aad638f619,1787630241.1609557,complete,321,6192,0.0602803738317757,645798.0,5488,304098.5,3096,304098.5,0.47088795567654285,2392,0,0,0.0,0.47088795567654285,0.15482806503456498,304098.5,0.1966316199376947,0.6738290786743164,0.22438716888427734,0.17653322219848633,0.001550912857055664,0.0,5478,[2392],exhausted,
Basketball_temporal/finer2004,Basketball_finer,A2,712779aad638f619,1787630241.84467,complete,326,6316,0.05961302501179802,631535.2,5617,298393.1,3158,298393.1,0.4724884693679782,2459,0,0,0.0,0.4724884693679782,0.1422679520183909,298393.1,0.20513449740443607,0.7612900733947754,0.24769949913024902,0.20778131484985352,0.0016214847564697266,0.0,5612,[2459],exhausted,
Basketball_temporal/finer2005,Basketball_finer,A2,712779aad638f619,1787630242.6077876,complete,330,6476,0.059648153265174544,642948.0,5712,302835.5,3238,302835.5,0.4710108749074575,2474,0,0,0.0,0.4710108749074575,0.1405232363472893,302835.5,0.21446071658837615,0.8072590827941895,0.2687649726867676,0.21716785430908203,0.0016536712646484375,0.0,5704,[2474],exhausted,
Basketball_temporal/finer2007,Basketball_finer,A2,712779aad638f619,1787630243.4168866,complete,336,7186,0.06384150675195452,694880.5999999999,6357,326849.3,3593,326849.3,0.4703675710618487,2764,0,0,0.0,0.4703675710618487,0.14639416092971674,326849.3,0.21042999289267947,0.9161233901977539,0.29755735397338867,0.26363086700439453,0.0018494129180908203,0.0,6354,[2764],exhausted,
Basketball_temporal/finer2008,Basketball_finer,A2,712779aad638f619,1787630244.334895,complete,342,7386,0.06333281885064568,712069.6,6576,335003.3,3693,335003.3,0.4704642636056925,2883,0,0,0.0,0.4704642636056925,0.1436912033623975,335003.3,0.18975836463103016,0.9528064727783203,0.29993677139282227,0.29363441467285156,0.0019817352294921875,0.0,6570,[2883],exhausted,
Basketball_temporal/finer2010,Basketball_finer,A2,712779aad638f619,1787630245.2895708,complete,347,7538,0.0627842281487898,722803.5999999999,6750,339658.3,3769,339658.3,0.46991783106780327,2981,0,0,0.0,0.46991783106780327,0.1465420609417117,339658.3,0.19719811430760772,0.925950288772583,0.2915937900543213,0.285416841506958,0.001924276351928711,0.0,6742,[2981],exhausted,
Basketball_temporal/finer2011,Basketball_finer,A2,712779aad638f619,1787630246.2173636,complete,345,7504,0.0632288506909336,718937.2,6724,338973.6,3752,338973.6,0.4714926421946173,2972,0,0,0.0,0.4714926421946173,0.1446890696906286,338973.6,0.20202224469160768,0.9614534378051758,0.3028702735900879,0.2982199192047119,0.0019562244415283203,0.0,6716,[2972],exhausted,
Basketball_temporal/finer2012,Basketball_finer,A2,712779aad638f619,1787630247.1808631,complete,345,7580,0.06386922817660937,709133.5999999999,6744,333077.3,3790,333077.3,0.46969611932081634,2954,0,0,0.0,0.46969611932081634,0.1517753052288183,333077.3,0.19191102123356926,0.976353645324707,0.3228635787963867,0.27564191818237305,0.0019278526306152344,0.0,6737,[2954],exhausted,
Basketball_temporal/finer2013,Basketball_finer,A2,712779aad638f619,1787630248.159119,complete,347,7616,0.06343389248888075,712608.0,6746,334957.0,3808,334957.0,0.47004383896897034,2938,0,0,0.0,0.47004383896897034,0.1544716431416688,334957.0,0.2090919691492729,1.0165073871612549,0.3293948173522949,0.29799699783325195,0.0019443035125732422,0.0,6735,[2938],exhausted,
Basketball_temporal/finer2014,Basketball_finer,A2,712779aad638f619,1787630249.1776326,complete,351,7650,0.06227106227106227,754719.3999999999,6857,356844.19999999995,3825,356844.19999999995,0.47281704962135596,3032,0,0,0.0,0.47281704962135596,0.15225755615951167,356844.19999999995,0.20568172568172569,1.0315685272216797,0.32788515090942383,0.317030668258667,0.001922607421875,0.0,6850,[3032],exhausted,
Football_data_England_Premier_League/England_2012_2013,Football_coarse,A2,712779aad638f619,1787630250.2192833,complete,20,216,0.5684210526315789,475.0,114,100.0,66,100.0,0.21052631578947367,48,0,0,0.0,0.21052631578947367,0.49261592998617826,100.0,0.11052631578947368,0.005149364471435547,0.0010089874267578125,0.0005476474761962891,8.559226989746094e-05,0.0,55,[48],exhausted,
Football_data_England_Premier_League/England_2013_2014,Football_coarse,A2,712779aad638f619,1787630250.2262385,complete,20,222,0.5842105263157895,576.0,99,79.0,59,79.0,0.1371527777777778,40,0,0,0.0,0.1371527777777778,0.4181601063258682,79.0,0.07368421052631578,0.00490880012512207,0.0008375644683837891,0.0005707740783691406,9.1552734375e-05,0.0,48,[40],exhausted,
Football_data_England_Premier_League/England_2014_2015,Football_coarse,A2,712779aad638f619,1787630250.2330523,complete,20,107,0.28157894736842104,181.0,42,21.0,19,21.0,0.11602209944751381,23,0,0,0.0,0.11602209944751381,0.5423514194623053,21.0,0.15263157894736842,0.0028176307678222656,0.0003483295440673828,0.00032067298889160156,5.9604644775390625e-05,0.0,15,[23],exhausted,
Football_data_England_Premier_League/finerEngland_2012_2013,Football_finer,A2,712779aad638f619,1787630250.237708,complete,20,380,1.0,1139.0,284,435.9999999999999,190,435.9999999999999,0.38279192273924484,94,0,0,0.0,0.38279192273924484,0.2196036230786358,435.9999999999999,0.1,0.01542210578918457,0.005219459533691406,0.0009644031524658203,0.00011014938354492188,0.0,271,[94],exhausted,
Football_data_England_Premier_League/finerEngland_2013_2014,Football_finer,A2,712779aad638f619,1787630250.255081,complete,20,380,1.0,1127.9999999999998,273,367.9999999999999,190,367.9999999999999,0.326241134751773,83,0,0,0.0,0.326241134751773,0.2587156891913768,367.9999999999999,0.13157894736842105,0.014258146286010742,0.004718303680419922,0.0008800029754638672,0.00010895729064941406,0.0,258,[83],exhausted,
Football_data_England_Premier_League/finerEngland_2014_2015,Football_finer,A2,712779aad638f619,1787630250.2712467,complete,20,300,0.7894736842105263,422.9999999999999,224,145.99999999999994,150,145.99999999999994,0.3451536643026004,74,0,0,0.0,0.3451536643026004,0.331479326077039,145.99999999999994,0.10526315789473684,0.010860681533813477,0.00339508056640625,0.0007436275482177734,8.916854858398438e-05,0.0,187,[74],exhausted,
Basketball_temporal/1985,Basketball_coarse,A3,712779aad638f619,1787630250.2839947,complete,282,2904,0.03664723252820474,40493.0,1074,4780.0,762,4780.0,0.11804509421381473,312,0,0,0.0,0.11678561726718198,0.45106086472266094,4729.0,0.01557254991040105,0.2982771396636963,0.08380866050720215,0.004440784454345703,0.10310626029968262,0.0,758,"[305, 7, 0]",no_change,
Basketball_temporal/1988,Basketball_coarse,A3,712779aad638f619,1787630250.5843525,complete,290,3099,0.03697649445173607,47701.0,1155,5783.0,803,5783.0,0.12123435567388524,352,0,0,0.0,0.12062640196222302,0.4799318978289564,5754.0,0.0189714831165732,0.30951714515686035,0.08534979820251465,0.004858732223510742,0.10939240455627441,0.0,821,"[344, 7, 1]",max_passes,
Basketball_temporal/1991,Basketball_coarse,A3,712779aad638f619,1787630250.8958507,complete,295,3218,0.03710365502133057,52133.0,1160,6139.0,810,6139.0,0.11775650739454856,350,0,0,0.0,0.11537797556250359,0.4531900842770146,6015.0,0.012982820246742764,0.4140744209289551,0.13635587692260742,0.005069255828857422,0.1102144718170166,0.0,875,"[345, 5, 0]",no_change,
Basketball_temporal/1994,Basketball_coarse,A3,712779aad638f619,1787630251.311946,complete,301,3144,0.03481727574750831,51068.0,1099,6171.0,786,6171.0,0.12083888149134488,313,0,0,0.0,0.11985979478342602,0.46222143593003756,6121.0,0.010276854928017718,0.34720277786254883,0.1033785343170166,0.004962444305419922,0.11079120635986328,0.0,849,"[311, 2, 0]",no_change,
Basketball_temporal/1997,Basketball_coarse,A3,712779aad638f619,1787630251.6611767,complete,305,3333,0.035946937014667814,52037.0,1232,6921.0,847,6921.0,0.13300151815054673,385,0,0,0.0,0.131022157311144,0.47780339710709147,6818.0,0.01943485763589301,0.42496538162231445,0.14003682136535645,0.005319833755493164,0.11369585990905762,0.0,948,"[370, 13, 2]",max_passes,
Basketball_temporal/2000,Basketball_coarse,A3,712779aad638f619,1787630252.0881824,complete,318,3475,0.03447215443525187,55092.0,1189,6382.0,811,6382.0,0.11584259057576418,378,0,0,0.0,0.11371887025339432,0.49715603835360206,6265.0,0.014681665773862667,0.4143352508544922,0.13135480880737305,0.005437374114990234,0.11748671531677246,0.0,888,"[369, 7, 2]",max_passes,
Basketball_temporal/2003,Basketball_coarse,A3,712779aad638f619,1787630252.504533,complete,327,3560,0.03339524586780736,54489.0,1297,6978.0,862,6978.0,0.1280625447337995,435,0,0,0.0,0.12747527023802968,0.5056468611072997,6946.0,0.019699442787189735,0.399228572845459,0.12063074111938477,0.0057201385498046875,0.12308263778686523,0.0,919,"[425, 9, 1]",max_passes,
Basketball_temporal/2006,Basketball_coarse,A3,712779aad638f619,1787630252.9058802,complete,334,3695,0.03322184459909011,55402.0,1312,7429.0,873,7429.0,0.1340926320349446,439,0,0,0.0,0.1326305909533952,0.5080362340353377,7348.0,0.019654384923846,0.4577960968017578,0.1504650115966797,0.005950450897216797,0.12452816963195801,0.0,942,"[431, 7, 1]",max_passes,
Basketball_temporal/2009,Basketball_coarse,A3,712779aad638f619,1787630253.3658829,complete,347,4155,0.034607119654844996,61946.0,1424,7556.0,977,7556.0,0.12197720595357246,447,0,0,0.0,0.12018532270041649,0.47716862200042637,7445.0,0.022571671303160033,0.5518574714660645,0.19003582000732422,0.006619930267333984,0.13146495819091797,0.0,1039,"[430, 16, 1]",max_passes,
Basketball_temporal/2012,Basketball_coarse,A3,712779aad638f619,1787630253.919831,complete,345,4126,0.034765756656555444,61534.0,1389,7278.0,925,7278.0,0.11827607501543862,464,0,0,0.0,0.11627718009555693,0.4708736379195675,7155.0,0.011206605999325919,0.47989535331726074,0.15621328353881836,0.006697654724121094,0.12788176536560059,0.0,969,"[455, 7, 2]",max_passes,
Basketball_temporal/2014,Basketball_coarse,A3,712779aad638f619,1787630254.4018333,complete,351,4196,0.03415547415547415,60897.0,1471,7648.0,979,7648.0,0.12558910947994154,492,0,0,0.0,0.12337225150664237,0.4888780160805523,7513.0,0.013219373219373219,0.5201003551483154,0.1733865737915039,0.006613492965698242,0.13222575187683105,0.0,1019,"[483, 9, 0]",no_change,
Basketball_temporal/1993,Basketball_coarse,A3,712779aad638f619,1787630254.9240847,complete,298,3088,0.03489028992384697,48535.0,1095,6007.0,790,6007.0,0.12376635417739776,305,0,0,0.0,0.12073761203255383,0.47384275147627397,5860.0,0.01970487876528145,0.351088285446167,0.10502886772155762,0.004890918731689453,0.1126399040222168,0.0,795,"[299, 6, 0]",no_change,
Basketball_temporal/finer1985,Basketball_finer,A3,712779aad638f619,1787630255.285625,complete,282,4814,0.06075061204916585,518633.4,4254,249046.7,2407,249046.7,0.4801979587122619,1847,0,0,0.0,0.4801979587122619,0.13819782081075352,249046.7,0.05449130511597385,0.48105764389038086,0.1633296012878418,0.004128694534301758,0.11180543899536133,0.0,4244,"[1847, 0]",no_change,
Basketball_temporal/finer1988,Basketball_finer,A3,712779aad638f619,1787630255.768764,complete,290,5170,0.06168714950483236,584038.0,4564,279324.5,2585,279324.5,0.4782642567778124,1979,0,0,0.0,0.4782642567778124,0.13818610263405598,279324.5,0.050017897625581675,0.512744665145874,0.1737520694732666,0.004427909851074219,0.12014055252075195,0.0,4554,"[1979, 0]",no_change,
Basketball_temporal/finer1991,Basketball_finer,A3,712779aad638f619,1787630256.2837985,complete,295,5420,0.062492793727660555,630782.6,4751,301236.3,2710,301236.3,0.47755962196801244,2041,0,0,0.0,0.47755962196801244,0.14200995138053585,301236.3,0.05693531649948115,0.5617399215698242,0.19945406913757324,0.0046138763427734375,0.11440134048461914,0.0,4743,"[2041, 0]",no_change,
Basketball_temporal/finer1994,Basketball_finer,A3,712779aad638f619,1787630256.847651,complete,301,5252,0.058161683277962346,608682.0,4644,291029.0,2626,291029.0,0.47812979519683513,2018,0,0,0.0,0.47810186599899457,0.14361781033214616,291012.0,0.07574750830564785,0.5399315357208252,0.18669700622558594,0.004461765289306641,0.11839985847473145,0.0,4634,"[2018, 0]",no_change,
Basketball_temporal/finer1997,Basketball_finer,A3,712779aad638f619,1787630257.389756,complete,305,5628,0.06069887834339948,582710.0,4983,278774.5,2814,278774.5,0.47841035849736574,2169,0,0,0.0,0.4784034940193235,0.1499928338456238,278770.5,0.05599654874892149,0.6632931232452393,0.23689055442810059,0.009572744369506836,0.13508844375610352,0.0,4975,"[2169, 0]",no_change,
Basketball_temporal/finer2000,Basketball_finer,A3,712779aad638f619,1787630258.0552108,complete,318,6274,0.06223835882784755,634382.8,5565,302629.9,3137,302629.9,0.4770461935601028,2428,0,0,0.0,0.4770461935601028,0.1480363189716065,302629.9,0.05297303731920719,0.7289583683013916,0.2699923515319824,0.005564212799072266,0.1350080966949463,0.0,5563,"[2428, 0]",no_change,
Basketball_temporal/finer2003,Basketball_finer,A3,712779aad638f619,1787630258.7864037,complete,327,6356,0.05962364683589426,645095.2,5635,308601.6,3178,308601.6,0.4783814853993643,2457,0,0,0.0,0.4783349806354163,0.1396935237081196,308571.6,0.033770473349468116,0.7594287395477295,0.28188347816467285,0.0055501461029052734,0.1504507064819336,0.0,5628,"[2457, 0]",no_change,
Basketball_temporal/finer2006,Basketball_finer,A3,712779aad638f619,1787630259.5486171,complete,334,6680,0.06006006006006006,653869.4,5926,312900.7,3340,312900.7,0.4785369983669522,2586,0,0,0.0,0.478431472706935,0.13835235353129632,312831.69999999995,0.051410692129255,0.7632558345794678,0.28208374977111816,0.005917072296142578,0.14400935173034668,0.0,5915,"[2586, 0]",no_change,
Basketball_temporal/finer2009,Basketball_finer,A3,712779aad638f619,1787630260.3139713,complete,347,7478,0.06228448634871983,714987.7999999999,6668,341709.89999999997,3739,341709.89999999997,0.4779240988447635,2929,0,0,0.0,0.4779240988447635,0.14380101406353119,341709.89999999997,0.04985757358698006,0.8392539024353027,0.3099987506866455,0.0067555904388427734,0.1535799503326416,0.0,6663,"[2929, 0]",no_change,
Basketball_temporal/finer2012,Basketball_finer,A3,712779aad638f619,1787630261.1553729,complete,345,7580,0.06386922817660937,709133.5999999999,6744,337870.3,3790,337870.3,0.4764550713716006,2954,0,0,0.0,0.4764395594849829,0.13817577455946445,337859.3,0.053875968992248065,0.8772025108337402,0.33907175064086914,0.007054328918457031,0.15017986297607422,0.0,6737,"[2954, 0]",no_change,
Football_data_England_Premier_League/England_2009_2010,Football_coarse,A3,712779aad638f619,1787630262.0347633,complete,20,215,0.5657894736842105,559.0,100,86.0,58,86.0,0.15384615384615385,42,0,0,0.0,0.13595706618962433,0.36279419262650386,76.0,0.031578947368421054,0.013272523880004883,0.0008852481842041016,0.0002422332763671875,0.008611440658569336,0.0,45,"[42, 0]",no_change,
Football_data_England_Premier_League/England_2010_2011,Football_coarse,A3,712779aad638f619,1787630262.0501058,complete,20,219,0.5763157894736842,485.0,125,122.0,74,122.0,0.2515463917525773,51,0,0,0.0,0.23505154639175257,0.5043002029632442,114.0,0.04736842105263158,0.01352381706237793,0.0011882781982421875,0.0003345012664794922,0.008358001708984375,0.0,65,"[46, 4, 1]",max_passes,
Football_data_England_Premier_League/England_2011_2012,Football_coarse,A3,712779aad638f619,1787630262.0657666,complete,20,226,0.5947368421052631,548.0,110,113.0,73,113.0,0.2062043795620438,37,0,0,0.0,0.19343065693430658,0.42273712990585677,106.0,0.021052631578947368,0.013131141662597656,0.0011875629425048828,0.00023698806762695312,0.008064031600952148,0.0,59,"[37, 0]",no_change,
Football_data_England_Premier_League/finerEngland_2009_2010,Football_finer,A3,712779aad638f619,1787630262.0810044,complete,20,380,1.0,1129.0,282,400.9999999999999,190,400.9999999999999,0.35518157661647465,92,0,0,0.0,0.33392382639503976,0.15372662913173574,376.9999999999999,0.05263157894736842,0.021989822387695312,0.004996061325073242,0.0003528594970703125,0.007912635803222656,0.0,268,"[92, 0]",no_change,
Football_data_England_Premier_League/finerEngland_2010_2011,Football_finer,A3,712779aad638f619,1787630262.105197,complete,20,380,1.0,1139.0,298,465.9999999999999,190,465.9999999999999,0.40913081650570665,108,0,0,0.0,0.40298507462686556,0.18801401154337313,458.9999999999999,0.015789473684210527,0.022476911544799805,0.005403280258178711,0.00034332275390625,0.007678508758544922,0.0,281,"[108, 0]",no_change,
Football_data_England_Premier_League/finerEngland_2011_2012,Football_finer,A3,712779aad638f619,1787630262.1299424,complete,20,380,1.0,1142.0,292,431.9999999999999,190,431.9999999999999,0.37828371278458833,102,0,0,0.0,0.3660245183887915,0.183561316807491,417.9999999999999,0.031578947368421054,0.023454904556274414,0.005444049835205078,0.0003459453582763672,0.008349895477294922,0.0,273,"[102, 0]",no_change,
FacultyHiringNetworks/Business/Business_FM_Full_,Faculty,A3,712779aad638f619,1787630262.1555717,complete,113,1787,0.14119785082174463,3255.0,308,199.0,159,199.0,0.061136712749615976,149,0,0,0.0,0.05775729646697389,0.41631822994538625,188.0,0.03460809102402023,0.07173395156860352,0.003138303756713867,0.0028960704803466797,0.04743385314941406,0.0,68,"[142, 7, 0]",no_change,
FacultyHiringNetworks/History/History_FM_Full_,Faculty,A3,712779aad638f619,1787630262.2296653,complete,145,1204,0.057662835249042144,1776.0,144,77.0,69,77.0,0.04335585585585586,75,0,0,0.0,0.04222972972972973,0.45353558675164346,75.0,0.011398467432950192,0.07311177253723145,0.001255035400390625,0.0021610260009765625,0.05653071403503418,0.0,26,"[73, 2, 0]",no_change,
FacultyHiringNetworks/ComputerScience/ComputerScience_FM_Full_,Faculty,A3,712779aad638f619,1787630262.3050308,complete,206,1407,0.033317546767700684,1957.0,176,99.0,84,99.0,0.05058763413387839,92,0,0,0.0,0.050076647930505876,0.5295312045642753,98.0,0.006156760596732181,0.08937239646911621,0.0019745826721191406,0.0024433135986328125,0.06901979446411133,0.0,27,"[88, 3, 1]",max_passes,
Dryad_animal_society,Animal,A3,712779aad638f619,1787630262.396665,complete,21,193,0.4595238095238095,939.0,60,84.0,42,84.0,0.08945686900958466,18,0,0,0.0,0.08945686900958466,0.3594722985877824,84.0,0.004761904761904762,0.011987924575805664,0.0008139610290527344,0.00032401084899902344,0.007689476013183594,0.0,37,"[17, 1, 0]",no_change,
Halo2BetaData,Halo,A3,712779aad638f619,1787630262.4109333,complete,602,5010,0.013847352972067595,23953.0,1952,4174.0,1209,4174.0,0.17425792176345342,743,0,0,0.0,0.17346470057964325,0.6859868595095588,4155.0,0.01560522053498875,0.43674468994140625,0.08523893356323242,0.007899045944213867,0.22252297401428223,0.0,690,"[725, 13, 5]",max_passes,
Basketball_temporal/1985,Basketball_coarse,A4,712779aad638f619,1787630262.850036,complete,282,2904,0.03664723252820474,40493.0,1074,4031.0,690,4031.0,0.09954807003679648,384,0,0,0.0,0.09954807003679648,0.4537179485826296,4031.0,0.09373816915272204,0.3315310478210449,0.0835115909576416,0.041046142578125,0.0990300178527832,0.0,758,[384],exhausted,
Basketball_temporal/1988,Basketball_coarse,A4,712779aad638f619,1787630263.183818,complete,290,3099,0.03697649445173607,47701.0,1155,4857.0,730,4857.0,0.1018217647428775,425,0,0,0.0,0.1018217647428775,0.46823382169098277,4857.0,0.12735950363918386,0.34849095344543457,0.08458662033081055,0.050867557525634766,0.1007380485534668,0.0,821,[425],exhausted,
Basketball_temporal/1991,Basketball_coarse,A4,712779aad638f619,1787630263.5346475,complete,295,3218,0.03710365502133057,52133.0,1160,5308.0,749,5308.0,0.10181650777818273,411,0,0,0.0,0.1017589626532139,0.45049485269184525,5305.0,0.09680618009915831,0.45845675468444824,0.13638067245483398,0.04807758331298828,0.11228227615356445,0.0,875,[411],exhausted,
Basketball_temporal/1994,Basketball_coarse,A4,712779aad638f619,1787630263.9955468,complete,301,3144,0.03481727574750831,51068.0,1099,5093.0,705,5093.0,0.0997297720686144,394,0,0,0.0,0.09959269992950576,0.45838042296032355,5086.0,0.11364341085271318,0.40102529525756836,0.1035001277923584,0.05320596694946289,0.11465835571289062,0.0,849,[394],exhausted,
Basketball_temporal/1997,Basketball_coarse,A4,712779aad638f619,1787630264.3989346,complete,305,3333,0.035946937014667814,52037.0,1232,5857.0,787,5857.0,0.11255452850856122,445,0,0,0.0,0.11249687722197667,0.503928745818332,5854.0,0.12968075927523728,0.482025146484375,0.13983726501464844,0.05856180191040039,0.11539173126220703,0.0,948,[445],exhausted,
Basketball_temporal/2000,Basketball_coarse,A4,712779aad638f619,1787630264.8834825,complete,318,3475,0.03447215443525187,55092.0,1189,5183.0,742,5183.0,0.09407899513540986,447,0,0,0.0,0.09407899513540986,0.5113405684614751,5183.0,0.09953772592901217,0.4833829402923584,0.13577985763549805,0.06257152557373047,0.11835289001464844,0.0,888,[447],exhausted,
Basketball_temporal/2003,Basketball_coarse,A4,712779aad638f619,1787630265.3692305,complete,327,3560,0.03339524586780736,54489.0,1297,5833.0,785,5833.0,0.10704912918203674,512,0,0,0.0,0.10699407219805833,0.500897334106028,5830.0,0.10761524174030505,0.5551548004150391,0.16498303413391113,0.07934784889221191,0.1259751319885254,0.0,919,[512],exhausted,
Basketball_temporal/2006,Basketball_coarse,A4,712779aad638f619,1787630265.9267879,complete,334,3695,0.03322184459909011,55402.0,1312,6106.0,798,6106.0,0.11021262770297101,514,0,0,0.0,0.11012237825349265,0.5184200861286395,6101.0,0.12380644117171064,0.5363562107086182,0.1495041847229004,0.0837869644165039,0.1245267391204834,0.0,942,[514],exhausted,
Basketball_temporal/2009,Basketball_coarse,A4,712779aad638f619,1787630266.4656456,complete,347,4155,0.034607119654844996,61946.0,1424,6309.0,902,6309.0,0.10184676976721661,522,0,0,0.0,0.10184676976721661,0.4790352369295716,6309.0,0.10189735303426563,0.6444449424743652,0.19485950469970703,0.09119868278503418,0.13074183464050293,0.0,1039,[522],exhausted,
Basketball_temporal/2012,Basketball_coarse,A4,712779aad638f619,1787630267.1124544,complete,345,4126,0.034765756656555444,61534.0,1389,5988.0,827,5988.0,0.09731205512399649,562,0,0,0.0,0.09731205512399649,0.492115364842966,5988.0,0.10107853050219076,0.5631849765777588,0.15479445457458496,0.0937042236328125,0.1255042552947998,0.0,969,[562],exhausted,
Basketball_temporal/2014,Basketball_coarse,A4,712779aad638f619,1787630267.6840863,complete,351,4196,0.03415547415547415,60897.0,1471,6400.0,874,6400.0,0.10509548910455359,597,0,0,0.0,0.10502980442386324,0.5046936609697489,6396.0,0.09509157509157509,0.6306684017181396,0.17804479598999023,0.1096491813659668,0.13341283798217773,0.0,1019,[597],exhausted,
Basketball_temporal/1993,Basketball_coarse,A4,712779aad638f619,1787630268.3171144,complete,298,3088,0.03489028992384697,48535.0,1095,5035.0,710,5035.0,0.10373956938291955,385,0,0,0.0,0.10373956938291955,0.48807612884221246,5035.0,0.09276207262784444,0.3958570957183838,0.1047971248626709,0.05312609672546387,0.10853338241577148,0.0,795,[385],exhausted,
Basketball_temporal/finer1985,Basketball_finer,A4,712779aad638f619,1787630268.7154279,complete,282,4814,0.06075061204916585,518633.4,4254,245469.7,2407,245469.7,0.4733009867856563,1847,0,0,0.0,0.4728093100058731,0.1283160959895218,245214.7,0.2378031851795765,0.6062853336334229,0.16460466384887695,0.11092519760131836,0.12631654739379883,0.0,4244,[1847],exhausted,
Basketball_temporal/finer1988,Basketball_finer,A4,712779aad638f619,1787630269.3241177,complete,290,5170,0.06168714950483236,584038.0,4564,275802.5,2585,275802.5,0.4722338272509665,1979,0,0,0.0,0.4716996154359819,0.11920099473811667,275490.5,0.23806228373702423,0.6525883674621582,0.17707085609436035,0.12832999229431152,0.12990880012512207,0.0,4554,[1979],exhausted,
Basketball_temporal/finer1991,Basketball_finer,A4,712779aad638f619,1787630269.9791105,complete,295,5420,0.062492793727660555,630782.6,4751,297366.3,2710,297366.3,0.47142438615142523,2041,0,0,0.0,0.4712785355842091,0.12240264038768793,297274.29999999993,0.19667934970598408,0.7073976993560791,0.20148706436157227,0.14183759689331055,0.11952662467956543,0.0,4743,[2041],exhausted,
Basketball_temporal/finer1994,Basketball_finer,A4,712779aad638f619,1787630270.6889129,complete,301,5252,0.058161683277962346,608682.0,4644,287064.0,2626,287064.0,0.47161572052401746,2018,0,0,0.0,0.4711097091749058,0.11848554236812299,286756.0,0.218250276854928,0.6920342445373535,0.18807625770568848,0.13618993759155273,0.13745498657226562,0.0,4634,[2018],exhausted,
Basketball_temporal/finer1997,Basketball_finer,A4,712779aad638f619,1787630271.3834467,complete,305,5628,0.06069887834339948,582710.0,4983,274410.5,2814,274410.5,0.47092121295327005,2169,0,0,0.0,0.47060029860479485,0.12989884351136005,274223.5,0.23373597929249354,0.7394981384277344,0.20379304885864258,0.15387558937072754,0.13222956657409668,0.0,4975,[2169],exhausted,
Basketball_temporal/finer2000,Basketball_finer,A4,712779aad638f619,1787630272.1254232,complete,318,6274,0.06223835882784755,634382.8,5565,298067.9,3137,298067.9,0.46985495193123145,2428,0,0,0.0,0.46960746728946623,0.11973870437395276,297910.9,0.1938773485705216,0.898984432220459,0.2620859146118164,0.19342422485351562,0.13728833198547363,0.0,5563,[2428],exhausted,
Basketball_temporal/finer2003,Basketball_finer,A4,712779aad638f619,1787630273.035079,complete,327,6356,0.05962364683589426,645095.2,5635,304576.6,3178,304576.6,0.47214209623633846,2457,0,0,0.0,0.47199018067410825,0.1198827324469408,304478.6,0.24151516857094613,0.9257514476776123,0.25672173500061035,0.22855114936828613,0.13716864585876465,0.0,5628,[2457],exhausted,
Basketball_temporal/finer2006,Basketball_finer,A4,712779aad638f619,1787630273.963365,complete,334,6680,0.06006006006006006,653869.4,5926,308180.7,3340,308180.7,0.47131843147882435,2586,0,0,0.0,0.4711257324474887,0.11759008929366013,308054.69999999995,0.2208915502328676,0.9760556221008301,0.27176904678344727,0.23049545288085938,0.15190863609313965,0.0,5915,[2586],exhausted,
Basketball_temporal/finer2009,Basketball_finer,A4,712779aad638f619,1787630274.9418998,complete,347,7478,0.06228448634871983,714987.7999999999,6668,336829.9,3739,336829.9,0.4710988075600731,2929,0,0,0.0,0.4708414605116339,0.12049872165471384,336645.89999999997,0.20207892588829104,1.1119933128356934,0.2967841625213623,0.2997410297393799,0.1591353416442871,0.0,6663,[2929],exhausted,
Basketball_temporal/finer2012,Basketball_finer,A4,712779aad638f619,1787630276.0564125,complete,345,7580,0.06386922817660937,709133.5999999999,6744,333077.3,3790,333077.3,0.46969611932081634,2954,0,0,0.0,0.46959317680053536,0.12414116979929576,333004.30000000005,0.19202898550724637,1.2135074138641357,0.39218640327453613,0.2803921699523926,0.15833640098571777,0.0,6737,[2954],exhausted,
Football_data_England_Premier_League/England_2009_2010,Football_coarse,A4,712779aad638f619,1787630277.2724738,complete,20,215,0.5657894736842105,559.0,100,76.0,56,76.0,0.13595706618962433,44,0,0,0.0,0.13595706618962433,0.36279419262650386,76.0,0.031578947368421054,0.013993501663208008,0.001020669937133789,0.0005970001220703125,0.008715152740478516,0.0,45,[44],exhausted,
Football_data_England_Premier_League/England_2010_2011,Football_coarse,A4,712779aad638f619,1787630277.2890368,complete,20,219,0.5763157894736842,485.0,125,114.0,74,114.0,0.23505154639175257,51,0,0,0.0,0.23505154639175257,0.48988376347761126,114.0,0.09473684210526316,0.014062166213989258,0.0013120174407958984,0.00060272216796875,0.008262157440185547,0.0,65,[51],exhausted,
Football_data_England_Premier_League/England_2011_2012,Football_coarse,A4,712779aad638f619,1787630277.305718,complete,20,226,0.5947368421052631,548.0,110,99.0,70,99.0,0.18065693430656934,40,0,0,0.0,0.18065693430656934,0.4493310731251582,99.0,0.06842105263157895,0.013452529907226562,0.0012264251708984375,0.0005340576171875,0.007811546325683594,0.0,59,[40],exhausted,
Football_data_England_Premier_League/finerEngland_2009_2010,Football_finer,A4,712779aad638f619,1787630277.3216796,complete,20,380,1.0,1129.0,282,373.9999999999999,190,373.9999999999999,0.3312666076173604,92,0,0,0.0,0.32860938883968105,0.15260492030651915,370.9999999999999,0.09473684210526316,0.02268505096435547,0.0050389766693115234,0.0009620189666748047,0.007748603820800781,0.0,268,[92],exhausted,
Football_data_England_Premier_League/finerEngland_2010_2011,Football_finer,A4,712779aad638f619,1787630277.3468933,complete,20,380,1.0,1139.0,298,457.9999999999999,190,457.9999999999999,0.40210711150131684,108,0,0,0.0,0.395083406496927,0.192197512203558,449.9999999999999,0.12631578947368421,0.024380207061767578,0.005548954010009766,0.0010309219360351562,0.008571863174438477,0.0,281,[108],exhausted,
Football_data_England_Premier_League/finerEngland_2011_2012,Football_finer,A4,712779aad638f619,1787630277.3737829,complete,20,380,1.0,1142.0,292,414.9999999999999,190,414.9999999999999,0.36339754816112074,102,0,0,0.0,0.35726795096322234,0.18626093724366505,407.9999999999999,0.11578947368421053,0.024309635162353516,0.005574941635131836,0.0009887218475341797,0.008280754089355469,0.0,273,[102],exhausted,
FacultyHiringNetworks/Business/Business_FM_Full_,Faculty,A4,712779aad638f619,1787630277.4006517,complete,113,1787,0.14119785082174463,3255.0,308,159.0,133,159.0,0.04884792626728111,175,0,0,0.0,0.04884792626728111,0.42257671846794553,159.0,0.09165613147914033,0.07682251930236816,0.003281831741333008,0.005644083023071289,0.04956793785095215,0.0,68,[175],exhausted,
FacultyHiringNetworks/History/History_FM_Full_,Faculty,A4,712779aad638f619,1787630277.480049,complete,145,1204,0.057662835249042144,1776.0,144,54.0,52,54.0,0.030405405405405407,92,0,0,0.0,0.030405405405405407,0.44487579657341364,54.0,0.11293103448275862,0.06908059120178223,0.0011336803436279297,0.0032825469970703125,0.051833391189575195,0.0,26,[92],exhausted,
FacultyHiringNetworks/ComputerScience/ComputerScience_FM_Full_,Faculty,A4,712779aad638f619,1787630277.5516512,complete,206,1407,0.033317546767700684,1957.0,176,66.0,62,66.0,0.03372508942258559,114,0,0,0.0,0.03372508942258559,0.5498087119561136,66.0,0.1369168837319441,0.08458638191223145,0.0019450187683105469,0.005127668380737305,0.06198382377624512,0.0,27,[114],exhausted,
Dryad_animal_society,Animal,A4,712779aad638f619,1787630277.638718,complete,21,193,0.4595238095238095,939.0,60,74.0,42,74.0,0.07880724174653887,18,0,0,0.0,0.07880724174653887,0.3533387265554227,74.0,0.0380952380952381,0.011841297149658203,0.0007703304290771484,0.0003707408905029297,0.007608890533447266,0.0,37,[18],exhausted,
Halo2BetaData,Halo,A4,712779aad638f619,1787630277.6529915,complete,602,5010,0.013847352972067595,23953.0,1952,3302.0,1042,3302.0,0.13785329603807456,910,0,0,0.0,0.4254581928253174,0.5483769904046956,10191.0,0.4371838740526586,0.74678635597229,0.08438420295715332,0.3269779682159424,0.2167665958404541,0.0,690,[910],exhausted,
Basketball_temporal/1986,Basketball_coarse,A4,712779aad638f619,1787630278.4023333,complete,283,2937,0.03680174422975716,42282.0,1081,4189.0,684,4189.0,0.09907289153777021,397,0,0,0.0,0.09907289153777021,0.4905395533266876,4189.0,0.12723354133774403,0.3557884693145752,0.09386563301086426,0.04555964469909668,0.09823179244995117,0.0,790,[397],exhausted,
Basketball_temporal/1987,Basketball_coarse,A4,712779aad638f619,1787630278.7608287,complete,290,3045,0.03633217993079585,43841.0,1107,4480.0,727,4480.0,0.10218745010378413,380,0,0,0.0,0.10161720763668712,0.4933408696631285,4455.0,0.09879489321083403,0.3726480007171631,0.09626603126525879,0.04762530326843262,0.10769915580749512,0.0,795,[380],exhausted,
Basketball_temporal/1989,Basketball_coarse,A4,712779aad638f619,1787630279.1360717,complete,293,3162,0.03695824956753471,49151.0,1119,4991.0,744,4991.0,0.10154422087037904,375,0,0,0.0,0.10148318447234034,0.49476108338589164,4988.0,0.11480200102856608,0.39830756187438965,0.10908842086791992,0.046480417251586914,0.10864543914794922,0.0,838,[375],exhausted,
Basketball_temporal/1990,Basketball_coarse,A4,712779aad638f619,1787630279.5370135,complete,292,3192,0.03756531563338512,48502.0,1144,4954.0,724,4954.0,0.10214011793328111,420,0,0,0.0,0.10203702940084945,0.46228819723358466,4949.0,0.10337522948736054,0.4185512065887451,0.11569070816040039,0.05333113670349121,0.108734130859375,0.0,808,[420],exhausted,
Basketball_temporal/1992,Basketball_coarse,A4,712779aad638f619,1787630279.9581742,complete,298,3238,0.036585090276365445,52990.0,1155,5261.0,734,5261.0,0.09928288356293641,421,0,0,0.0,0.09924514059256463,0.471111065807879,5259.0,0.10426411768693648,0.4622340202331543,0.14006590843200684,0.05130505561828613,0.10981369018554688,0.0,842,[421],exhausted,
Basketball_temporal/1995,Basketball_coarse,A4,712779aad638f619,1787630280.422996,complete,302,3182,0.03500473036896878,51675.0,1157,5390.0,725,5390.0,0.10430575713594581,432,0,0,0.0,0.10430575713594581,0.4520266035391816,5390.0,0.10604827176519768,0.4095480442047119,0.11157464981079102,0.05199575424194336,0.1069328784942627,0.0,850,[432],exhausted,
Basketball_temporal/1996,Basketball_coarse,A4,712779aad638f619,1787630280.835191,complete,305,3256,0.03511647972389991,51294.0,1197,5559.0,751,5559.0,0.10837524856708387,446,0,0,0.0,0.10829726673685032,0.4818445980747301,5555.0,0.09920189818809319,0.4154398441314697,0.1111900806427002,0.05550980567932129,0.11111974716186523,0.0,889,[446],exhausted,
Basketball_temporal/1998,Basketball_coarse,A4,712779aad638f619,1787630281.253231,complete,306,3321,0.035583413693346194,52490.0,1178,5383.0,755,5383.0,0.10255286721280243,423,0,0,0.0,0.10255286721280243,0.5143655362850964,5383.0,0.10656809171756135,0.4201779365539551,0.11514735221862793,0.05466318130493164,0.10738277435302734,0.0,869,[423],exhausted,
Basketball_temporal/1999,Basketball_coarse,A4,712779aad638f619,1787630281.6760552,complete,310,3385,0.03533771792462679,53137.0,1258,5801.0,777,5801.0,0.10917063439787719,481,0,0,0.0,0.10915181511940832,0.5225606155722685,5800.0,0.1307860945818979,0.42891526222229004,0.11357522010803223,0.0617365837097168,0.11292362213134766,0.0,915,[481],exhausted,
Basketball_temporal/2001,Basketball_coarse,A4,712779aad638f619,1787630282.1076186,complete,318,3405,0.033777751324325936,53482.0,1171,5320.0,707,5320.0,0.09947271979357541,464,0,0,0.0,0.09947271979357541,0.4892993733421754,5320.0,0.10423982699442494,0.45178699493408203,0.12504124641418457,0.06107282638549805,0.11253571510314941,0.0,853,[464],exhausted,
Basketball_temporal/2002,Basketball_coarse,A4,712779aad638f619,1787630282.56206,complete,321,3505,0.034121884735202494,55154.0,1263,5947.0,801,5947.0,0.1078253617144722,462,0,0,0.0,0.1078253617144722,0.5024640734830979,5947.0,0.12628504672897195,0.44599270820617676,0.11603808403015137,0.06742596626281738,0.11771273612976074,0.0,936,[462],exhausted,
Basketball_temporal/2004,Basketball_coarse,A4,712779aad638f619,1787630283.0108185,complete,326,3527,0.03328928739971685,53591.0,1208,5736.0,749,5736.0,0.10703289731484764,459,0,0,0.0,0.10703289731484764,0.49367100366651545,5736.0,0.10948560641812176,0.47967028617858887,0.1170656681060791,0.06719756126403809,0.11559629440307617,0.0,898,[459],exhausted,
Basketball_temporal/2005,Basketball_coarse,A4,712779aad638f619,1787630283.4950416,complete,330,3622,0.03336096527585889,55251.0,1244,5639.0,778,5639.0,0.10206150114930046,466,0,0,0.0,0.10206150114930046,0.5080352345619474,5639.0,0.10962512664640324,0.5709841251373291,0.1618802547454834,0.07640910148620605,0.14992856979370117,0.0,924,[466],exhausted,
Basketball_temporal/2007,Basketball_coarse,A4,712779aad638f619,1787630284.0686948,complete,336,3974,0.035305614783226726,59599.0,1362,5785.0,820,5785.0,0.09706538700313763,542,0,0,0.0,0.09706538700313763,0.5018254394507465,5785.0,0.1060589907604833,0.5904037952423096,0.16873955726623535,0.09016299247741699,0.12548017501831055,0.0,980,[542],exhausted,
Basketball_temporal/2008,Basketball_coarse,A4,712779aad638f619,1787630284.6624584,complete,342,4051,0.03473615612834628,61555.0,1485,6596.0,888,6596.0,0.1071562017707741,597,0,0,0.0,0.1071074648688165,0.5051778027654087,6593.0,0.1287407178748435,0.6342606544494629,0.16919422149658203,0.1098334789276123,0.1344282627105713,0.0,1059,[597],exhausted,
Basketball_temporal/2010,Basketball_coarse,A4,712779aad638f619,1787630285.299437,complete,347,4133,0.03442388099481934,62804.0,1382,6107.0,836,6107.0,0.09723902936118718,546,0,0,0.0,0.09723902936118718,0.5073117654977307,6107.0,0.10203061751428429,0.6764535903930664,0.1563863754272461,0.09465837478637695,0.23401975631713867,0.0,973,[546],exhausted,
Basketball_temporal/2011,Basketball_coarse,A4,712779aad638f619,1787630285.978654,complete,345,4086,0.034428715874620826,60955.0,1428,6055.0,854,6055.0,0.09933557542449348,574,0,0,0.0,0.09933557542449348,0.5112383520393426,6055.0,0.10439838220424671,0.5686798095703125,0.15837693214416504,0.09583830833435059,0.12636733055114746,0.0,983,[574],exhausted,
Basketball_temporal/2013,Basketball_coarse,A4,712779aad638f619,1787630286.5500176,complete,347,4153,0.034590461594842664,62047.0,1445,6286.0,875,6286.0,0.10131029703289442,570,0,0,0.0,0.10126194658887618,0.511103114038871,6283.0,0.09345171661308324,0.5802896022796631,0.15509939193725586,0.09982514381408691,0.13349151611328125,0.0,1000,[570],exhausted,
Basketball_temporal/finer1986,Basketball_finer,A4,712779aad638f619,1787630287.1330256,complete,283,4862,0.060922737638774024,524503.6000000001,4273,246650.3,2431,246650.3,0.47025473228401093,1842,0,0,0.0,0.4702051616042291,0.11792212270306882,246624.3,0.19181515174297672,0.5953209400177002,0.17026281356811523,0.10022449493408203,0.12068009376525879,0.0,4260,[1842],exhausted,
Basketball_temporal/finer1987,Basketball_finer,A4,712779aad638f619,1787630287.7311423,complete,290,5088,0.060708745973034245,567536.0,4511,268497.5,2544,268497.5,0.4730933368103521,1967,0,0,0.0,0.4728924684953906,0.12019151651319208,268383.5,0.19233981625104402,0.6393730640411377,0.173095703125,0.1238260269165039,0.1288926601409912,0.0,4503,[1967],exhausted,
Basketball_temporal/finer1989,Basketball_finer,A4,712779aad638f619,1787630288.3732,complete,293,5318,0.06215811865912385,611441.3999999999,4712,288857.7,2659,288857.7,0.47242090574828605,2053,0,0,0.0,0.4721968450288123,0.10228448063111878,288720.7,0.21522745336387863,0.687067985534668,0.18422985076904297,0.14532732963562012,0.1289677619934082,0.0,4702,[2053],exhausted,
Basketball_temporal/finer1990,Basketball_finer,A4,712779aad638f619,1787630289.0630438,complete,292,5350,0.06296191686673257,606265.0,4753,286508.5,2675,286508.5,0.47257964751387593,2078,0,0,0.0,0.4723817142668635,0.12552401515639358,286388.5,0.20453796544744152,0.6808476448059082,0.18465423583984375,0.1437675952911377,0.12839055061340332,0.0,4746,[2078],exhausted,
Basketball_temporal/finer1992,Basketball_finer,A4,712779aad638f619,1787630289.7466502,complete,298,5444,0.061509954127403794,608058.4,4798,285736.69999999995,2722,285736.69999999995,0.46991654091120183,2076,0,0,0.0,0.4696221612924022,0.1149124434653154,285557.7,0.1983820305967957,0.699941873550415,0.19514107704162598,0.14047741889953613,0.12877511978149414,0.0,4789,[2076],exhausted,
Basketball_temporal/finer1993,Basketball_finer,A4,712779aad638f619,1787630290.4492955,complete,298,5160,0.058301132126635485,585396.4,4544,275534.20000000007,2580,275534.20000000007,0.47067969669782744,1964,0,0,0.0,0.47060624219759467,0.12465629222799113,275491.2,0.20378279438682123,0.6414239406585693,0.18021011352539062,0.11954140663146973,0.11928153038024902,0.0,4529,[1964],exhausted,
Basketball_temporal/finer1995,Basketball_finer,A4,712779aad638f619,1787630291.0935285,complete,302,5336,0.05870057864513432,602136.4,4700,283117.7,2668,283117.7,0.4701886482863351,2032,0,0,0.0,0.47000430467249615,0.12033646254484404,283006.7,0.20844425865217486,0.672555685043335,0.18596529960632324,0.1365349292755127,0.13146662712097168,0.0,4692,[2032],exhausted,
Basketball_temporal/finer1996,Basketball_finer,A4,712779aad638f619,1787630291.768779,complete,305,5498,0.059296807592752375,594157.3999999999,4886,280306.2,2749,280306.2,0.47177094823694876,2137,0,0,0.0,0.471414140428109,0.1157995624573879,280094.20000000007,0.20955565142364108,0.7099428176879883,0.19378972053527832,0.15086603164672852,0.12818431854248047,0.0,4878,[2137],exhausted,
Basketball_temporal/finer1998,Basketball_finer,A4,712779aad638f619,1787630292.4815352,complete,306,5684,0.06090217507768134,591892.3999999999,5018,278033.69999999995,2842,278033.69999999995,0.46973689812540254,2176,0,0,0.0,0.46943785728622295,0.11623914078828597,277856.69999999995,0.1831565413050466,0.7637796401977539,0.2106184959411621,0.1496586799621582,0.13926005363464355,0.0,5012,[2176],exhausted,
Basketball_temporal/finer1999,Basketball_finer,A4,712779aad638f619,1787630293.2481837,complete,310,5788,0.06042384382503393,589693.4,5113,277294.2,2894,277294.2,0.4702345320466534,2219,0,0,0.0,0.4699564214217083,0.11173015583393141,277130.2,0.21762188119845496,0.7777316570281982,0.21916580200195312,0.15922331809997559,0.1387319564819336,0.0,5105,[2219],exhausted,
Basketball_temporal/finer2001,Basketball_finer,A4,712779aad638f619,1787630294.028852,complete,318,6116,0.06067099180604329,634858.4,5419,298899.7,3058,298899.7,0.47081317660757105,2361,0,0,0.0,0.47070134064540997,0.11926507661680726,298828.69999999995,0.19086165506021466,0.921804666519165,0.2812068462371826,0.2070765495300293,0.15799593925476074,0.0,5410,[2361],exhausted,
Basketball_temporal/finer2002,Basketball_finer,A4,712779aad638f619,1787630294.9534736,complete,321,6192,0.0602803738317757,645798.0,5488,304098.5,3096,304098.5,0.47088795567654285,2392,0,0,0.0,0.4704714167588007,0.13000093418972436,303829.5,0.19684579439252337,0.8271515369415283,0.22781968116760254,0.18161678314208984,0.1449577808380127,0.0,5478,[2392],exhausted,
Basketball_temporal/finer2004,Basketball_finer,A4,712779aad638f619,1787630295.783439,complete,326,6316,0.05961302501179802,631535.2,5617,298393.1,3158,298393.1,0.4724884693679782,2459,0,0,0.0,0.4720007689199272,0.1193452936376843,298085.1,0.2054742803209061,0.9253487586975098,0.2569160461425781,0.21130609512329102,0.15135693550109863,0.0,5612,[2459],exhausted,
Basketball_temporal/finer2005,Basketball_finer,A4,712779aad638f619,1787630296.7119296,complete,330,6476,0.059648153265174544,642948.0,5712,302835.5,3238,302835.5,0.4710108749074575,2474,0,0,0.0,0.4707869065616504,0.12347284999474788,302691.5,0.21471861471861473,0.9921140670776367,0.2803349494934082,0.22235512733459473,0.15062594413757324,0.0,5704,[2474],exhausted,
Basketball_temporal/finer2007,Basketball_finer,A4,712779aad638f619,1787630297.7068477,complete,336,7186,0.06384150675195452,694880.5999999999,6357,326849.3,3593,326849.3,0.4703675710618487,2764,0,0,0.0,0.4702092704847424,0.13010484750715756,326739.30000000005,0.21058990760483298,1.128194808959961,0.2991766929626465,0.27001523971557617,0.19740056991577148,0.0,6354,[2764],exhausted,
Basketball_temporal/finer2008,Basketball_finer,A4,712779aad638f619,1787630298.8385177,complete,342,7386,0.06333281885064568,712069.6,6576,335003.3,3693,335003.3,0.4704642636056925,2883,0,0,0.0,0.470263440540082,0.1235340302289231,334860.3,0.18994700828317126,1.1383209228515625,0.3083963394165039,0.29407215118408203,0.16039323806762695,0.0,6570,[2883],exhausted,
Basketball_temporal/finer2010,Basketball_finer,A4,712779aad638f619,1787630299.980767,complete,347,7538,0.0627842281487898,722803.5999999999,6750,339658.3,3769,339658.3,0.46991783106780327,2981,0,0,0.0,0.46966603376076166,0.1252959776944091,339476.3,0.19741466908763805,1.1280298233032227,0.3103218078613281,0.29437994956970215,0.15984892845153809,0.0,6742,[2981],exhausted,
Basketball_temporal/finer2011,Basketball_finer,A4,712779aad638f619,1787630301.1117082,complete,345,7504,0.0632288506909336,718937.2,6724,338973.6,3752,338973.6,0.4714926421946173,2972,0,0,0.0,0.4709752117431119,0.1245385715478756,338601.6,0.20247724974721942,1.1749513149261475,0.3130762577056885,0.3161630630493164,0.16754674911499023,0.0,6716,[2972],exhausted,
Basketball_temporal/finer2012,Basketball_finer,A4,712779aad638f619,1787630302.28957,complete,345,7580,0.06386922817660937,709133.5999999999,6744,333077.3,3790,333077.3,0.46969611932081634,2954,0,0,0.0,0.46959317680053536,0.12414116979929576,333004.30000000005,0.19202898550724637,1.1769042015075684,0.33348631858825684,0.2895693778991699,0.16112995147705078,0.0,6737,[2954],exhausted,
Basketball_temporal/finer2013,Basketball_finer,A4,712779aad638f619,1787630303.4694457,complete,347,7616,0.06343389248888075,712608.0,6746,334957.0,3808,334957.0,0.47004383896897034,2938,0,0,0.0,0.4699484148367686,0.1288799048214983,334889.0,0.20924189168929386,1.198275089263916,0.3370692729949951,0.3050861358642578,0.16611266136169434,0.0,6735,[2938],exhausted,
Basketball_temporal/finer2014,Basketball_finer,A4,712779aad638f619,1787630304.670602,complete,351,7650,0.06227106227106227,754719.3999999999,6857,356844.19999999995,3825,356844.19999999995,0.47281704962135596,3032,0,0,0.0,0.47258252537300616,0.13012434954877258,356667.19999999995,0.20584452584452584,1.1956918239593506,0.32875752449035645,0.3207709789276123,0.16228008270263672,0.0,6850,[3032],exhausted,
Football_data_England_Premier_League/England_2012_2013,Football_coarse,A4,712779aad638f619,1787630305.8691695,complete,20,216,0.5684210526315789,475.0,114,100.0,66,100.0,0.21052631578947367,48,0,0,0.0,0.21052631578947367,0.4053311143432953,100.0,0.11052631578947368,0.013401985168457031,0.0010144710540771484,0.0005915164947509766,0.008246660232543945,0.0,55,[48],exhausted,
Football_data_England_Premier_League/England_2013_2014,Football_coarse,A4,712779aad638f619,1787630305.885385,complete,20,222,0.5842105263157895,576.0,99,79.0,59,79.0,0.1371527777777778,40,0,0,0.0,0.1371527777777778,0.3807925017458761,79.0,0.07368421052631578,0.01333475112915039,0.0009739398956298828,0.0005502700805664062,0.008501052856445312,0.0,48,[40],exhausted,
Football_data_England_Premier_League/England_2014_2015,Football_coarse,A4,712779aad638f619,1787630305.9014957,complete,20,107,0.28157894736842104,181.0,42,21.0,19,21.0,0.11602209944751381,23,0,0,0.0,0.11602209944751381,0.5112614832798665,21.0,0.15263157894736842,0.010906219482421875,0.00037789344787597656,0.000316619873046875,0.008214473724365234,0.0,15,[23],exhausted,
Football_data_England_Premier_League/finerEngland_2012_2013,Football_finer,A4,712779aad638f619,1787630305.9152455,complete,20,380,1.0,1139.0,284,435.9999999999999,190,435.9999999999999,0.38279192273924484,94,0,0,0.0,0.3810359964881474,0.15473210495895634,433.9999999999999,0.10526315789473684,0.022350549697875977,0.005189418792724609,0.0009233951568603516,0.007633209228515625,0.0,271,[94],exhausted,
Football_data_England_Premier_League/finerEngland_2013_2014,Football_finer,A4,712779aad638f619,1787630305.9406083,complete,20,380,1.0,1127.9999999999998,273,367.9999999999999,190,367.9999999999999,0.326241134751773,83,0,0,0.0,0.326241134751773,0.19160545720186728,367.9999999999999,0.13157894736842105,0.022533416748046875,0.004671573638916016,0.0008642673492431641,0.008562803268432617,0.0,258,[83],exhausted,
Football_data_England_Premier_League/finerEngland_2014_2015,Football_finer,A4,712779aad638f619,1787630305.9659896,complete,20,300,0.7894736842105263,422.9999999999999,224,145.99999999999994,150,145.99999999999994,0.3451536643026004,74,0,0,0.0,0.3451536643026004,0.28939642040368413,145.99999999999994,0.10526315789473684,0.018468141555786133,0.0032892227172851562,0.0007054805755615234,0.007968664169311523,0.0,187,[74],exhausted,
Basketball_temporal/1985,Basketball_coarse,A5,712779aad638f619,1787630305.9873471,complete,282,2904,0.03664723252820474,40493.0,1074,4031.0,692,3948.0,0.0974983330452177,382,27,10,83.0,0.09717728990195837,0.4652678441069052,3935.0,0.0967921051967391,2.205650806427002,0.0847320556640625,0.04062008857727051,0.0011968612670898438,1.9686884880065918,758,[384],exhausted,
Basketball_temporal/1988,Basketball_coarse,A5,712779aad638f619,1787630308.1961322,complete,290,3099,0.03697649445173607,47701.0,1155,4857.0,735,4810.0,0.10083646045156286,420,102,10,47.0,0.10075260476719565,0.48064759705566956,4806.0,0.12969812671518913,3.471928834915161,0.08562445640563965,0.052092790603637695,0.0012726783752441406,3.2188451290130615,821,[425],exhausted,
Basketball_temporal/1991,Basketball_coarse,A5,712779aad638f619,1787630311.6862488,complete,295,3218,0.03710365502133057,52133.0,1160,5308.0,749,5250.0,0.10070396869545202,411,10,10,58.0,0.10045460648725375,0.45724612777930007,5237.0,0.0983973250317076,2.5633909702301025,0.13555121421813965,0.048459529876708984,0.0013246536254882812,2.2089035511016846,875,[411],exhausted,
Basketball_temporal/1994,Basketball_coarse,A5,712779aad638f619,1787630314.252936,complete,301,3144,0.03481727574750831,51068.0,1099,5093.0,709,5012.0,0.09814365160178586,390,45,10,81.0,0.09784992558941019,0.46450072260645925,4997.0,0.11357696566998893,2.9434030055999756,0.10862612724304199,0.053685903549194336,0.001314401626586914,2.649719715118408,849,[394],exhausted,
Basketball_temporal/1997,Basketball_coarse,A5,712779aad638f619,1787630317.199523,complete,305,3333,0.035946937014667814,52037.0,1232,5857.0,787,5800.0,0.11145915406345484,445,10,10,57.0,0.11145915406345484,0.5126868410904457,5800.0,0.13257118205349439,2.6278812885284424,0.14028334617614746,0.05756711959838867,0.0013325214385986328,2.261605978012085,948,[445],exhausted,
Basketball_temporal/2000,Basketball_coarse,A5,712779aad638f619,1787630319.8305242,complete,318,3475,0.03447215443525187,55092.0,1189,5183.0,744,5146.0,0.09340739127278008,445,213,10,37.0,0.09311696798083206,0.519166204293866,5130.0,0.09898220344027141,5.968271493911743,0.13068819046020508,0.06049489974975586,0.0014255046844482422,5.61333703994751,888,[447],exhausted,
Basketball_temporal/2003,Basketball_coarse,A5,712779aad638f619,1787630325.8019392,complete,327,3560,0.03339524586780736,54489.0,1297,5833.0,785,5793.0,0.10631503606232451,512,10,10,40.0,0.10631503606232451,0.5062841475050893,5793.0,0.10810303746646405,2.9857332706451416,0.12432241439819336,0.07788491249084473,0.0014951229095458984,2.6298716068267822,919,[512],exhausted,
Basketball_temporal/2006,Basketball_coarse,A5,712779aad638f619,1787630328.790828,complete,334,3695,0.03322184459909011,55402.0,1312,6106.0,799,6076.0,0.10967113100610086,513,10,10,30.0,0.10963503122630952,0.5257378313334228,6074.0,0.12598226969484455,2.9860024452209473,0.1456434726715088,0.08228635787963867,0.0015494823455810547,2.5761117935180664,942,[514],exhausted,
Basketball_temporal/2009,Basketball_coarse,A5,712779aad638f619,1787630331.7799764,complete,347,4155,0.034607119654844996,61946.0,1424,6309.0,903,6269.0,0.10120104607238563,521,19,10,40.0,0.1011526167952733,0.4860871208862313,6266.0,0.10176408855424697,4.135816335678101,0.18971705436706543,0.08983469009399414,0.0018870830535888672,3.6307642459869385,1039,[522],exhausted,
Basketball_temporal/2012,Basketball_coarse,A5,712779aad638f619,1787630335.919105,complete,345,4126,0.034765756656555444,61534.0,1389,5988.0,830,5925.0,0.09628823089674002,559,98,10,63.0,0.09628823089674002,0.4959479687206768,5925.0,0.1017020559487698,5.4656007289886475,0.15378713607788086,0.09360766410827637,0.0018734931945800781,5.027477741241455,969,[562],exhausted,
Basketball_temporal/2014,Basketball_coarse,A5,712779aad638f619,1787630341.387917,complete,351,4196,0.03415547415547415,60897.0,1471,6400.0,874,6373.0,0.10465211750989376,597,17,10,27.0,0.10455359048885823,0.5109577293161093,6367.0,0.09649165649165649,4.0431060791015625,0.1726851463317871,0.10622787475585938,0.0017194747924804688,3.5512912273406982,1019,[597],exhausted,
Basketball_temporal/1993,Basketball_coarse,A5,712779aad638f619,1787630345.4342325,complete,298,3088,0.03489028992384697,48535.0,1095,5035.0,712,4985.0,0.1027093849799114,383,70,10,50.0,0.1027093849799114,0.49629582303608416,4985.0,0.09511219578333673,3.0460762977600098,0.10199117660522461,0.051857709884643555,0.0012159347534179688,2.759584426879883,795,[385],exhausted,
Basketball_temporal/finer1985,Basketball_finer,A5,712779aad638f619,1787630348.483465,complete,282,4814,0.06075061204916585,518633.4,4254,245469.7,2407,245265.7,0.4729076453618298,1847,10,10,204.0,0.4729076453618298,0.15234186255636933,245265.7,0.2353549885161909,7.0272626876831055,0.16555023193359375,0.11072278022766113,0.0012700557708740234,6.547433137893677,4244,[1847],exhausted,
Basketball_temporal/finer1988,Basketball_finer,A5,712779aad638f619,1787630355.5139754,complete,290,5170,0.06168714950483236,584038.0,4564,275802.5,2585,275519.5,0.47174926973929776,1979,10,10,283.0,0.47174926973929776,0.14149848703496465,275519.5,0.23519866364395656,7.875237941741943,0.17515182495117188,0.12556076049804688,0.0013687610626220703,7.354628801345825,4554,[1979],exhausted,
Basketball_temporal/finer1991,Basketball_finer,A5,712779aad638f619,1787630363.3923788,complete,295,5420,0.062492793727660555,630782.6,4751,297366.3,2710,297079.3,0.4709693957950013,2041,10,10,287.0,0.4709693957950013,0.1361804642686239,297079.3,0.19910065721203735,8.811278581619263,0.20351696014404297,0.14118576049804688,0.0014278888702392578,8.213993787765503,4743,[2041],exhausted,
Basketball_temporal/finer1994,Basketball_finer,A5,712779aad638f619,1787630372.2069833,complete,301,5252,0.058161683277962346,608682.0,4644,287064.0,2626,286776.0,0.47114256705471824,2018,10,10,288.0,0.47114256705471824,0.1400517334492636,286776.0,0.21984496124031008,8.521322250366211,0.18990111351013184,0.13733196258544922,0.0014045238494873047,7.955305814743042,4634,[2018],exhausted,
Basketball_temporal/finer1997,Basketball_finer,A5,712779aad638f619,1787630380.73165,complete,305,5628,0.06069887834339948,582710.0,4983,274410.5,2814,274151.5,0.4704767380000343,2169,10,10,259.0,0.4704767380000343,0.13986389220615153,274151.5,0.2343183779119931,9.821460962295532,0.20716500282287598,0.15807366371154785,0.0014858245849609375,9.197956323623657,4975,[2169],exhausted,
Basketball_temporal/finer2000,Basketball_finer,A5,712779aad638f619,1787630390.5565212,complete,318,6274,0.06223835882784755,634382.8,5565,298067.9,3137,297768.9,0.46938362767716907,2428,10,10,299.0,0.46938362767716907,0.13681100074301358,297768.9,0.19475031248139993,12.136368989944458,0.269000768661499,0.20113849639892578,0.0017006397247314453,11.341784954071045,5563,[2428],exhausted,
Basketball_temporal/finer2003,Basketball_finer,A5,712779aad638f619,1787630402.696175,complete,327,6356,0.05962364683589426,645095.2,5635,304576.6,3178,304318.6,0.47174215526638547,2457,11,10,258.0,0.47174215526638547,0.13541570956303872,304318.6,0.24108365696703626,12.660210609436035,0.27187538146972656,0.23823904991149902,0.0017428398132324219,11.838071346282959,5628,[2457],exhausted,
Basketball_temporal/finer2006,Basketball_finer,A5,712779aad638f619,1787630415.3596296,complete,334,6680,0.06006006006006006,653869.4,5926,308180.7,3340,307955.69999999995,0.470974326065725,2586,10,10,225.0000000000582,0.470974326065725,0.13588814392993115,307955.69999999995,0.22339105572638507,13.706348180770874,0.2726879119873047,0.23317909240722656,0.0017275810241699219,12.859816074371338,5915,[2586],exhausted,
Basketball_temporal/finer2009,Basketball_finer,A5,712779aad638f619,1787630429.0694087,complete,347,7478,0.06228448634871983,714987.7999999999,6668,336829.9,3739,336554.9,0.47071418561267764,2929,11,10,275.0,0.47071418561267764,0.1359963829364409,336554.9,0.20207892588829104,17.68413519859314,0.3107941150665283,0.30956172943115234,0.0020406246185302734,16.696704864501953,6663,[2929],exhausted,
Basketball_temporal/finer2012,Basketball_finer,A5,712779aad638f619,1787630446.7569036,complete,345,7580,0.06386922817660937,709133.5999999999,6744,333077.3,3790,332849.29999999993,0.4693746002163767,2954,10,10,228.0000000000582,0.4693746002163767,0.15080305114809522,332849.29999999993,0.19583754634310752,17.555859565734863,0.3287484645843506,0.28522229194641113,0.0020208358764648438,16.55109190940857,6737,[2954],exhausted,
Football_data_England_Premier_League/England_2009_2010,Football_coarse,A5,712779aad638f619,1787630464.3160357,complete,20,215,0.5657894736842105,559.0,100,76.0,56,76.0,0.13595706618962433,44,56,0,0.0,0.13595706618962433,0.4290569441685285,76.0,0.031578947368421054,0.05280494689941406,0.0008664131164550781,0.0005376338958740234,8.845329284667969e-05,0.04750204086303711,45,[44],exhausted,
Football_data_England_Premier_League/England_2010_2011,Football_coarse,A5,712779aad638f619,1787630464.3721416,complete,20,219,0.5763157894736842,485.0,125,114.0,74,114.0,0.23505154639175257,51,74,0,0.0,0.23505154639175257,0.5653113535932368,114.0,0.09473684210526316,0.06552791595458984,0.0012319087982177734,0.0005903244018554688,8.726119995117188e-05,0.05974698066711426,65,[51],exhausted,
Football_data_England_Premier_League/England_2011_2012,Football_coarse,A5,712779aad638f619,1787630464.4409134,complete,20,226,0.5947368421052631,548.0,110,99.0,70,99.0,0.18065693430656934,40,70,0,0.0,0.18065693430656934,0.5105298240287788,99.0,0.06842105263157895,0.21882104873657227,0.0012657642364501953,0.0005900859832763672,0.00010013580322265625,0.21278738975524902,59,[40],exhausted,
Football_data_England_Premier_League/finerEngland_2009_2010,Football_finer,A5,712779aad638f619,1787630464.6631598,complete,20,380,1.0,1129.0,282,373.9999999999999,191,370.1999999999999,0.3279007971656332,91,190,3,3.8000000000000114,0.32683790965456144,0.19278225789494957,368.9999999999999,0.10526315789473684,0.19932341575622559,0.004898548126220703,0.0009183883666992188,0.00011038780212402344,0.18462681770324707,268,[92],exhausted,
Football_data_England_Premier_League/finerEngland_2010_2011,Football_finer,A5,712779aad638f619,1787630464.8658957,complete,20,380,1.0,1139.0,298,457.9999999999999,190,448.9999999999999,0.3942054433713783,108,190,3,9.0,0.3942054433713783,0.26110521996719516,448.9999999999999,0.13157894736842105,0.20165443420410156,0.005403280258178711,0.0010266304016113281,0.00011038780212402344,0.1855638027191162,281,[108],exhausted,
Football_data_England_Premier_League/finerEngland_2011_2012,Football_finer,A5,712779aad638f619,1787630465.0707867,complete,20,380,1.0,1142.0,292,414.9999999999999,190,407.9999999999999,0.35726795096322234,102,190,3,7.0,0.35726795096322234,0.24186388491705824,407.9999999999999,0.11578947368421053,0.208953857421875,0.0053484439849853516,0.0009477138519287109,0.00010800361633300781,0.19289183616638184,273,[102],exhausted,
FacultyHiringNetworks/Business/Business_FM_Full_,Faculty,A5,712779aad638f619,1787630465.2830992,complete,113,1787,0.14119785082174463,3255.0,308,159.0,133,159.0,0.04884792626728111,175,133,0,0.0,0.04884792626728111,0.4879582476096295,159.0,0.09165613147914033,1.3963191509246826,0.0034494400024414062,0.005743741989135742,0.0008516311645507812,1.3657491207122803,68,[175],exhausted,
FacultyHiringNetworks/History/History_FM_Full_,Faculty,A5,712779aad638f619,1787630466.6829512,complete,145,1204,0.057662835249042144,1776.0,144,54.0,52,54.0,0.030405405405405407,92,52,0,0.0,0.030405405405405407,0.5170612976755534,54.0,0.11293103448275862,0.287825345993042,0.0013158321380615234,0.0033609867095947266,0.0006101131439208984,0.2679262161254883,26,[92],exhausted,
FacultyHiringNetworks/ComputerScience/ComputerScience_FM_Full_,Faculty,A5,712779aad638f619,1787630466.9743335,complete,206,1407,0.033317546767700684,1957.0,176,66.0,62,66.0,0.03372508942258559,114,62,0,0.0,0.03372508942258559,0.5737833399383746,66.0,0.1369168837319441,0.7065134048461914,0.002076864242553711,0.005468606948852539,0.0007429122924804688,0.6805553436279297,27,[114],exhausted,
Dryad_animal_society,Animal,A5,712779aad638f619,1787630467.692562,complete,21,193,0.4595238095238095,939.0,60,74.0,42,74.0,0.07880724174653887,18,42,0,0.0,0.07880724174653887,0.4459050280269133,74.0,0.0380952380952381,0.03790593147277832,0.0007851123809814453,0.0003993511199951172,9.131431579589844e-05,0.033031463623046875,37,[18],exhausted,
Halo2BetaData,Halo,A5,712779aad638f619,1787630467.7340348,complete,602,5010,0.013847352972067595,23953.0,1952,3302.0,1042,3283.0,0.13706007598213168,910,44,10,19.0,0.4305097460746765,0.5514235418490658,10312.0,0.43722256925058456,7.3574299812316895,0.08823561668395996,0.3395202159881592,0.0016696453094482422,6.80198860168457,690,[910],exhausted,
Basketball_temporal/1985,Basketball_coarse,A6,712779aad638f619,1787630475.0950785,complete,282,2904,0.03664723252820474,40493.0,1074,4031.0,692,3948.0,0.0974983330452177,382,27,10,83.0,0.09717728990195837,0.4652678441069052,3935.0,0.0967921051967391,2.3335020542144775,0.08555388450622559,0.04068470001220703,0.10224771499633789,1.989999532699585,758,[384],exhausted,
Basketball_temporal/1988,Basketball_coarse,A6,712779aad638f619,1787630477.4320638,complete,290,3099,0.03697649445173607,47701.0,1155,4857.0,735,4810.0,0.10083646045156286,420,102,10,47.0,0.10075260476719565,0.48064759705566956,4806.0,0.12969812671518913,3.7128701210021973,0.08787989616394043,0.05323982238769531,0.10542511940002441,3.356355905532837,821,[425],exhausted,
Basketball_temporal/1991,Basketball_coarse,A6,712779aad638f619,1787630481.1483116,complete,295,3218,0.03710365502133057,52133.0,1160,5308.0,749,5250.0,0.10070396869545202,411,10,10,58.0,0.10045460648725375,0.45724612777930007,5237.0,0.0983973250317076,2.5274150371551514,0.13186025619506836,0.0473637580871582,0.11022591590881348,2.0780298709869385,875,[411],exhausted,
Basketball_temporal/1994,Basketball_coarse,A6,712779aad638f619,1787630483.6790812,complete,301,3144,0.03481727574750831,51068.0,1099,5093.0,709,5012.0,0.09814365160178586,390,45,10,81.0,0.09784992558941019,0.46450072260645925,4997.0,0.11357696566998893,2.758159637451172,0.10069680213928223,0.05200529098510742,0.11203455924987793,2.364725351333618,849,[394],exhausted,
Basketball_temporal/1997,Basketball_coarse,A6,712779aad638f619,1787630486.4555879,complete,305,3333,0.035946937014667814,52037.0,1232,5857.0,787,5800.0,0.11145915406345484,445,10,10,57.0,0.11145915406345484,0.5126868410904457,5800.0,0.13257118205349439,2.6773314476013184,0.13822340965270996,0.05726170539855957,0.1122586727142334,2.2030887603759766,948,[445],exhausted,
Basketball_temporal/2000,Basketball_coarse,A6,712779aad638f619,1787630489.136355,complete,318,3475,0.03447215443525187,55092.0,1189,5183.0,744,5146.0,0.09340739127278008,445,213,10,37.0,0.09311696798083206,0.519166204293866,5130.0,0.09898220344027141,6.186859369277954,0.13025259971618652,0.060278892517089844,0.11444759368896484,5.7223052978515625,888,[447],exhausted,
Basketball_temporal/2003,Basketball_coarse,A6,712779aad638f619,1787630495.326726,complete,327,3560,0.03339524586780736,54489.0,1297,5833.0,785,5793.0,0.10631503606232451,512,10,10,40.0,0.10631503606232451,0.5062841475050893,5793.0,0.10810303746646405,3.002959966659546,0.11919736862182617,0.07744455337524414,0.12008380889892578,2.5366408824920654,919,[512],exhausted,
Basketball_temporal/2006,Basketball_coarse,A6,712779aad638f619,1787630498.3331854,complete,334,3695,0.03322184459909011,55402.0,1312,6106.0,799,6076.0,0.10967113100610086,513,10,10,30.0,0.10963503122630952,0.5257378313334228,6074.0,0.12598226969484455,3.048842668533325,0.14372014999389648,0.081268310546875,0.12006378173828125,2.527432441711426,942,[514],exhausted,
Basketball_temporal/2009,Basketball_coarse,A6,712779aad638f619,1787630501.3854566,complete,347,4155,0.034607119654844996,61946.0,1424,6309.0,903,6269.0,0.10120104607238563,521,19,10,40.0,0.1011526167952733,0.4860871208862313,6266.0,0.10176408855424697,4.141282558441162,0.18581867218017578,0.08723759651184082,0.1239933967590332,3.523216485977173,1039,[522],exhausted,
Basketball_temporal/2012,Basketball_coarse,A6,712779aad638f619,1787630505.5303037,complete,345,4126,0.034765756656555444,61534.0,1389,5988.0,830,5925.0,0.09628823089674002,559,98,10,63.0,0.09628823089674002,0.4959479687206768,5925.0,0.1017020559487698,5.423465251922607,0.15054059028625488,0.09255814552307129,0.12181830406188965,4.873133659362793,969,[562],exhausted,
Basketball_temporal/2014,Basketball_coarse,A6,712779aad638f619,1787630510.9654737,complete,351,4196,0.03415547415547415,60897.0,1471,6400.0,874,6373.0,0.10465211750989376,597,17,10,27.0,0.10455359048885823,0.5109577293161093,6367.0,0.09649165649165649,4.071272611618042,0.17010903358459473,0.10543966293334961,0.12967205047607422,3.4602272510528564,1019,[597],exhausted,
Basketball_temporal/1993,Basketball_coarse,A6,712779aad638f619,1787630515.0402606,complete,298,3088,0.03489028992384697,48535.0,1095,5035.0,712,4985.0,0.1027093849799114,383,70,10,50.0,0.1027093849799114,0.49629582303608416,4985.0,0.09511219578333673,3.0547683238983154,0.10006856918334961,0.05150246620178223,0.10628342628479004,2.669080972671509,795,[385],exhausted,
Basketball_temporal/finer1985,Basketball_finer,A6,712779aad638f619,1787630518.098491,complete,282,4814,0.06075061204916585,518633.4,4254,245469.7,2407,245265.7,0.4729076453618298,1847,10,10,204.0,0.4729076453618298,0.15234186255636933,245265.7,0.2353549885161909,6.719052076339722,0.15998125076293945,0.10883116722106934,0.12043404579162598,6.129421710968018,4244,[1847],exhausted,
Basketball_temporal/finer1988,Basketball_finer,A6,712779aad638f619,1787630524.8210733,complete,290,5170,0.06168714950483236,584038.0,4564,275802.5,2585,275519.5,0.47174926973929776,1979,10,10,283.0,0.47174926973929776,0.14149848703496465,275519.5,0.23519866364395656,8.005380153656006,0.1729435920715332,0.12426590919494629,0.12748384475708008,7.368229389190674,4554,[1979],exhausted,
Basketball_temporal/finer1991,Basketball_finer,A6,712779aad638f619,1787630532.8299387,complete,295,5420,0.062492793727660555,630782.6,4751,297366.3,2710,297079.3,0.4709693957950013,2041,10,10,287.0,0.4709693957950013,0.1361804642686239,297079.3,0.19910065721203735,8.66037631034851,0.19619035720825195,0.1388850212097168,0.11648726463317871,7.968379497528076,4743,[2041],exhausted,
Basketball_temporal/finer1994,Basketball_finer,A6,712779aad638f619,1787630541.4938788,complete,301,5252,0.058161683277962346,608682.0,4644,287064.0,2626,286776.0,0.47114256705471824,2018,10,10,288.0,0.47114256705471824,0.1400517334492636,286776.0,0.21984496124031008,8.232489824295044,0.18193960189819336,0.133056640625,0.13198590278625488,7.561353921890259,4634,[2018],exhausted,
Basketball_temporal/finer1997,Basketball_finer,A6,712779aad638f619,1787630549.72987,complete,305,5628,0.06069887834339948,582710.0,4983,274410.5,2814,274151.5,0.4704767380000343,2169,10,10,259.0,0.4704767380000343,0.13986389220615153,274151.5,0.2343183779119931,9.245021343231201,0.19829130172729492,0.152388334274292,0.12937641143798828,8.519588947296143,4975,[2169],exhausted,
Basketball_temporal/finer2000,Basketball_finer,A6,712779aad638f619,1787630558.9783978,complete,318,6274,0.06223835882784755,634382.8,5565,298067.9,3137,297768.9,0.46938362767716907,2428,10,10,299.0,0.46938362767716907,0.13681100074301358,297768.9,0.19475031248139993,11.909311532974243,0.2611405849456787,0.19183611869812012,0.13752412796020508,11.006237506866455,5563,[2428],exhausted,
Basketball_temporal/finer2003,Basketball_finer,A6,712779aad638f619,1787630570.8912282,complete,327,6356,0.05962364683589426,645095.2,5635,304576.6,3178,304318.6,0.47174215526638547,2457,11,10,258.0,0.47174215526638547,0.13541570956303872,304318.6,0.24108365696703626,12.1473388671875,0.25623536109924316,0.22670960426330566,0.13655900955200195,11.22122073173523,5628,[2457],exhausted,
Basketball_temporal/finer2006,Basketball_finer,A6,712779aad638f619,1787630583.0421166,complete,334,6680,0.06006006006006006,653869.4,5926,308180.7,3340,307955.69999999995,0.470974326065725,2586,10,10,225.0000000000582,0.470974326065725,0.13588814392993115,307955.69999999995,0.22339105572638507,13.421968221664429,0.27126193046569824,0.22771096229553223,0.1507413387298584,12.445626735687256,5915,[2586],exhausted,
Basketball_temporal/finer2009,Basketball_finer,A6,712779aad638f619,1787630596.4676785,complete,347,7478,0.06228448634871983,714987.7999999999,6668,336829.9,3739,336554.9,0.47071418561267764,2929,11,10,275.0,0.47071418561267764,0.1359963829364409,336554.9,0.20207892588829104,17.021557569503784,0.2970309257507324,0.29538726806640625,0.1588153839111328,15.919260501861572,6663,[2929],exhausted,
Basketball_temporal/finer2012,Basketball_finer,A6,712779aad638f619,1787630613.4927864,complete,345,7580,0.06386922817660937,709133.5999999999,6744,333077.3,3790,332849.29999999993,0.4693746002163767,2954,10,10,228.0000000000582,0.4693746002163767,0.15080305114809522,332849.29999999993,0.19583754634310752,17.164777755737305,0.3153202533721924,0.2729361057281494,0.15444087982177734,16.04640817642212,6737,[2954],exhausted,
Football_data_England_Premier_League/England_2009_2010,Football_coarse,A6,712779aad638f619,1787630630.6611578,complete,20,215,0.5657894736842105,559.0,100,76.0,56,76.0,0.13595706618962433,44,56,0,0.0,0.13595706618962433,0.4290569441685285,76.0,0.031578947368421054,0.05810999870300293,0.0008864402770996094,0.0005414485931396484,0.008171319961547852,0.04485654830932617,45,[44],exhausted,
Football_data_England_Premier_League/England_2010_2011,Football_coarse,A6,712779aad638f619,1787630630.7226887,complete,20,219,0.5763157894736842,485.0,125,114.0,74,114.0,0.23505154639175257,51,74,0,0.0,0.23505154639175257,0.5653113535932368,114.0,0.09473684210526316,0.0696561336517334,0.0011887550354003906,0.0005733966827392578,0.007731437683105469,0.05643582344055176,65,[51],exhausted,
Football_data_England_Premier_League/England_2011_2012,Football_coarse,A6,712779aad638f619,1787630630.7956955,complete,20,226,0.5947368421052631,548.0,110,99.0,70,99.0,0.18065693430656934,40,70,0,0.0,0.18065693430656934,0.5105298240287788,99.0,0.06842105263157895,0.06868863105773926,0.001203775405883789,0.0005090236663818359,0.00735020637512207,0.05581402778625488,59,[40],exhausted,
Football_data_England_Premier_League/finerEngland_2009_2010,Football_finer,A6,712779aad638f619,1787630630.8677201,complete,20,380,1.0,1129.0,282,373.9999999999999,191,370.1999999999999,0.3279007971656332,91,190,3,3.8000000000000114,0.32683790965456144,0.19278225789494957,368.9999999999999,0.10526315789473684,0.2013998031616211,0.00483393669128418,0.0008971691131591797,0.00735163688659668,0.17959094047546387,268,[92],exhausted,
Football_data_England_Premier_League/finerEngland_2010_2011,Football_finer,A6,712779aad638f619,1787630631.0727677,complete,20,380,1.0,1139.0,298,457.9999999999999,190,448.9999999999999,0.3942054433713783,108,190,3,9.0,0.3942054433713783,0.26110521996719516,448.9999999999999,0.13157894736842105,0.20441722869873047,0.0053577423095703125,0.0010144710540771484,0.008161067962646484,0.18042731285095215,281,[108],exhausted,
Football_data_England_Premier_League/finerEngland_2011_2012,Football_finer,A6,712779aad638f619,1787630631.2807736,complete,20,380,1.0,1142.0,292,414.9999999999999,190,407.9999999999999,0.35726795096322234,102,190,3,7.0,0.35726795096322234,0.24186388491705824,407.9999999999999,0.11578947368421053,0.2051560878753662,0.005396127700805664,0.0009570121765136719,0.007964611053466797,0.18152117729187012,273,[102],exhausted,
FacultyHiringNetworks/Business/Business_FM_Full_,Faculty,A6,712779aad638f619,1787630631.4895291,complete,113,1787,0.14119785082174463,3255.0,308,159.0,133,159.0,0.04884792626728111,175,133,0,0.0,0.04884792626728111,0.4879582476096295,159.0,0.09165613147914033,1.3709077835083008,0.0032083988189697266,0.005415201187133789,0.046446800231933594,1.2965378761291504,68,[175],exhausted,
FacultyHiringNetworks/History/History_FM_Full_,Faculty,A6,712779aad638f619,1787630632.8640895,complete,145,1204,0.057662835249042144,1776.0,144,54.0,52,54.0,0.030405405405405407,92,52,0,0.0,0.030405405405405407,0.5170612976755534,54.0,0.11293103448275862,0.3232576847076416,0.001173257827758789,0.0032668113708496094,0.051542043685913086,0.2537355422973633,26,[92],exhausted,
FacultyHiringNetworks/ComputerScience/ComputerScience_FM_Full_,Faculty,A6,712779aad638f619,1787630633.1910062,complete,206,1407,0.033317546767700684,1957.0,176,66.0,62,66.0,0.03372508942258559,114,62,0,0.0,0.03372508942258559,0.5737833399383746,66.0,0.1369168837319441,0.7144687175750732,0.0019555091857910156,0.0051038265228271484,0.061501502990722656,0.6293132305145264,27,[114],exhausted,
Dryad_animal_society,Animal,A6,712779aad638f619,1787630633.909149,complete,21,193,0.4595238095238095,939.0,60,74.0,42,74.0,0.07880724174653887,18,42,0,0.0,0.07880724174653887,0.4459050280269133,74.0,0.0380952380952381,0.042537689208984375,0.0007576942443847656,0.0003821849822998047,0.007558107376098633,0.030586957931518555,37,[18],exhausted,
Halo2BetaData,Halo,A6,712779aad638f619,1787630633.9551811,complete,602,5010,0.013847352972067595,23953.0,1952,3302.0,1042,3283.0,0.13706007598213168,910,44,10,19.0,0.4305097460746765,0.5514235418490658,10312.0,0.43722256925058456,7.091858625411987,0.08302116394042969,0.32384443283081055,0.21493291854858398,6.3508360385894775,690,[910],exhausted,
Basketball_temporal/1986,Basketball_coarse,A6,712779aad638f619,1787630641.050757,complete,283,2937,0.03680174422975716,42282.0,1081,4189.0,685,4147.0,0.09807956104252401,396,14,10,42.0,0.09798495813821484,0.4994677975517096,4143.0,0.12811066837079918,2.1442055702209473,0.09230232238769531,0.04461860656738281,0.09692978858947754,1.7923719882965088,790,[397],exhausted,
Basketball_temporal/1987,Basketball_coarse,A6,712779aad638f619,1787630643.1986735,complete,290,3045,0.03633217993079585,43841.0,1107,4480.0,727,4425.0,0.10093291667617071,380,10,10,55.0,0.10093291667617071,0.5018330204822493,4425.0,0.09831762319532275,2.2824349403381348,0.09460306167602539,0.04737401008605957,0.10552382469177246,1.9131865501403809,795,[380],exhausted,
Basketball_temporal/1989,Basketball_coarse,A6,712779aad638f619,1787630645.4848523,complete,293,3162,0.03695824956753471,49151.0,1119,4991.0,745,4939.0,0.10048625663770828,374,39,10,52.0,0.10038452930764379,0.5020282870301574,4934.0,0.11643835616438356,2.772783041000366,0.10802221298217773,0.04560661315917969,0.10869526863098145,2.374894380569458,838,[375],exhausted,
Basketball_temporal/1990,Basketball_coarse,A6,712779aad638f619,1787630648.2764242,complete,292,3192,0.03756531563338512,48502.0,1144,4954.0,727,4902.0,0.10106799719599192,417,81,10,52.0,0.10049070141437466,0.4703678409030276,4874.0,0.11307254154309655,3.3922221660614014,0.1132516860961914,0.05306363105773926,0.10768985748291016,2.976595401763916,808,[420],exhausted,
Basketball_temporal/1992,Basketball_coarse,A6,712779aad638f619,1787630651.6723993,complete,298,3238,0.036585090276365445,52990.0,1155,5261.0,738,5208.0,0.09828269484808455,417,53,10,53.0,0.0982260803925269,0.4808155307347145,5205.0,0.1055747632928841,3.0133461952209473,0.13327383995056152,0.051006317138671875,0.10819196701049805,2.5587668418884277,842,[421],exhausted,
Basketball_temporal/1995,Basketball_coarse,A6,712779aad638f619,1787630654.6895792,complete,302,3182,0.03500473036896878,51675.0,1157,5390.0,726,5342.0,0.10337687469762942,431,37,10,48.0,0.10335752298016448,0.4600072053329817,5341.0,0.11003058238542607,2.9083709716796875,0.1111762523651123,0.05198407173156738,0.23844408988952637,2.367309331893921,850,[432],exhausted,
Basketball_temporal/1996,Basketball_coarse,A6,712779aad638f619,1787630657.6017628,complete,305,3256,0.03511647972389991,51294.0,1197,5559.0,753,5511.0,0.1074394666042812,444,59,10,48.0,0.10714703474090537,0.4926583371910183,5496.0,0.10133735979292494,3.1968910694122314,0.10981917381286621,0.05536460876464844,0.1096048355102539,2.783759832382202,889,[446],exhausted,
Basketball_temporal/1998,Basketball_coarse,A6,712779aad638f619,1787630660.802453,complete,306,3321,0.035583413693346194,52490.0,1178,5383.0,762,5341.0,0.10175271480281958,416,174,10,42.0,0.10140979234139837,0.5209436155660915,5323.0,0.11042537233472624,4.952137470245361,0.11429786682128906,0.054280757904052734,0.1058812141418457,4.533466815948486,869,[423],exhausted,
Basketball_temporal/1999,Basketball_coarse,A6,712779aad638f619,1787630665.7584014,complete,310,3385,0.03533771792462679,53137.0,1258,5801.0,777,5726.0,0.10775918851271242,481,10,10,75.0,0.10775918851271242,0.5311772682609402,5726.0,0.13086961060653513,2.828864812850952,0.1120297908782959,0.06127738952636719,0.11110305786132812,2.3994288444519043,915,[481],exhausted,
Basketball_temporal/2001,Basketball_coarse,A6,712779aad638f619,1787630668.5912986,complete,318,3405,0.033777751324325936,53482.0,1171,5320.0,707,5271.0,0.09855652369021353,464,23,10,49.0,0.0984256385325904,0.4991614762918823,5264.0,0.10802928397119219,2.7109155654907227,0.12736248970031738,0.06215977668762207,0.1129765510559082,2.253959894180298,853,[464],exhausted,
Basketball_temporal/2002,Basketball_coarse,A6,712779aad638f619,1787630671.3060853,complete,321,3505,0.034121884735202494,55154.0,1263,5947.0,801,5903.0,0.10702759545998478,462,61,10,44.0,0.10702759545998478,0.5064476735769675,5903.0,0.12774532710280373,3.721022844314575,0.1149909496307373,0.06719708442687988,0.11718440055847168,3.2753794193267822,936,[462],exhausted,
Basketball_temporal/2004,Basketball_coarse,A6,712779aad638f619,1787630675.030977,complete,326,3527,0.03328928739971685,53591.0,1208,5736.0,751,5652.0,0.10546546994831221,457,41,10,84.0,0.10522289190349125,0.5013808619189396,5639.0,0.11390278433223218,3.2906179428100586,0.11661076545715332,0.0666799545288086,0.11322617530822754,2.84686279296875,898,[459],exhausted,
Basketball_temporal/2005,Basketball_coarse,A6,712779aad638f619,1787630678.3254213,complete,330,3622,0.03336096527585889,55251.0,1244,5639.0,779,5586.0,0.10110224249334854,465,34,10,53.0,0.1010660440535013,0.514900676427757,5584.0,0.1104909275122041,3.4541749954223633,0.14888739585876465,0.07406425476074219,0.11694717407226562,2.933408737182617,924,[466],exhausted,
Basketball_temporal/2007,Basketball_coarse,A6,712779aad638f619,1787630681.783506,complete,336,3974,0.035305614783226726,59599.0,1362,5785.0,820,5735.0,0.0962264467524623,542,10,10,50.0,0.09605865870232722,0.5092243160044746,5725.0,0.10927505330490406,3.5101847648620605,0.16301488876342773,0.08868169784545898,0.12186837196350098,2.9387190341949463,980,[542],exhausted,
Basketball_temporal/2008,Basketball_coarse,A6,712779aad638f619,1787630685.297776,complete,342,4051,0.03473615612834628,61555.0,1485,6596.0,888,6548.0,0.10637641133945253,597,78,10,48.0,0.10611648119567867,0.5174571472345995,6532.0,0.12959818902093945,4.989521265029907,0.14460229873657227,0.09683036804199219,0.12500929832458496,4.4483091831207275,1059,[597],exhausted,
Basketball_temporal/2010,Basketball_coarse,A6,712779aad638f619,1787630690.291174,complete,347,4133,0.03442388099481934,62804.0,1382,6107.0,838,6049.0,0.09631552130437551,544,49,10,58.0,0.09579007706515509,0.5153318511011301,6016.0,0.10581199713481368,4.463343143463135,0.15029621124267578,0.09093403816223145,0.1223897933959961,3.9135308265686035,973,[546],exhausted,
Basketball_temporal/2011,Basketball_coarse,A6,712779aad638f619,1787630694.758448,complete,345,4086,0.034428715874620826,60955.0,1428,6055.0,856,6004.0,0.09849889262570749,572,75,10,51.0,0.09812156508900008,0.5181140261246494,5981.0,0.1070778564206269,4.892117023468018,0.15080642700195312,0.09391093254089355,0.12333202362060547,4.338396310806274,983,[574],exhausted,
Basketball_temporal/2013,Basketball_coarse,A6,712779aad638f619,1787630699.6545587,complete,347,4153,0.034590461594842664,62047.0,1445,6286.0,876,6216.0,0.10018212000580205,569,68,10,70.0,0.10016600319112931,0.5201223022604381,6215.0,0.09531741933334444,4.9516754150390625,0.1536555290222168,0.0986478328704834,0.13645315170288086,4.373944044113159,1000,[570],exhausted,
Basketball_temporal/finer1986,Basketball_finer,A6,712779aad638f619,1787630704.6101503,complete,283,4862,0.060922737638774024,524503.6000000001,4273,246650.3,2431,246433.30000000002,0.46984100776429366,1842,10,10,216.9999999999709,0.46984100776429366,0.13680643606383144,246433.30000000002,0.19319349422349197,6.986052513122559,0.16489863395690918,0.09820151329040527,0.11804699897766113,6.401533126831055,4260,[1842],exhausted,
Basketball_temporal/finer1987,Basketball_finer,A6,712779aad638f619,1787630711.6001549,complete,290,5088,0.060708745973034245,567536.0,4511,268497.5,2544,268302.5,0.47274974627160216,1967,10,10,195.0,0.47274974627160216,0.14163401771785344,268302.5,0.19432048681541583,7.610612869262695,0.17052197456359863,0.12075400352478027,0.12666749954223633,6.9787023067474365,4503,[1967],exhausted,
Basketball_temporal/finer1989,Basketball_finer,A6,712779aad638f619,1787630719.2147315,complete,293,5318,0.06215811865912385,611441.3999999999,4712,288857.7,2659,288577.7,0.47196297143111354,2053,10,10,280.0,0.47196297143111354,0.12032968570221844,288577.7,0.21588199541820563,8.389246940612793,0.1837475299835205,0.14375710487365723,0.12518787384033203,7.7115478515625,4702,[2053],exhausted,
Basketball_temporal/finer1990,Basketball_finer,A6,712779aad638f619,1787630727.608066,complete,292,5350,0.06296191686673257,606265.0,4753,286508.5,2675,286287.5,0.472215120450628,2078,10,10,221.0,0.472215120450628,0.14100795736324362,286287.5,0.20218424892905898,8.477797031402588,0.18146300315856934,0.14236807823181152,0.12688755989074707,7.803540229797363,4746,[2078],exhausted,
Basketball_temporal/finer1992,Basketball_finer,A6,712779aad638f619,1787630736.0899098,complete,298,5444,0.061509954127403794,608058.4,4798,285736.69999999995,2722,285448.7,0.46944290219492074,2076,10,10,287.9999999999418,0.46944290219492074,0.13415513770162962,285448.7,0.1977267077938219,8.711107969284058,0.19120430946350098,0.1384427547454834,0.1274886131286621,8.017202854156494,4789,[2076],exhausted,
Basketball_temporal/finer1993,Basketball_finer,A6,712779aad638f619,1787630744.8050425,complete,298,5160,0.058301132126635485,585396.4,4544,275534.20000000007,2580,275266.2,0.47022188725451675,1964,10,10,268.0000000000582,0.47022188725451675,0.14154031551114588,275266.2,0.20586174948591057,8.005881786346436,0.1802206039428711,0.11879444122314453,0.126692533493042,7.360787391662598,4529,[1964],exhausted,
Basketball_temporal/finer1995,Basketball_finer,A6,712779aad638f619,1787630752.814909,complete,302,5336,0.05870057864513432,602136.4,4700,283117.7,2668,282802.7,0.4696655110038191,2032,10,10,315.0,0.4696655110038191,0.14049617333630723,282802.7,0.20950034102660006,8.456287384033203,0.17464494705200195,0.13123011589050293,0.12973618507385254,7.803051948547363,4692,[2032],exhausted,
Basketball_temporal/finer1996,Basketball_finer,A6,712779aad638f619,1787630761.2752342,complete,305,5498,0.059296807592752375,594157.3999999999,4886,280306.2,2749,280084.2,0.47139730987108813,2137,10,10,222.0,0.47139730987108813,0.12830826816334123,280084.2,0.21257549611734253,8.899759292602539,0.19130587577819824,0.14837193489074707,0.12648987770080566,8.1975679397583,4878,[2137],exhausted,
Basketball_temporal/finer1998,Basketball_finer,A6,712779aad638f619,1787630770.1790614,complete,306,5684,0.06090217507768134,591892.3999999999,5018,278033.69999999995,2842,277813.69999999995,0.46936520894676126,2176,10,10,220.0,0.46936520894676126,0.13434350068592177,277813.69999999995,0.18742097932069002,9.597313165664673,0.20674562454223633,0.1490345001220703,0.13535070419311523,8.85500693321228,5012,[2176],exhausted,
Basketball_temporal/finer1999,Basketball_finer,A6,712779aad638f619,1787630779.780412,complete,310,5788,0.06042384382503393,589693.4,5113,277294.2,2894,277067.2,0.4698495862426135,2219,10,10,227.0,0.4698495862426135,0.13351053368457835,277067.2,0.21847792045098655,9.953252792358398,0.2113795280456543,0.1566460132598877,0.1357264518737793,9.19080924987793,5105,[2219],exhausted,
Basketball_temporal/finer2001,Basketball_finer,A6,712779aad638f619,1787630789.7378938,complete,318,6116,0.06067099180604329,634858.4,5419,298899.7,3058,298689.7,0.47048239418427795,2361,10,10,210.0,0.47048239418427795,0.13726299789594257,298689.7,0.19018709203817233,11.204741716384888,0.22559881210327148,0.19390606880187988,0.13740205764770508,10.376900911331177,5410,[2361],exhausted,
Basketball_temporal/finer2002,Basketball_finer,A6,712779aad638f619,1787630800.9467745,complete,321,6192,0.0602803738317757,645798.0,5488,304098.5,3096,303820.5,0.4704574805124822,2392,10,10,278.0,0.4704574805124822,0.15128146349735427,303820.5,0.20011682242990655,11.57234239578247,0.22468876838684082,0.17622160911560059,0.14427852630615234,10.756420612335205,5478,[2392],exhausted,
Basketball_temporal/finer2004,Basketball_finer,A6,712779aad638f619,1787630812.5231125,complete,326,6316,0.05961302501179802,631535.2,5617,298393.1,3158,298122.10000000003,0.47205935631141394,2459,10,10,270.9999999999418,0.47205935631141394,0.1401781759778395,298122.10000000003,0.20554978763567722,11.991836071014404,0.24393415451049805,0.20209074020385742,0.14376163482666016,11.108452558517456,5612,[2459],exhausted,
Basketball_temporal/finer2005,Basketball_finer,A6,712779aad638f619,1787630824.5189598,complete,330,6476,0.059648153265174544,642948.0,5712,302835.5,3238,302608.5,0.47065781369566434,2474,10,10,227.0,0.47065781369566434,0.13794528199465608,302608.5,0.2169844340057106,12.507225036621094,0.26334500312805176,0.2121431827545166,0.14470767974853516,11.573260068893433,5704,[2474],exhausted,
Basketball_temporal/finer2007,Basketball_finer,A6,712779aad638f619,1787630837.0302205,complete,336,7186,0.06384150675195452,694880.5999999999,6357,326849.3,3593,326614.3,0.4700293834653033,2764,10,10,235.0,0.4700293834653033,0.146258650617122,326614.3,0.2118869936034115,15.338531732559204,0.3011467456817627,0.25802135467529297,0.14797067642211914,14.285141706466675,6354,[2764],exhausted,
Basketball_temporal/finer2008,Basketball_finer,A6,712779aad638f619,1787630852.3728576,complete,342,7386,0.06333281885064568,712069.6,6576,335003.3,3693,334761.30000000005,0.4701244091869672,2883,10,10,241.9999999999418,0.4701244091869672,0.1400942378605285,334761.30000000005,0.1911474678877056,16.376062393188477,0.2928340435028076,0.279585599899292,0.151566743850708,15.300918102264404,6570,[2883],exhausted,
Basketball_temporal/finer2010,Basketball_finer,A6,712779aad638f619,1787630868.7530408,complete,347,7538,0.0627842281487898,722803.5999999999,6750,339658.3,3769,339433.3,0.4696065431882188,2981,10,10,225.0,0.4696065431882188,0.1452923363674554,339433.3,0.1969315853475704,17.01776909828186,0.28879785537719727,0.2790687084197998,0.15331077575683594,15.949519157409668,6742,[2981],exhausted,
Basketball_temporal/finer2011,Basketball_finer,A6,712779aad638f619,1787630885.7748873,complete,345,7504,0.0632288506909336,718937.2,6724,338973.6,3752,338656.6,0.47105171355717856,2972,11,10,317.0,0.47105171355717856,0.14367899079117996,338656.6,0.20281429052915403,16.948988914489746,0.29858922958374023,0.29447102546691895,0.15403413772583008,15.844304084777832,6716,[2972],exhausted,
Basketball_temporal/finer2012,Basketball_finer,A6,712779aad638f619,1787630902.727988,complete,345,7580,0.06386922817660937,709133.5999999999,6744,333077.3,3790,332849.29999999993,0.4693746002163767,2954,10,10,228.0000000000582,0.4693746002163767,0.15080305114809522,332849.29999999993,0.19583754634310752,17.15390682220459,0.3241291046142578,0.2720375061035156,0.15470218658447266,16.027660608291626,6737,[2954],exhausted,
Basketball_temporal/finer2013,Basketball_finer,A6,712779aad638f619,1787630919.8861701,complete,347,7616,0.06343389248888075,712608.0,6746,334957.0,3808,334731.0,0.4697266940590058,2938,10,10,226.0,0.4697266940590058,0.15374256550670784,334731.0,0.20945844646932418,17.399390697479248,0.32508277893066406,0.29398369789123535,0.15701961517333984,16.239683866500854,6735,[2938],exhausted,
Basketball_temporal/finer2014,Basketball_finer,A6,712779aad638f619,1787630937.2897115,complete,351,7650,0.06227106227106227,754719.3999999999,6857,356844.19999999995,3825,356551.19999999995,0.4724288258656131,3032,10,10,293.0,0.4724288258656131,0.14960475861333491,356551.19999999995,0.20843304843304844,17.50048804283142,0.3199617862701416,0.3121955394744873,0.1583421230316162,16.32872486114502,6850,[3032],exhausted,
Football_data_England_Premier_League/England_2012_2013,Football_coarse,A6,712779aad638f619,1787630954.7943974,complete,20,216,0.5684210526315789,475.0,114,100.0,68,97.0,0.20421052631578948,46,66,2,3.0,0.19789473684210526,0.3873368027406122,94.0,0.12631578947368421,0.06221294403076172,0.0010118484497070312,0.0005512237548828125,0.008165359497070312,0.048706769943237305,55,[48],exhausted,
Football_data_England_Premier_League/England_2013_2014,Football_coarse,A6,712779aad638f619,1787630954.8607297,complete,20,222,0.5842105263157895,576.0,99,79.0,59,79.0,0.1371527777777778,40,59,0,0.0,0.1371527777777778,0.4181601063258682,79.0,0.07368421052631578,0.06350016593933105,0.0008480548858642578,0.0005197525024414062,0.008517026901245117,0.05007529258728027,48,[40],exhausted,
Football_data_England_Premier_League/England_2014_2015,Football_coarse,A6,712779aad638f619,1787630954.9281108,complete,20,107,0.28157894736842104,181.0,42,21.0,19,21.0,0.11602209944751381,23,19,0,0.0,0.11602209944751381,0.5423514194623053,21.0,0.15263157894736842,0.02162909507751465,0.0003535747528076172,0.0003070831298828125,0.008113622665405273,0.010754108428955078,15,[23],exhausted,
Football_data_England_Premier_League/finerEngland_2012_2013,Football_finer,A6,712779aad638f619,1787630954.9535463,complete,20,380,1.0,1139.0,284,435.9999999999999,190,433.9999999999999,0.3810359964881474,94,190,1,2.0,0.3810359964881474,0.21959053959209135,433.9999999999999,0.10526315789473684,0.20067501068115234,0.005033254623413086,0.0009038448333740234,0.0075283050537109375,0.17832541465759277,271,[94],exhausted,
Football_data_England_Premier_League/finerEngland_2013_2014,Football_finer,A6,712779aad638f619,1787630955.158338,complete,20,380,1.0,1127.9999999999998,273,367.9999999999999,190,367.9999999999999,0.326241134751773,83,190,0,0.0,0.326241134751773,0.2587156891913768,367.9999999999999,0.13157894736842105,0.2049393653869629,0.0045642852783203125,0.0008435249328613281,0.008429765701293945,0.18263006210327148,258,[83],exhausted,
Football_data_England_Premier_League/finerEngland_2014_2015,Football_finer,A6,712779aad638f619,1787630955.3673093,complete,20,300,0.7894736842105263,422.9999999999999,224,145.99999999999994,150,145.99999999999994,0.3451536643026004,74,150,0,0.0,0.3451536643026004,0.331479326077039,145.99999999999994,0.10526315789473684,0.2668430805206299,0.0033240318298339844,0.0007097721099853516,0.0077664852142333984,0.2484569549560547,187,[74],exhausted,
Basketball_temporal/1985,Basketball_coarse,C0_A0,712779aad638f619,1787630955.6383843,complete,282,2904,0.03664723252820474,40493.0,1074,7341.0,1074,7341.0,0.1812905934359025,0,0,0,0.0,0.11898352801718816,0.4571296595970426,4818.0,0.0,0.10568118095397949,0.08165884017944336,2.1457672119140625e-06,0.000942230224609375,0.0,758,[0],phase_b_disabled,
Basketball_temporal/1988,Basketball_coarse,C0_A0,712779aad638f619,1787630955.7480607,complete,290,3099,0.03697649445173607,47701.0,1155,9054.0,1155,9054.0,0.18980734156516635,0,0,0,0.0,0.12259701054485231,0.4930276935153653,5848.0,0.0,0.10768914222717285,0.08262491226196289,1.1920928955078125e-06,0.0009925365447998047,0.0,821,[0],phase_b_disabled,
Basketball_temporal/1991,Basketball_coarse,C0_A0,712779aad638f619,1787630955.8595674,complete,295,3218,0.03710365502133057,52133.0,1160,9303.0,1160,9303.0,0.17844743252834097,0,0,0,0.0,0.11844704889417451,0.46378504429214873,6175.0,0.0,0.15713810920715332,0.13144564628601074,1.430511474609375e-06,0.0010497570037841797,0.0,875,[0],phase_b_disabled,
Basketball_temporal/1994,Basketball_coarse,C0_A0,712779aad638f619,1787630956.0205262,complete,301,3144,0.03481727574750831,51068.0,1099,9381.0,1099,9381.0,0.18369624813973526,0,0,0,0.0,0.12160256912352158,0.46764444582893633,6210.0,0.0,0.12651681900024414,0.10023283958435059,1.6689300537109375e-06,0.0010502338409423828,0.0,849,[0],phase_b_disabled,
Basketball_temporal/1997,Basketball_coarse,C0_A0,712779aad638f619,1787630956.150985,complete,305,3333,0.035946937014667814,52037.0,1232,10760.0,1232,10760.0,0.20677594788323692,0,0,0,0.0,0.13594173376635854,0.48875371794603417,7074.0,0.0,0.1624140739440918,0.13615870475769043,1.430511474609375e-06,0.0010802745819091797,0.0,948,[0],phase_b_disabled,
Basketball_temporal/2000,Basketball_coarse,C0_A0,712779aad638f619,1787630956.3173025,complete,318,3475,0.03447215443525187,55092.0,1189,10117.0,1189,10117.0,0.18363827778987873,0,0,0,0.0,0.11705873811079649,0.508771370693921,6449.0,0.0,0.15681838989257812,0.12941384315490723,1.430511474609375e-06,0.0011756420135498047,0.0,888,[0],phase_b_disabled,
Basketball_temporal/2003,Basketball_coarse,C0_A0,712779aad638f619,1787630956.4780629,complete,327,3560,0.03339524586780736,54489.0,1297,11034.0,1297,11034.0,0.20249958707262017,0,0,0,0.0,0.12958578795720238,0.5108512596475314,7061.0,0.0,0.14684009552001953,0.11907362937927246,1.6689300537109375e-06,0.0011639595031738281,0.0,919,[0],phase_b_disabled,
Basketball_temporal/2006,Basketball_coarse,C0_A0,712779aad638f619,1787630956.628972,complete,334,3695,0.03322184459909011,55402.0,1312,11703.0,1312,11703.0,0.21123786144904516,0,0,0,0.0,0.13526587487816324,0.511888407476773,7494.0,0.0,0.17289447784423828,0.1441664695739746,1.430511474609375e-06,0.0012345314025878906,0.0,942,[0],phase_b_disabled,
Basketball_temporal/2009,Basketball_coarse,C0_A0,712779aad638f619,1787630956.8060732,complete,347,4155,0.034607119654844996,61946.0,1424,11917.0,1424,11917.0,0.19237723178252025,0,0,0,0.0,0.1246892454718626,0.48885300364503964,7724.0,0.0,0.21762752532958984,0.18562889099121094,1.9073486328125e-06,0.0013837814331054688,0.0,1039,[0],phase_b_disabled,
Basketball_temporal/2012,Basketball_coarse,C0_A0,712779aad638f619,1787630957.027722,complete,345,4126,0.034765756656555444,61534.0,1389,11583.0,1389,11583.0,0.1882373972112978,0,0,0,0.0,0.11998244872753275,0.47870303606381914,7383.0,0.0,0.18163490295410156,0.15013909339904785,1.9073486328125e-06,0.0013957023620605469,0.0,969,[0],phase_b_disabled,
Basketball_temporal/2014,Basketball_coarse,C0_A0,712779aad638f619,1787630957.2134066,complete,351,4196,0.03415547415547415,60897.0,1471,12221.0,1471,12221.0,0.2006831206791796,0,0,0,0.0,0.12678785490254035,0.49989785637465345,7721.0,0.0,0.20239639282226562,0.16979122161865234,1.1920928955078125e-06,0.0013921260833740234,0.0,1019,[0],phase_b_disabled,
Basketball_temporal/1993,Basketball_coarse,C0_A0,712779aad638f619,1787630957.4198759,complete,298,3088,0.03489028992384697,48535.0,1095,8984.0,1095,8984.0,0.1851035335325023,0,0,0,0.0,0.12489955702070671,0.4807220558033008,6062.0,0.0,0.1250441074371338,0.09985208511352539,1.1920928955078125e-06,0.0010187625885009766,0.0,795,[0],phase_b_disabled,
Basketball_temporal/finer1985,Basketball_finer,C0_A0,712779aad638f619,1787630957.5489006,complete,282,4814,0.06075061204916585,518633.4,4254,457197.19999999995,4254,457197.19999999995,0.8815421451838619,0,0,0,0.0,0.4801979587122619,0.16460985124327354,249046.7,0.0,0.19596624374389648,0.15951776504516602,1.9073486328125e-06,0.00035834312438964844,0.0,4244,[0],phase_b_disabled,
Basketball_temporal/finer1988,Basketball_finer,C0_A0,712779aad638f619,1787630957.748959,complete,290,5170,0.06168714950483236,584038.0,4564,513545.10000000003,4564,513545.10000000003,0.8793008331649653,0,0,0,0.0,0.4782642567778124,0.16171459599363527,279324.5,0.0,0.20982575416564941,0.17101573944091797,1.430511474609375e-06,0.0003788471221923828,0.0,4554,[0],phase_b_disabled,
Basketball_temporal/finer1991,Basketball_finer,C0_A0,712779aad638f619,1787630957.9627807,complete,295,5420,0.062492793727660555,630782.6,4751,549105.5,4751,549105.5,0.8705146590917379,0,0,0,0.0,0.47755962196801244,0.1628823225125111,301236.3,0.0,0.2360997200012207,0.1955409049987793,1.430511474609375e-06,0.0004096031188964844,0.0,4743,[0],phase_b_disabled,
Basketball_temporal/finer1994,Basketball_finer,C0_A0,712779aad638f619,1787630958.2029798,complete,301,5252,0.058161683277962346,608682.0,4644,537429.2,4644,537429.2,0.882939203064983,0,0,0,0.0,0.47812979519683513,0.16741347189018663,291029.0,0.0,0.22214365005493164,0.1824960708618164,1.430511474609375e-06,0.00038242340087890625,0.0,4634,[0],phase_b_disabled,
Basketball_temporal/finer1997,Basketball_finer,C0_A0,712779aad638f619,1787630958.429229,complete,305,5628,0.06069887834339948,582710.0,4983,514409.30000000005,4983,514409.30000000005,0.8827878361449092,0,0,0,0.0,0.47841035849736574,0.163471621573517,278774.5,0.0,0.2406010627746582,0.19838666915893555,1.1920928955078125e-06,0.0004057884216308594,0.0,4975,[0],phase_b_disabled,
Basketball_temporal/finer2000,Basketball_finer,C0_A0,712779aad638f619,1787630958.6740255,complete,318,6274,0.06223835882784755,634382.8,5565,559347.3,5565,559347.3,0.8817188927568654,0,0,0,0.0,0.4770461935601028,0.15983473550297636,302629.9,0.0,0.3103621006011963,0.26317548751831055,1.430511474609375e-06,0.00045037269592285156,0.0,5563,[0],phase_b_disabled,
Basketball_temporal/finer2003,Basketball_finer,C0_A0,712779aad638f619,1787630958.9887478,complete,327,6356,0.05962364683589426,645095.2,5635,569329.5,5635,569329.5,0.8825511335381198,0,0,0,0.0,0.4783814853993643,0.16151201074932892,308601.6,0.0,0.3006308078765869,0.2531626224517822,1.430511474609375e-06,0.0004508495330810547,0.0,5628,[0],phase_b_disabled,
Basketball_temporal/finer2006,Basketball_finer,C0_A0,712779aad638f619,1787630959.2936423,complete,334,6680,0.06006006006006006,653869.4,5926,578052.6000000001,5926,578052.6000000001,0.8840490165161423,0,0,0,0.0,0.4785369983669522,0.15289276923867193,312900.7,0.0,0.31863903999328613,0.26917028427124023,1.6689300537109375e-06,0.0004661083221435547,0.0,5915,[0],phase_b_disabled,
Basketball_temporal/finer2009,Basketball_finer,C0_A0,712779aad638f619,1787630959.616599,complete,347,7478,0.06228448634871983,714987.7999999999,6668,634827.5,6668,634827.5,0.887885779309801,0,0,0,0.0,0.4779240988447635,0.16364641567164026,341709.89999999997,0.0,0.34799861907958984,0.29312801361083984,1.1920928955078125e-06,0.0004963874816894531,0.0,6663,[0],phase_b_disabled,
Basketball_temporal/finer2012,Basketball_finer,C0_A0,712779aad638f619,1787630959.9770696,complete,345,7580,0.06386922817660937,709133.5999999999,6744,629334.9,6744,629334.9,0.8874701466691187,0,0,0,0.0,0.4764550713716006,0.15850561348368847,337870.3,0.0,0.37131834030151367,0.31581902503967285,1.6689300537109375e-06,0.0005135536193847656,0.0,6737,[0],phase_b_disabled,
Football_data_England_Premier_League/England_2009_2010,Football_coarse,C0_A0,712779aad638f619,1787630960.3527417,complete,20,215,0.5657894736842105,559.0,100,162.0,100,162.0,0.2898032200357782,0,0,0,0.0,0.15384615384615385,0.4166048353372061,86.0,0.0,0.003342866897583008,0.0008895397186279297,9.5367431640625e-07,7.271766662597656e-05,0.0,45,[0],phase_b_disabled,
Football_data_England_Premier_League/England_2010_2011,Football_coarse,C0_A0,712779aad638f619,1787630960.3651595,complete,20,219,0.5763157894736842,485.0,125,221.0,125,221.0,0.4556701030927835,0,0,0,0.0,0.27628865979381445,0.6199562495869084,134.0,0.0,0.0034799575805664062,0.0011925697326660156,7.152557373046875e-07,6.270408630371094e-05,0.0,65,[0],phase_b_disabled,
Football_data_England_Premier_League/England_2011_2012,Football_coarse,C0_A0,712779aad638f619,1787630960.3724992,complete,20,226,0.5947368421052631,548.0,110,189.0,110,189.0,0.3448905109489051,0,0,0,0.0,0.2062043795620438,0.5001531258263577,113.0,0.0,0.0035581588745117188,0.0011799335479736328,9.5367431640625e-07,7.104873657226562e-05,0.0,59,[0],phase_b_disabled,
Football_data_England_Premier_League/finerEngland_2009_2010,Football_finer,C0_A0,712779aad638f619,1787630960.3799262,complete,20,380,1.0,1129.0,282,679.3999999999999,282,679.3999999999999,0.6017714791851194,0,0,0,0.0,0.35518157661647465,0.20377455015345627,400.9999999999999,0.0,0.008242130279541016,0.0047762393951416016,1.1920928955078125e-06,6.461143493652344e-05,0.0,268,[0],phase_b_disabled,
Football_data_England_Premier_League/finerEngland_2010_2011,Football_finer,C0_A0,712779aad638f619,1787630960.3920321,complete,20,380,1.0,1139.0,298,810.5999999999999,298,810.5999999999999,0.711676909569798,0,0,0,0.0,0.40913081650570665,0.2561041397723342,465.9999999999999,0.0,0.008677005767822266,0.005273342132568359,7.152557373046875e-07,5.650520324707031e-05,0.0,281,[0],phase_b_disabled,
Football_data_England_Premier_League/finerEngland_2011_2012,Football_finer,C0_A0,712779aad638f619,1787630960.4045768,complete,20,380,1.0,1142.0,292,750.3999999999999,292,750.3999999999999,0.6570928196147109,0,0,0,0.0,0.37828371278458833,0.24508301398983168,431.9999999999999,0.0,0.008748292922973633,0.005297422409057617,7.152557373046875e-07,5.9604644775390625e-05,0.0,273,[0],phase_b_disabled,
FacultyHiringNetworks/Business/Business_FM_Full_,Faculty,C0_A0,712779aad638f619,1787630960.4172678,complete,113,1787,0.14119785082174463,3255.0,308,428.0,308,428.0,0.1314900153609831,0,0,0,0.0,0.06359447004608294,0.4856897958502882,207.0,0.0,0.01802992820739746,0.0031728744506835938,1.1920928955078125e-06,0.0007226467132568359,0.0,68,[0],phase_b_disabled,
FacultyHiringNetworks/History/History_FM_Full_,Faculty,C0_A0,712779aad638f619,1787630960.4392745,complete,145,1204,0.057662835249042144,1776.0,144,162.0,144,162.0,0.09121621621621621,0,0,0,0.0,0.04448198198198198,0.5187581158908041,79.0,0.0,0.012483835220336914,0.001209259033203125,9.5367431640625e-07,0.0005376338958740234,0.0,26,[0],phase_b_disabled,
FacultyHiringNetworks/ComputerScience/ComputerScience_FM_Full_,Faculty,C0_A0,712779aad638f619,1787630960.455754,complete,206,1407,0.033317546767700684,1957.0,176,219.0,176,219.0,0.11190597853857946,0,0,0,0.0,0.05314256515074093,0.5606431279758989,104.0,0.0,0.01516270637512207,0.0018897056579589844,1.430511474609375e-06,0.0006432533264160156,0.0,27,[0],phase_b_disabled,
Dryad_animal_society,Animal,C0_A0,712779aad638f619,1787630960.4748383,complete,21,193,0.4595238095238095,939.0,60,133.0,60,133.0,0.14164004259850904,0,0,0,0.0,0.09158679446219382,0.4506010196832501,86.0,0.0,0.0029296875,0.0007700920104980469,9.5367431640625e-07,7.891654968261719e-05,0.0,37,[0],phase_b_disabled,
Halo2BetaData,Halo,C0_A0,712779aad638f619,1787630960.48168,complete,602,5010,0.013847352972067595,23953.0,1952,6845.0,1952,6845.0,0.2857679622594247,0,0,0,0.0,0.17738905549049377,0.6900320582144942,4249.0,0.0,0.11599326133728027,0.08280658721923828,1.6689300537109375e-06,0.0016188621520996094,0.0,690,[0],phase_b_disabled,
Basketball_temporal/1985,Basketball_coarse,C0_A4,712779aad638f619,1787630960.6017842,complete,282,2904,0.03664723252820474,40493.0,1074,4031.0,690,4031.0,0.09954807003679648,384,0,0,0.0,0.09954807003679648,0.4537179485826296,4031.0,0.09373816915272204,0.3234138488769531,0.08159399032592773,0.039952754974365234,0.09625482559204102,0.0,758,[384],exhausted,
Basketball_temporal/1988,Basketball_coarse,C0_A4,712779aad638f619,1787630960.9296658,complete,290,3099,0.03697649445173607,47701.0,1155,4857.0,730,4857.0,0.1018217647428775,425,0,0,0.0,0.1018217647428775,0.46823382169098277,4857.0,0.12735950363918386,0.3390517234802246,0.0822758674621582,0.05041217803955078,0.0984501838684082,0.0,821,[425],exhausted,
Basketball_temporal/1991,Basketball_coarse,C0_A4,712779aad638f619,1787630961.2731676,complete,295,3218,0.03710365502133057,52133.0,1160,5308.0,749,5308.0,0.10181650777818273,411,0,0,0.0,0.1017589626532139,0.45049485269184525,5305.0,0.09680618009915831,0.4456312656402588,0.13122200965881348,0.04723691940307617,0.10975027084350586,0.0,875,[411],exhausted,
Basketball_temporal/1994,Basketball_coarse,C0_A4,712779aad638f619,1787630961.7232795,complete,301,3144,0.03481727574750831,51068.0,1099,5093.0,705,5093.0,0.0997297720686144,394,0,0,0.0,0.09959269992950576,0.45838042296032355,5086.0,0.11364341085271318,0.39014315605163574,0.10050415992736816,0.05191230773925781,0.1112828254699707,0.0,849,[394],exhausted,
Basketball_temporal/1997,Basketball_coarse,C0_A4,712779aad638f619,1787630962.1179073,complete,305,3333,0.035946937014667814,52037.0,1232,5857.0,787,5857.0,0.11255452850856122,445,0,0,0.0,0.11249687722197667,0.503928745818332,5854.0,0.12968075927523728,0.47528862953186035,0.1379542350769043,0.06171274185180664,0.11258363723754883,0.0,948,[445],exhausted,
Basketball_temporal/2000,Basketball_coarse,C0_A4,712779aad638f619,1787630962.5976994,complete,318,3475,0.03447215443525187,55092.0,1189,5183.0,742,5183.0,0.09407899513540986,447,0,0,0.0,0.09407899513540986,0.5113405684614751,5183.0,0.09953772592901217,0.4618372917175293,0.12933015823364258,0.06032061576843262,0.11496925354003906,0.0,888,[447],exhausted,
Basketball_temporal/2003,Basketball_coarse,C0_A4,712779aad638f619,1787630963.0641592,complete,327,3560,0.03339524586780736,54489.0,1297,5833.0,785,5833.0,0.10704912918203674,512,0,0,0.0,0.10699407219805833,0.500897334106028,5830.0,0.10761524174030505,0.46254396438598633,0.11915445327758789,0.07699418067932129,0.11968088150024414,0.0,919,[512],exhausted,
Basketball_temporal/2006,Basketball_coarse,C0_A4,712779aad638f619,1787630963.5312898,complete,334,3695,0.03322184459909011,55402.0,1312,6106.0,798,6106.0,0.11021262770297101,514,0,0,0.0,0.11012237825349265,0.5184200861286395,6101.0,0.12380644117171064,0.5169825553894043,0.1436014175415039,0.08110308647155762,0.11971688270568848,0.0,942,[514],exhausted,
Basketball_temporal/2009,Basketball_coarse,C0_A4,712779aad638f619,1787630964.0528984,complete,347,4155,0.034607119654844996,61946.0,1424,6309.0,902,6309.0,0.10184676976721661,522,0,0,0.0,0.10184676976721661,0.4790352369295716,6309.0,0.10189735303426563,0.6130645275115967,0.18498015403747559,0.08731555938720703,0.12352943420410156,0.0,1039,[522],exhausted,
Basketball_temporal/2012,Basketball_coarse,C0_A4,712779aad638f619,1787630964.670537,complete,345,4126,0.034765756656555444,61534.0,1389,5988.0,827,5988.0,0.09731205512399649,562,0,0,0.0,0.09731205512399649,0.492115364842966,5988.0,0.10107853050219076,0.5468921661376953,0.15033507347106934,0.09272885322570801,0.12131547927856445,0.0,969,[562],exhausted,
Basketball_temporal/2014,Basketball_coarse,C0_A4,712779aad638f619,1787630965.2302208,complete,351,4196,0.03415547415547415,60897.0,1471,6400.0,874,6400.0,0.10509548910455359,597,0,0,0.0,0.10502980442386324,0.5046936609697489,6396.0,0.09509157509157509,0.6070878505706787,0.1696772575378418,0.10591530799865723,0.128859281539917,0.0,1019,[597],exhausted,
Basketball_temporal/1993,Basketball_coarse,C0_A4,712779aad638f619,1787630965.8418493,complete,298,3088,0.03489028992384697,48535.0,1095,5035.0,710,5035.0,0.10373956938291955,385,0,0,0.0,0.10373956938291955,0.48807612884221246,5035.0,0.09276207262784444,0.38257384300231934,0.10004591941833496,0.05125713348388672,0.10573530197143555,0.0,795,[385],exhausted,
Basketball_temporal/finer1985,Basketball_finer,C0_A4,712779aad638f619,1787630966.229015,complete,282,4814,0.06075061204916585,518633.4,4254,245469.7,2407,245469.7,0.4733009867856563,1847,0,0,0.0,0.4728093100058731,0.1283160959895218,245214.7,0.2378031851795765,0.5842812061309814,0.1594994068145752,0.10903334617614746,0.11990571022033691,0.0,4244,[1847],exhausted,
Basketball_temporal/finer1988,Basketball_finer,C0_A4,712779aad638f619,1787630966.8178756,complete,290,5170,0.06168714950483236,584038.0,4564,275802.5,2585,275802.5,0.4722338272509665,1979,0,0,0.0,0.4716996154359819,0.11920099473811667,275490.5,0.23806228373702423,0.6304023265838623,0.17109370231628418,0.12414741516113281,0.12579631805419922,0.0,4554,[1979],exhausted,
Basketball_temporal/finer1991,Basketball_finer,C0_A4,712779aad638f619,1787630967.4529119,complete,295,5420,0.062492793727660555,630782.6,4751,297366.3,2710,297366.3,0.47142438615142523,2041,0,0,0.0,0.4712785355842091,0.12240264038768793,297274.29999999993,0.19667934970598408,0.6859598159790039,0.19564223289489746,0.13866972923278809,0.11537575721740723,0.0,4743,[2041],exhausted,
Basketball_temporal/finer1994,Basketball_finer,C0_A4,712779aad638f619,1787630968.143476,complete,301,5252,0.058161683277962346,608682.0,4644,287064.0,2626,287064.0,0.47161572052401746,2018,0,0,0.0,0.4711097091749058,0.11848554236812299,286756.0,0.218250276854928,0.6675839424133301,0.18181300163269043,0.1330280303955078,0.13146042823791504,0.0,4634,[2018],exhausted,
Basketball_temporal/finer1997,Basketball_finer,C0_A4,712779aad638f619,1787630968.8156304,complete,305,5628,0.06069887834339948,582710.0,4983,274410.5,2814,274410.5,0.47092121295327005,2169,0,0,0.0,0.47060029860479485,0.12989884351136005,274223.5,0.23373597929249354,0.7209963798522949,0.19872498512268066,0.15317392349243164,0.12867283821105957,0.0,4975,[2169],exhausted,
Basketball_temporal/finer2000,Basketball_finer,C0_A4,712779aad638f619,1787630969.5412574,complete,318,6274,0.06223835882784755,634382.8,5565,298067.9,3137,298067.9,0.46985495193123145,2428,0,0,0.0,0.46960746728946623,0.11973870437395276,297910.9,0.1938773485705216,0.8872032165527344,0.25591588020324707,0.1920156478881836,0.1358792781829834,0.0,5563,[2428],exhausted,
Basketball_temporal/finer2003,Basketball_finer,C0_A4,712779aad638f619,1787630970.441314,complete,327,6356,0.05962364683589426,645095.2,5635,304576.6,3178,304576.6,0.47214209623633846,2457,0,0,0.0,0.47199018067410825,0.1198827324469408,304478.6,0.24151516857094613,0.9177706241607666,0.25382256507873535,0.22688579559326172,0.1355600357055664,0.0,5628,[2457],exhausted,
Basketball_temporal/finer2006,Basketball_finer,C0_A4,712779aad638f619,1787630971.363734,complete,334,6680,0.06006006006006006,653869.4,5926,308180.7,3340,308180.7,0.47131843147882435,2586,0,0,0.0,0.4711257324474887,0.11759008929366013,308054.69999999995,0.2208915502328676,0.965017557144165,0.26881885528564453,0.2284243106842041,0.14934515953063965,0.0,5915,[2586],exhausted,
Basketball_temporal/finer2009,Basketball_finer,C0_A4,712779aad638f619,1787630972.3334036,complete,347,7478,0.06228448634871983,714987.7999999999,6668,336829.9,3739,336829.9,0.4710988075600731,2929,0,0,0.0,0.4708414605116339,0.12049872165471384,336645.89999999997,0.20207892588829104,1.094228982925415,0.29291415214538574,0.2963848114013672,0.1576709747314453,0.0,6663,[2929],exhausted,
Basketball_temporal/finer2012,Basketball_finer,C0_A4,712779aad638f619,1787630973.4323726,complete,345,7580,0.06386922817660937,709133.5999999999,6744,333077.3,3790,333077.3,0.46969611932081634,2954,0,0,0.0,0.46959317680053536,0.12414116979929576,333004.30000000005,0.19202898550724637,1.1148180961608887,0.3153207302093506,0.2741079330444336,0.15399384498596191,0.0,6737,[2954],exhausted,
Football_data_England_Premier_League/England_2009_2010,Football_coarse,C0_A4,712779aad638f619,1787630974.5518951,complete,20,215,0.5657894736842105,559.0,100,76.0,56,76.0,0.13595706618962433,44,0,0,0.0,0.13595706618962433,0.36279419262650386,76.0,0.031578947368421054,0.012912750244140625,0.0008904933929443359,0.0005345344543457031,0.008127927780151367,0.0,45,[44],exhausted,
Football_data_England_Premier_League/England_2010_2011,Football_coarse,C0_A4,712779aad638f619,1787630974.5692334,complete,20,219,0.5763157894736842,485.0,125,114.0,74,114.0,0.23505154639175257,51,0,0,0.0,0.23505154639175257,0.48988376347761126,114.0,0.09473684210526316,0.012893915176391602,0.0011975765228271484,0.0005540847778320312,0.0076901912689208984,0.0,65,[51],exhausted,
Football_data_England_Premier_League/England_2011_2012,Football_coarse,C0_A4,712779aad638f619,1787630974.586292,complete,20,226,0.5947368421052631,548.0,110,99.0,70,99.0,0.18065693430656934,40,0,0,0.0,0.18065693430656934,0.4493310731251582,99.0,0.06842105263157895,0.01253509521484375,0.0011763572692871094,0.0004978179931640625,0.0073087215423583984,0.0,59,[40],exhausted,
Football_data_England_Premier_League/finerEngland_2009_2010,Football_finer,C0_A4,712779aad638f619,1787630974.6029682,complete,20,380,1.0,1129.0,282,373.9999999999999,190,373.9999999999999,0.3312666076173604,92,0,0,0.0,0.32860938883968105,0.15260492030651915,370.9999999999999,0.09473684210526316,0.021256446838378906,0.004754304885864258,0.0008897781372070312,0.0073697566986083984,0.0,268,[92],exhausted,
Football_data_England_Premier_League/finerEngland_2010_2011,Football_finer,C0_A4,712779aad638f619,1787630974.6285381,complete,20,380,1.0,1139.0,298,457.9999999999999,190,457.9999999999999,0.40210711150131684,108,0,0,0.0,0.395083406496927,0.192197512203558,449.9999999999999,0.12631578947368421,0.023123741149902344,0.00528407096862793,0.0009584426879882812,0.008085012435913086,0.0,281,[108],exhausted,
Football_data_England_Premier_League/finerEngland_2011_2012,Football_finer,C0_A4,712779aad638f619,1787630974.6558924,complete,20,380,1.0,1142.0,292,414.9999999999999,190,414.9999999999999,0.36339754816112074,102,0,0,0.0,0.35726795096322234,0.18626093724366505,407.9999999999999,0.11578947368421053,0.022975921630859375,0.0053005218505859375,0.0009429454803466797,0.00793600082397461,0.0,273,[102],exhausted,
FacultyHiringNetworks/Business/Business_FM_Full_,Faculty,C0_A4,712779aad638f619,1787630974.682995,complete,113,1787,0.14119785082174463,3255.0,308,159.0,133,159.0,0.04884792626728111,175,0,0,0.0,0.04884792626728111,0.42257671846794553,159.0,0.09165613147914033,0.0728769302368164,0.003175497055053711,0.005393266677856445,0.04638051986694336,0.0,68,[175],exhausted,
FacultyHiringNetworks/History/History_FM_Full_,Faculty,C0_A4,712779aad638f619,1787630974.7601287,complete,145,1204,0.057662835249042144,1776.0,144,54.0,52,54.0,0.030405405405405407,92,0,0,0.0,0.030405405405405407,0.44487579657341364,54.0,0.11293103448275862,0.06809473037719727,0.0011925697326660156,0.0032813549041748047,0.051183223724365234,0.0,26,[92],exhausted,
FacultyHiringNetworks/ComputerScience/ComputerScience_FM_Full_,Faculty,C0_A4,712779aad638f619,1787630974.8325083,complete,206,1407,0.033317546767700684,1957.0,176,66.0,62,66.0,0.03372508942258559,114,0,0,0.0,0.03372508942258559,0.5498087119561136,66.0,0.1369168837319441,0.08392763137817383,0.0019071102142333984,0.0051746368408203125,0.061486005783081055,0.0,27,[114],exhausted,
Dryad_animal_society,Animal,C0_A4,712779aad638f619,1787630974.9210827,complete,21,193,0.4595238095238095,939.0,60,74.0,42,74.0,0.07880724174653887,18,0,0,0.0,0.07880724174653887,0.3533387265554227,74.0,0.0380952380952381,0.011638402938842773,0.0007700920104980469,0.0003681182861328125,0.007529020309448242,0.0,37,[18],exhausted,
Halo2BetaData,Halo,C0_A4,712779aad638f619,1787630974.9371603,complete,602,5010,0.013847352972067595,23953.0,1952,3302.0,1042,3302.0,0.13785329603807456,910,0,0,0.0,0.4254581928253174,0.5483769904046956,10191.0,0.4371838740526586,0.7394392490386963,0.08308100700378418,0.32552242279052734,0.21429705619812012,0.0,690,[910],exhausted,
Basketball_temporal/1985,Basketball_coarse,C1_A0,712779aad638f619,1787630975.689525,complete,282,2904,0.03664723252820474,40493.0,1054,7104.0,1054,7104.0,0.1754377299780209,0,0,0,0.0,0.11478527152841232,0.4650944410181949,4648.0,0.0,0.18358469009399414,0.15949153900146484,1.6689300537109375e-06,0.0009391307830810547,0.0,804,[0],phase_b_disabled,
Basketball_temporal/1988,Basketball_coarse,C1_A0,712779aad638f619,1787630975.8777544,complete,290,3099,0.03697649445173607,47701.0,1112,8582.0,1112,8582.0,0.17991237080983627,0,0,0,0.0,0.12293243328232112,0.4758469422812907,5864.0,0.0,0.19510698318481445,0.16991448402404785,1.6689300537109375e-06,0.0010099411010742188,0.0,864,[0],phase_b_disabled,
Basketball_temporal/1991,Basketball_coarse,C1_A0,712779aad638f619,1787630976.0772839,complete,295,3218,0.03710365502133057,52133.0,1162,9395.0,1162,9395.0,0.18021214969405175,0,0,0,0.0,0.11994322214336409,0.4618462153673648,6253.0,0.0,0.22906231880187988,0.2031726837158203,1.6689300537109375e-06,0.0010619163513183594,0.0,911,[0],phase_b_disabled,
Basketball_temporal/1994,Basketball_coarse,C1_A0,712779aad638f619,1787630976.3110306,complete,301,3144,0.03481727574750831,51068.0,1113,9249.0,1113,9249.0,0.18111145923082947,0,0,0,0.0,0.12275789143886583,0.4572881369529506,6269.0,0.0,0.21524763107299805,0.1893312931060791,1.430511474609375e-06,0.0010404586791992188,0.0,920,[0],phase_b_disabled,
Basketball_temporal/1997,Basketball_coarse,C1_A0,712779aad638f619,1787630976.530875,complete,305,3333,0.035946937014667814,52037.0,1236,10657.0,1236,10657.0,0.2047965870438342,0,0,0,0.0,0.1349232277033649,0.5051528088244487,7021.0,0.0,0.23112106323242188,0.20473265647888184,1.430511474609375e-06,0.0010755062103271484,0.0,990,[0],phase_b_disabled,
Basketball_temporal/2000,Basketball_coarse,C1_A0,712779aad638f619,1787630976.7665908,complete,318,3475,0.03447215443525187,55092.0,1178,9856.0,1178,9856.0,0.17890074783997675,0,0,0,0.0,0.1204167574239454,0.5153853274242327,6634.0,0.0,0.2565886974334717,0.22913312911987305,1.6689300537109375e-06,0.0011661052703857422,0.0,915,[0],phase_b_disabled,
Basketball_temporal/2003,Basketball_coarse,C1_A0,712779aad638f619,1787630977.027967,complete,327,3560,0.03339524586780736,54489.0,1296,11248.0,1296,11248.0,0.20642698526308062,0,0,0,0.0,0.13285250233992182,0.5105463615751042,7239.0,0.0,0.2542383670806885,0.22637438774108887,1.430511474609375e-06,0.0011599063873291016,0.0,997,[0],phase_b_disabled,
Basketball_temporal/2006,Basketball_coarse,C1_A0,712779aad638f619,1787630977.286955,complete,334,3695,0.03322184459909011,55402.0,1312,11059.0,1312,11059.0,0.19961373235623261,0,0,0,0.0,0.1328652395220389,0.5072982409488405,7361.0,0.0,0.2756164073944092,0.24684858322143555,1.6689300537109375e-06,0.0012214183807373047,0.0,1032,[0],phase_b_disabled,
Basketball_temporal/2009,Basketball_coarse,C1_A0,712779aad638f619,1787630977.5672956,complete,347,4155,0.034607119654844996,61946.0,1410,11524.0,1410,11524.0,0.18603299648080587,0,0,0,0.0,0.12045975527071966,0.4941086838340961,7462.0,0.0,0.30965256690979004,0.2774229049682617,1.6689300537109375e-06,0.0013835430145263672,0.0,1078,[0],phase_b_disabled,
Basketball_temporal/2012,Basketball_coarse,C1_A0,712779aad638f619,1787630977.8816657,complete,345,4126,0.034765756656555444,61534.0,1392,11616.0,1392,11616.0,0.18877368609224168,0,0,0,0.0,0.12363896382487731,0.48182961336167673,7608.0,0.0,0.29274725914001465,0.2609093189239502,1.6689300537109375e-06,0.0013866424560546875,0.0,1057,[0],phase_b_disabled,
Basketball_temporal/2014,Basketball_coarse,C1_A0,712779aad638f619,1787630978.1792002,complete,351,4196,0.03415547415547415,60897.0,1464,12354.0,1464,12354.0,0.2028671363121336,0,0,0,0.0,0.13301147839795063,0.5157722067621768,8100.0,0.0,0.3366827964782715,0.3038921356201172,1.9073486328125e-06,0.0013892650604248047,0.0,1114,[0],phase_b_disabled,
Basketball_temporal/1993,Basketball_coarse,C1_A0,712779aad638f619,1787630978.520586,complete,298,3088,0.03489028992384697,48535.0,1082,8717.0,1082,8717.0,0.17960234882043885,0,0,0,0.0,0.12273616977438961,0.48412161583997204,5957.0,0.0,0.19446873664855957,0.16929388046264648,1.430511474609375e-06,0.001024484634399414,0.0,876,[0],phase_b_disabled,
Basketball_temporal/finer1985,Basketball_finer,C1_A0,712779aad638f619,1787630978.7197459,complete,282,4814,0.06075061204916585,518633.4,4004,425362.5,4004,425362.5,0.8201602519236131,0,0,0,0.0,0.4770338740235396,0.15289377965470252,247405.7,0.0,0.46140432357788086,0.4245870113372803,1.9073486328125e-06,0.0004737377166748047,0.0,3993,[0],phase_b_disabled,
Basketball_temporal/finer1988,Basketball_finer,C1_A0,712779aad638f619,1787630979.186097,complete,290,5170,0.06168714950483236,584038.0,4276,478339.1,4276,478339.1,0.8190205089394867,0,0,0,0.0,0.4761616538649882,0.1530309721513497,278096.5,0.0,0.5210609436035156,0.482086181640625,1.430511474609375e-06,0.0005140304565429688,0.0,4260,[0],phase_b_disabled,
Basketball_temporal/finer1991,Basketball_finer,C1_A0,712779aad638f619,1787630979.7120004,complete,295,5420,0.062492793727660555,630782.6,4511,517705.39999999997,4511,517705.39999999997,0.8207350678347817,0,0,0,0.0,0.47617087091495547,0.15673653252989628,300360.3,0.0,0.5523025989532471,0.5111861228942871,1.430511474609375e-06,0.0005288124084472656,0.0,4497,[0],phase_b_disabled,
Basketball_temporal/finer1994,Basketball_finer,C1_A0,712779aad638f619,1787630980.2691453,complete,301,5252,0.058161683277962346,608682.0,4266,490032.1,4266,490032.1,0.8050707923020559,0,0,0,0.0,0.4751282278759681,0.14856366170647242,289202.0,0.0,0.5395348072052002,0.4994924068450928,1.430511474609375e-06,0.0005609989166259766,0.0,4259,[0],phase_b_disabled,
Basketball_temporal/finer1997,Basketball_finer,C1_A0,712779aad638f619,1787630980.8217013,complete,305,5628,0.06069887834339948,582710.0,4683,480278.2,4683,480278.2,0.824214789517942,0,0,0,0.0,0.4744787286986666,0.15037841988280132,276483.5,0.0,0.5916121006011963,0.5492315292358398,2.1457672119140625e-06,0.0005464553833007812,0.0,4676,[0],phase_b_disabled,
Basketball_temporal/finer2000,Basketball_finer,C1_A0,712779aad638f619,1787630981.4182172,complete,318,6274,0.06223835882784755,634382.8,5280,529846.8,5280,529846.8,0.8352162133021261,0,0,0,0.0,0.47407637785892054,0.14371492967187516,300745.9,0.0,0.7182424068450928,0.6713380813598633,1.9073486328125e-06,0.000579833984375,0.0,5271,[0],phase_b_disabled,
Basketball_temporal/finer2003,Basketball_finer,C1_A0,712779aad638f619,1787630982.1414433,complete,327,6356,0.05962364683589426,645095.2,5325,534183.7999999999,5325,534183.7999999999,0.8280697174618568,0,0,0,0.0,0.47584232528780246,0.15044572851105245,306963.6,0.0,0.7383315563201904,0.6906893253326416,1.6689300537109375e-06,0.0005931854248046875,0.0,5309,[0],phase_b_disabled,
Basketball_temporal/finer2006,Basketball_finer,C1_A0,712779aad638f619,1787630982.884696,complete,334,6680,0.06006006006006006,653869.4,5602,543042.7,5602,543042.7,0.8305063671736281,0,0,0,0.0,0.4759630898769692,0.167629860839829,311217.69999999995,0.0,0.772679328918457,0.7228517532348633,2.1457672119140625e-06,0.0006184577941894531,0.0,5591,[0],phase_b_disabled,
Basketball_temporal/finer2009,Basketball_finer,C1_A0,712779aad638f619,1787630983.6623704,complete,347,7478,0.06228448634871983,714987.7999999999,6284,599538.3,6284,599538.3,0.8385294126696988,0,0,0,0.0,0.47517020570141205,0.16177577604918483,339740.9,0.0,0.9273688793182373,0.8721981048583984,2.1457672119140625e-06,0.00067901611328125,0.0,6264,[0],phase_b_disabled,
Basketball_temporal/finer2012,Basketball_finer,C1_A0,712779aad638f619,1787630984.5946667,complete,345,7580,0.06386922817660937,709133.5999999999,6313,586323.1000000001,6313,586323.1000000001,0.8268161316852004,0,0,0,0.0,0.4738617659634236,0.1515210558129006,336031.3,0.0,0.987797737121582,0.9318578243255615,1.9073486328125e-06,0.0007171630859375,0.0,6300,[0],phase_b_disabled,
Football_data_England_Premier_League/England_2009_2010,Football_coarse,C1_A0,712779aad638f619,1787630985.5874834,complete,20,215,0.5657894736842105,559.0,105,178.0,105,178.0,0.3184257602862254,0,0,0,0.0,0.18425760286225404,0.40264940043915903,103.0,0.0,0.003999233245849609,0.0014910697937011719,9.5367431640625e-07,7.152557373046875e-05,0.0,56,[0],phase_b_disabled,
Football_data_England_Premier_League/England_2010_2011,Football_coarse,C1_A0,712779aad638f619,1787630985.6004674,complete,20,219,0.5763157894736842,485.0,131,235.0,131,235.0,0.4845360824742268,0,0,0,0.0,0.2639175257731959,0.44272535212241854,128.0,0.0,0.0036275386810302734,0.0013148784637451172,9.5367431640625e-07,5.888938903808594e-05,0.0,57,[0],phase_b_disabled,
Football_data_England_Premier_League/England_2011_2012,Football_coarse,C1_A0,712779aad638f619,1787630985.6085277,complete,20,226,0.5947368421052631,548.0,119,202.0,119,202.0,0.3686131386861314,0,0,0,0.0,0.21350364963503649,0.5348061191572381,117.0,0.0,0.003943920135498047,0.001535177230834961,7.152557373046875e-07,6.604194641113281e-05,0.0,66,[0],phase_b_disabled,
Football_data_England_Premier_League/finerEngland_2009_2010,Football_finer,C1_A0,712779aad638f619,1787630985.6169198,complete,20,380,1.0,1129.0,277,668.3999999999999,277,668.3999999999999,0.5920283436669618,0,0,0,0.0,0.34809565987599633,0.2060429040258286,392.9999999999999,0.0,0.009345531463623047,0.005770683288574219,9.5367431640625e-07,6.771087646484375e-05,0.0,251,[0],phase_b_disabled,
Football_data_England_Premier_League/finerEngland_2010_2011,Football_finer,C1_A0,712779aad638f619,1787630985.6308548,complete,20,380,1.0,1139.0,305,833.9999999999999,305,833.9999999999999,0.7322212467076382,0,0,0,0.0,0.40825285338015793,0.25667921812444133,464.9999999999999,0.0,0.009384393692016602,0.005855560302734375,7.152557373046875e-07,5.435943603515625e-05,0.0,280,[0],phase_b_disabled,
Football_data_England_Premier_League/finerEngland_2011_2012,Football_finer,C1_A0,712779aad638f619,1787630985.6447701,complete,20,380,1.0,1142.0,289,756.8,289,756.8,0.6626970227670753,0,0,0,0.0,0.3896672504378283,0.24063449589653252,444.9999999999999,0.0,0.009263992309570312,0.0057795047760009766,7.152557373046875e-07,6.0558319091796875e-05,0.0,273,[0],phase_b_disabled,
FacultyHiringNetworks/Business/Business_FM_Full_,Faculty,C1_A0,712779aad638f619,1787630985.6584704,complete,113,1787,0.14119785082174463,3255.0,279,347.0,279,347.0,0.10660522273425499,0,0,0,0.0,0.06144393241167435,0.48418837246678453,200.0,0.0,0.031737565994262695,0.01693582534790039,1.1920928955078125e-06,0.0007355213165283203,0.0,76,[0],phase_b_disabled,
FacultyHiringNetworks/History/History_FM_Full_,Faculty,C1_A0,712779aad638f619,1787630985.6946652,complete,145,1204,0.057662835249042144,1776.0,128,134.0,128,134.0,0.07545045045045046,0,0,0,0.0,0.04222972972972973,0.5095603972145126,75.0,0.0,0.017801523208618164,0.006523847579956055,1.430511474609375e-06,0.000545501708984375,0.0,32,[0],phase_b_disabled,
FacultyHiringNetworks/ComputerScience/ComputerScience_FM_Full_,Faculty,C1_A0,712779aad638f619,1787630985.7169428,complete,206,1407,0.033317546767700684,1957.0,166,178.0,166,178.0,0.09095554420030659,0,0,0,0.0,0.04905467552376086,0.5497055180505327,96.0,0.0,0.02236318588256836,0.009013175964355469,1.430511474609375e-06,0.0006401538848876953,0.0,37,[0],phase_b_disabled,
Dryad_animal_society,Animal,C1_A0,712779aad638f619,1787630985.743756,complete,21,193,0.4595238095238095,939.0,49,115.0,49,115.0,0.12247071352502663,0,0,0,0.0,0.09052183173588925,0.38329785121337934,85.0,0.0,0.003139495849609375,0.0009446144104003906,9.5367431640625e-07,8.416175842285156e-05,0.0,36,[0],phase_b_disabled,
Halo2BetaData,Halo,C1_A0,712779aad638f619,1787630985.751323,complete,602,5010,0.013847352972067595,23953.0,1988,7070.0,1988,7070.0,0.2951613576587484,0,0,0,0.0,0.1782657653093338,0.668137398406853,4270.0,0.0,0.21742796897888184,0.18422746658325195,1.1920928955078125e-06,0.0015895366668701172,0.0,725,[0],phase_b_disabled,
Basketball_temporal/1985,Basketball_coarse,C1_A4,712779aad638f619,1787630985.9735713,complete,282,2904,0.03664723252820474,40493.0,1054,3944.0,692,3944.0,0.09739955053959944,362,0,0,0.0,0.09720198552836293,0.4508239527173747,3936.0,0.13432270765503143,0.41077661514282227,0.15941500663757324,0.04213857650756836,0.10335612297058105,0.0,804,[362],exhausted,
Basketball_temporal/1988,Basketball_coarse,C1_A4,712779aad638f619,1787630986.3893554,complete,290,3099,0.03697649445173607,47701.0,1112,4833.0,721,4833.0,0.10131863063667429,391,0,0,0.0,0.10129766671558248,0.46521396422345856,4832.0,0.15523207254504237,0.43028807640075684,0.17053985595703125,0.046831369400024414,0.10503029823303223,0.0,864,[391],exhausted,
Basketball_temporal/1991,Basketball_coarse,C1_A4,712779aad638f619,1787630986.8246522,complete,295,3218,0.03710365502133057,52133.0,1162,5244.0,741,5244.0,0.10058887844551435,421,0,0,0.0,0.10035869794563904,0.44574074398303104,5232.0,0.12844459817825435,0.5190324783325195,0.20361089706420898,0.05066370964050293,0.10748910903930664,0.0,911,[421],exhausted,
Basketball_temporal/1994,Basketball_coarse,C1_A4,712779aad638f619,1787630987.3487737,complete,301,3144,0.03481727574750831,51068.0,1113,5216.0,712,5216.0,0.10213832537009478,401,0,0,0.0,0.1021187436359364,0.45351913080843065,5215.0,0.1426578073089701,0.47454118728637695,0.18937230110168457,0.04620647430419922,0.1126854419708252,0.0,920,[401],exhausted,
Basketball_temporal/1997,Basketball_coarse,C1_A4,712779aad638f619,1787630987.8283587,complete,305,3333,0.035946937014667814,52037.0,1236,5810.0,781,5810.0,0.11165132501873667,455,0,0,0.0,0.11165132501873667,0.49203380906221195,5810.0,0.17670405522001725,0.5331950187683105,0.20476007461547852,0.057375431060791016,0.10822725296020508,0.0,990,[455],exhausted,
Basketball_temporal/2000,Basketball_coarse,C1_A4,712779aad638f619,1787630988.3666353,complete,318,3475,0.03447215443525187,55092.0,1178,5320.0,737,5320.0,0.09656574457271473,441,0,0,0.0,0.09625716982501997,0.5045820196789658,5303.0,0.1375910164077535,0.5679042339324951,0.22901511192321777,0.06278562545776367,0.11918377876281738,0.0,915,[441],exhausted,
Basketball_temporal/2003,Basketball_coarse,C1_A4,712779aad638f619,1787630988.9397113,complete,327,3560,0.03339524586780736,54489.0,1296,5809.0,806,5809.0,0.1066086733102094,490,0,0,0.0,0.1066086733102094,0.5057514484438582,5809.0,0.14994090167163843,0.5609824657440186,0.23011422157287598,0.06843423843383789,0.11591839790344238,0.0,997,[490],exhausted,
Basketball_temporal/2006,Basketball_coarse,C1_A4,712779aad638f619,1787630989.5057929,complete,334,3695,0.03322184459909011,55402.0,1312,5896.0,791,5896.0,0.10642215082487996,521,0,0,0.0,0.10642215082487996,0.4937188294038179,5896.0,0.14112315908723094,0.616685152053833,0.2463076114654541,0.08142280578613281,0.11674141883850098,0.0,1032,[521],exhausted,
Basketball_temporal/2009,Basketball_coarse,C1_A4,712779aad638f619,1787630990.1275084,complete,347,4155,0.034607119654844996,61946.0,1410,6121.0,877,6121.0,0.09881186840151099,533,0,0,0.0,0.09877958221676944,0.48396636200614973,6119.0,0.1479235728207093,0.718745231628418,0.2782919406890869,0.09492754936218262,0.12799358367919922,0.0,1078,[533],exhausted,
Basketball_temporal/2012,Basketball_coarse,C1_A4,712779aad638f619,1787630990.859458,complete,345,4126,0.034765756656555444,61534.0,1392,5977.0,840,5977.0,0.09713329216368187,552,0,0,0.0,0.09697078038157766,0.4770250941109819,5967.0,0.12647455342096395,0.6642765998840332,0.26151561737060547,0.09174299240112305,0.12905406951904297,0.0,1057,[552],exhausted,
Basketball_temporal/2014,Basketball_coarse,C1_A4,712779aad638f619,1787630991.5288525,complete,351,4196,0.03415547415547415,60897.0,1464,6426.0,866,6426.0,0.10552243952904083,598,0,0,0.0,0.10552243952904083,0.4911325059948936,6426.0,0.13175417175417176,0.7410430908203125,0.30474114418029785,0.10791444778442383,0.1261742115020752,0.0,1114,[598],exhausted,
Basketball_temporal/1993,Basketball_coarse,C1_A4,712779aad638f619,1787630992.2750168,complete,298,3088,0.03489028992384697,48535.0,1082,4985.0,713,4985.0,0.1027093849799114,369,0,0,0.0,0.1027093849799114,0.46364597560241666,4985.0,0.1260027568752401,0.4428396224975586,0.16913557052612305,0.044470787048339844,0.10405564308166504,0.0,876,[369],exhausted,
Basketball_temporal/finer1985,Basketball_finer,C1_A4,712779aad638f619,1787630992.7229636,complete,282,4814,0.06075061204916585,518633.4,4004,244753.7,2407,244753.7,0.47192043551379453,1597,0,0,0.0,0.47176425583080456,0.11171440230418632,244672.7,0.31417682542086267,0.8392632007598877,0.42337727546691895,0.09923863410949707,0.12064862251281738,0.0,3993,[1597],exhausted,
Basketball_temporal/finer1988,Basketball_finer,C1_A4,712779aad638f619,1787630993.5673635,complete,290,5170,0.06168714950483236,584038.0,4276,274683.5,2585,274683.5,0.4703178560299159,1691,0,0,0.0,0.4703058705084258,0.12613930040500868,274676.5,0.30726643598615916,0.934701681137085,0.4824039936065674,0.12415957450866699,0.11849713325500488,0.0,4260,[1691],exhausted,
Basketball_temporal/finer1991,Basketball_finer,C1_A4,712779aad638f619,1787630994.5072186,complete,295,5420,0.062492793727660555,630782.6,4511,296520.30000000005,2710,296520.30000000005,0.4700831950659388,1801,0,0,0.0,0.4699833191340409,0.12402338023892605,296457.30000000005,0.27538337368845844,1.00276517868042,0.5057992935180664,0.13308095932006836,0.1275784969329834,0.0,4497,[1801],exhausted,
Basketball_temporal/finer1994,Basketball_finer,C1_A4,712779aad638f619,1787630995.5151265,complete,301,5252,0.058161683277962346,608682.0,4266,285894.0,2626,285894.0,0.4696935345549893,1640,0,0,0.0,0.4695391025198708,0.11830927348190046,285800.0,0.28500553709856036,0.9585788249969482,0.49686479568481445,0.11256790161132812,0.12738394737243652,0.0,4259,[1640],exhausted,
Basketball_temporal/finer1997,Basketball_finer,C1_A4,712779aad638f619,1787630996.487066,complete,305,5628,0.06069887834339948,582710.0,4683,273084.5,2814,273084.5,0.4686456384822639,1869,0,0,0.0,0.4684105301093168,0.12272888305283987,272947.5,0.30127264883520277,1.0561237335205078,0.5451211929321289,0.14284420013427734,0.12788844108581543,0.0,4676,[1869],exhausted,
Basketball_temporal/finer2000,Basketball_finer,C1_A4,712779aad638f619,1787630997.548362,complete,318,6274,0.06223835882784755,634382.8,5280,297184.9,3137,297184.9,0.46846304786321447,2143,0,0,0.0,0.4682928036510447,0.11156406407439874,297076.89999999997,0.32216336329186757,1.2896254062652588,0.6663572788238525,0.18306255340576172,0.13697218894958496,0.0,5271,[2143],exhausted,
Basketball_temporal/finer2003,Basketball_finer,C1_A4,712779aad638f619,1787630998.8431616,complete,327,6356,0.05962364683589426,645095.2,5325,303935.6,3178,303935.6,0.4711484444466491,2147,0,0,0.0,0.4708709660217594,0.11243943425622949,303756.60000000003,0.30796795557306617,1.3389434814453125,0.6919922828674316,0.1980431079864502,0.14091706275939941,0.0,5309,[2147],exhausted,
Basketball_temporal/finer2006,Basketball_finer,C1_A4,712779aad638f619,1787631000.1874535,complete,334,6680,0.06006006006006006,653869.4,5602,307276.69999999995,3340,307276.69999999995,0.4699358923968608,2262,0,0,0.0,0.4698074263759705,0.11926842856460605,307192.7,0.2808077538616461,1.394214391708374,0.716392993927002,0.21081280708312988,0.1483609676361084,0.0,5591,[2262],exhausted,
Basketball_temporal/finer2009,Basketball_finer,C1_A4,712779aad638f619,1787631001.5950856,complete,347,7478,0.06228448634871983,714987.7999999999,6284,335677.9,3739,335677.9,0.46948759125680195,2545,0,0,0.0,0.46934772873047625,0.11963658450229114,335577.89999999997,0.2940480751611667,1.6409053802490234,0.867767333984375,0.2680017948150635,0.15643668174743652,0.0,6264,[2545],exhausted,
Basketball_temporal/finer2012,Basketball_finer,C1_A4,712779aad638f619,1787631003.241267,complete,345,7580,0.06386922817660937,709133.5999999999,6313,332016.3,3790,332016.3,0.46819992734796384,2523,0,0,0.0,0.4680828831125758,0.1270274614279015,331933.3,0.28754634310751603,1.7167327404022217,0.9344832897186279,0.2604966163635254,0.15075922012329102,0.0,6300,[2523],exhausted,
Football_data_England_Premier_League/England_2009_2010,Football_coarse,C1_A4,712779aad638f619,1787631004.9632149,complete,20,215,0.5657894736842105,559.0,105,79.0,57,79.0,0.1413237924865832,48,0,0,0.0,0.1413237924865832,0.3676833111873599,79.0,0.042105263157894736,0.013244152069091797,0.0015025138854980469,0.0005559921264648438,0.007761240005493164,0.0,56,[48],exhausted,
Football_data_England_Premier_League/England_2010_2011,Football_coarse,C1_A4,712779aad638f619,1787631004.9815347,complete,20,219,0.5763157894736842,485.0,131,107.0,71,107.0,0.22061855670103092,60,0,0,0.0,0.22061855670103092,0.452206480493802,107.0,0.1736842105263158,0.013573884963989258,0.001360177993774414,0.0005960464477539062,0.008105754852294922,0.0,57,[60],exhausted,
Football_data_England_Premier_League/England_2011_2012,Football_coarse,C1_A4,712779aad638f619,1787631004.999905,complete,20,226,0.5947368421052631,548.0,119,96.0,68,96.0,0.17518248175182483,51,0,0,0.0,0.17518248175182483,0.4469732166447704,96.0,0.06842105263157895,0.013604402542114258,0.0015218257904052734,0.0005729198455810547,0.007916927337646484,0.0,66,[51],exhausted,
Football_data_England_Premier_League/finerEngland_2009_2010,Football_finer,C1_A4,712779aad638f619,1787631005.0182474,complete,20,380,1.0,1129.0,277,383.9999999999999,190,383.9999999999999,0.34012400354295824,87,0,0,0.0,0.3356953055801593,0.15964016907249753,378.9999999999999,0.1736842105263158,0.023217201232910156,0.005811452865600586,0.0008478164672851562,0.008326530456542969,0.0,251,[87],exhausted,
Football_data_England_Premier_League/finerEngland_2010_2011,Football_finer,C1_A4,712779aad638f619,1787631005.04613,complete,20,380,1.0,1139.0,305,447.9999999999999,190,447.9999999999999,0.3933274802458296,115,0,0,0.0,0.39244951712028087,0.19308708324843005,446.9999999999999,0.25263157894736843,0.023757457733154297,0.005932807922363281,0.001001596450805664,0.008114814758300781,0.0,280,[115],exhausted,
Football_data_England_Premier_League/finerEngland_2011_2012,Football_finer,C1_A4,712779aad638f619,1787631005.0745552,complete,20,380,1.0,1142.0,289,414.9999999999999,190,414.9999999999999,0.36339754816112074,99,0,0,0.0,0.35814360770577924,0.17430958122784881,408.9999999999999,0.22631578947368422,0.0237123966217041,0.005803346633911133,0.0009179115295410156,0.008286714553833008,0.0,273,[99],exhausted,
FacultyHiringNetworks/Business/Business_FM_Full_,Faculty,C1_A4,712779aad638f619,1787631005.102945,complete,113,1787,0.14119785082174463,3255.0,279,147.0,130,147.0,0.04516129032258064,149,0,0,0.0,0.04516129032258064,0.43144639693457143,147.0,0.1276864728192162,0.0805978775024414,0.01696181297302246,0.005010366439819336,0.04063272476196289,0.0,76,[149],exhausted,
FacultyHiringNetworks/History/History_FM_Full_,Faculty,C1_A4,712779aad638f619,1787631005.1887882,complete,145,1204,0.057662835249042144,1776.0,128,50.0,49,50.0,0.028153153153153154,79,0,0,0.0,0.028153153153153154,0.43535696132049145,50.0,0.2,0.07673048973083496,0.006552457809448242,0.003007650375366211,0.054636478424072266,0.0,32,[79],exhausted,
FacultyHiringNetworks/ComputerScience/ComputerScience_FM_Full_,Faculty,C1_A4,712779aad638f619,1787631005.2705548,complete,206,1407,0.033317546767700684,1957.0,166,66.0,60,66.0,0.03372508942258559,106,0,0,0.0,0.03372508942258559,0.5522367201420944,66.0,0.14108453705896282,0.09104251861572266,0.00889444351196289,0.004773616790771484,0.06221604347229004,0.0,37,[106],exhausted,
Dryad_animal_society,Animal,C1_A4,712779aad638f619,1787631005.3664844,complete,21,193,0.4595238095238095,939.0,49,71.0,38,71.0,0.07561235356762513,11,0,0,0.0,0.07561235356762513,0.31186097470479335,71.0,0.06666666666666667,0.011907815933227539,0.0009319782257080078,0.00032591819763183594,0.007721424102783203,0.0,36,[11],exhausted,
Halo2BetaData,Halo,C1_A4,712779aad638f619,1787631005.3831992,complete,602,5010,0.013847352972067595,23953.0,1988,3242.0,1025,3242.0,0.1353483905982549,963,0,0,0.0,0.4254581928253174,0.5483769904046956,10191.0,0.4371838740526586,0.8548860549926758,0.18291831016540527,0.34163928031921387,0.2142179012298584,0.0,725,[963],exhausted,
Basketball_temporal/1985,Basketball_coarse,Z12_A4,712779aad638f619,1787631006.243416,complete,282,2904,0.03664723252820474,40493.0,1074,4031.0,690,4031.0,0.09954807003679648,384,0,0,0.0,0.09954807003679648,0.4537179485826296,4031.0,0.09373816915272204,0.32303404808044434,0.08158540725708008,0.04005932807922363,0.09583020210266113,0.0,758,[384],exhausted,
Basketball_temporal/1988,Basketball_coarse,Z12_A4,712779aad638f619,1787631006.5716424,complete,290,3099,0.03697649445173607,47701.0,1155,4857.0,730,4857.0,0.1018217647428775,425,0,0,0.0,0.1018217647428775,0.46823382169098277,4857.0,0.12735950363918386,0.3416025638580322,0.08254814147949219,0.05040335655212402,0.09855985641479492,0.0,821,[425],exhausted,
Basketball_temporal/1991,Basketball_coarse,Z12_A4,712779aad638f619,1787631006.9186494,complete,295,3218,0.03710365502133057,52133.0,1160,5308.0,749,5308.0,0.10181650777818273,411,0,0,0.0,0.1017589626532139,0.45049485269184525,5305.0,0.09680618009915831,0.44641733169555664,0.13147473335266113,0.0472712516784668,0.10995888710021973,0.0,875,[411],exhausted,
Basketball_temporal/1994,Basketball_coarse,Z12_A4,712779aad638f619,1787631007.3704197,complete,301,3144,0.03481727574750831,51068.0,1099,5093.0,705,5093.0,0.0997297720686144,394,0,0,0.0,0.09959269992950576,0.45838042296032355,5086.0,0.11364341085271318,0.3901336193084717,0.10033845901489258,0.0520322322845459,0.11123347282409668,0.0,849,[394],exhausted,
Basketball_temporal/1997,Basketball_coarse,Z12_A4,712779aad638f619,1787631007.7659461,complete,305,3333,0.035946937014667814,52037.0,1232,5857.0,787,5857.0,0.11255452850856122,445,0,0,0.0,0.11249687722197667,0.503928745818332,5854.0,0.12968075927523728,0.46965861320495605,0.13635039329528809,0.05712127685546875,0.11173462867736816,0.0,948,[445],exhausted,
Basketball_temporal/2000,Basketball_coarse,Z12_A4,712779aad638f619,1787631008.2409978,complete,318,3475,0.03447215443525187,55092.0,1189,5183.0,742,5183.0,0.09407899513540986,447,0,0,0.0,0.09407899513540986,0.5113405684614751,5183.0,0.09953772592901217,0.4604461193084717,0.129378080368042,0.05998110771179199,0.11408281326293945,0.0,888,[447],exhausted,
Basketball_temporal/2003,Basketball_coarse,Z12_A4,712779aad638f619,1787631008.7068074,complete,327,3560,0.03339524586780736,54489.0,1297,5833.0,785,5833.0,0.10704912918203674,512,0,0,0.0,0.10699407219805833,0.500897334106028,5830.0,0.10761524174030505,0.46254634857177734,0.11894726753234863,0.07698655128479004,0.1194920539855957,0.0,919,[512],exhausted,
Basketball_temporal/2006,Basketball_coarse,Z12_A4,712779aad638f619,1787631009.1747868,complete,334,3695,0.03322184459909011,55402.0,1312,6106.0,798,6106.0,0.11021262770297101,514,0,0,0.0,0.11012237825349265,0.5184200861286395,6101.0,0.12380644117171064,0.5168778896331787,0.1435863971710205,0.08130979537963867,0.11959719657897949,0.0,942,[514],exhausted,
Basketball_temporal/2009,Basketball_coarse,Z12_A4,712779aad638f619,1787631009.697034,complete,347,4155,0.034607119654844996,61946.0,1424,6309.0,902,6309.0,0.10184676976721661,522,0,0,0.0,0.10184676976721661,0.4790352369295716,6309.0,0.10189735303426563,0.6145648956298828,0.18592095375061035,0.0873112678527832,0.12327957153320312,0.0,1039,[522],exhausted,
Basketball_temporal/2012,Basketball_coarse,Z12_A4,712779aad638f619,1787631010.3170283,complete,345,4126,0.034765756656555444,61534.0,1389,5988.0,827,5988.0,0.09731205512399649,562,0,0,0.0,0.09731205512399649,0.492115364842966,5988.0,0.10107853050219076,0.5469677448272705,0.15087318420410156,0.09272289276123047,0.12123990058898926,0.0,969,[562],exhausted,
Basketball_temporal/2014,Basketball_coarse,Z12_A4,712779aad638f619,1787631010.8693657,complete,351,4196,0.03415547415547415,60897.0,1471,6400.0,874,6400.0,0.10509548910455359,597,0,0,0.0,0.10502980442386324,0.5046936609697489,6396.0,0.09509157509157509,0.6072757244110107,0.16955780982971191,0.10570144653320312,0.12897205352783203,0.0,1019,[597],exhausted,
Basketball_temporal/1993,Basketball_coarse,Z12_A4,712779aad638f619,1787631011.482071,complete,298,3088,0.03489028992384697,48535.0,1095,5035.0,710,5035.0,0.10373956938291955,385,0,0,0.0,0.10373956938291955,0.48807612884221246,5035.0,0.09276207262784444,0.3823206424713135,0.10004663467407227,0.05136728286743164,0.10553264617919922,0.0,795,[385],exhausted,
Basketball_temporal/finer1985,Basketball_finer,Z12_A4,712779aad638f619,1787631011.8697488,complete,282,4814,0.06075061204916585,518633.4,4254,245469.7,2407,245469.7,0.4733009867856563,1847,0,0,0.0,0.4728093100058731,0.1283160959895218,245214.7,0.2378031851795765,0.5838840007781982,0.15847063064575195,0.10889077186584473,0.12003827095031738,0.0,4205,[1847],exhausted,
Basketball_temporal/finer1988,Basketball_finer,Z12_A4,712779aad638f619,1787631012.4590375,complete,290,5170,0.06168714950483236,584038.0,4564,275802.5,2585,275802.5,0.4722338272509665,1979,0,0,0.0,0.4716996154359819,0.11920099473811667,275490.5,0.23806228373702423,0.6297943592071533,0.16992688179016113,0.124542236328125,0.12581086158752441,0.0,4520,[1979],exhausted,
Basketball_temporal/finer1991,Basketball_finer,Z12_A4,712779aad638f619,1787631013.0941837,complete,295,5420,0.062492793727660555,630782.6,4752,297366.3,2710,297366.3,0.47142438615142523,2042,0,0,0.0,0.4712785355842091,0.12240264038768793,297274.29999999993,0.19667934970598408,0.6852388381958008,0.19470500946044922,0.1385650634765625,0.11534714698791504,0.0,4703,[2042],exhausted,
Basketball_temporal/finer1994,Basketball_finer,Z12_A4,712779aad638f619,1787631013.7848866,complete,301,5252,0.058161683277962346,608682.0,4646,287009.0,2626,287009.0,0.4715253613545332,2020,0,0,0.0,0.4710620652491777,0.11847075539900258,286727.0,0.2183831672203765,0.6648321151733398,0.18001675605773926,0.13326334953308105,0.13032031059265137,0.0,4594,[2020],exhausted,
Basketball_temporal/finer1997,Basketball_finer,Z12_A4,712779aad638f619,1787631014.455226,complete,305,5628,0.06069887834339948,582710.0,4983,274410.5,2814,274410.5,0.47092121295327005,2169,0,0,0.0,0.47060029860479485,0.12989884351136005,274223.5,0.23373597929249354,0.7190139293670654,0.196821928024292,0.1526339054107666,0.12870240211486816,0.0,4933,[2169],exhausted,
Basketball_temporal/finer2000,Basketball_finer,Z12_A4,712779aad638f619,1787631015.179726,complete,318,6274,0.06223835882784755,634382.8,5564,298090.9,3137,298090.9,0.4698912076430824,2427,0,0,0.0,0.4696058909541684,0.12222096625193156,297909.9,0.19365910759280203,0.8862462043762207,0.2555396556854248,0.1921846866607666,0.1355428695678711,0.0,5524,[2427],exhausted,
Basketball_temporal/finer2003,Basketball_finer,Z12_A4,712779aad638f619,1787631016.0714135,complete,327,6356,0.05962364683589426,645095.2,5637,304576.6,3178,304576.6,0.47214209623633846,2459,0,0,0.0,0.47199018067410825,0.1198827324469408,304478.6,0.24151516857094613,0.91629958152771,0.2516055107116699,0.227158784866333,0.13599252700805664,0.0,5585,[2459],exhausted,
Basketball_temporal/finer2006,Basketball_finer,Z12_A4,712779aad638f619,1787631016.9931908,complete,334,6680,0.06006006006006006,653869.4,5927,308180.7,3340,308180.7,0.47131843147882435,2587,0,0,0.0,0.4711257324474887,0.11759008929366013,308054.69999999995,0.2208915502328676,0.9637248516082764,0.2671639919281006,0.22872352600097656,0.14958953857421875,0.0,5868,[2587],exhausted,
Basketball_temporal/finer2009,Basketball_finer,Z12_A4,712779aad638f619,1787631017.9623935,complete,347,7478,0.06228448634871983,714987.7999999999,6668,336829.9,3739,336829.9,0.4710988075600731,2929,0,0,0.0,0.4708414605116339,0.12049872165471384,336645.89999999997,0.20207892588829104,1.091634750366211,0.29009580612182617,0.29639124870300293,0.1572859287261963,0.0,6603,[2929],exhausted,
Basketball_temporal/finer2012,Basketball_finer,Z12_A4,712779aad638f619,1787631019.067511,complete,345,7580,0.06386922817660937,709133.5999999999,6744,333077.3,3790,333077.3,0.46969611932081634,2954,0,0,0.0,0.46959317680053536,0.12414116979929576,333004.30000000005,0.19202898550724637,1.1140785217285156,0.31450796127319336,0.2736356258392334,0.1540837287902832,0.0,6690,[2954],exhausted,
Football_data_England_Premier_League/England_2009_2010,Football_coarse,Z12_A4,712779aad638f619,1787631020.18711,complete,20,215,0.5657894736842105,559.0,100,76.0,56,76.0,0.13595706618962433,44,0,0,0.0,0.13595706618962433,0.36279419262650386,76.0,0.031578947368421054,0.013024568557739258,0.0008730888366699219,0.0005619525909423828,0.008153915405273438,0.0,45,[44],exhausted,
Football_data_England_Premier_League/England_2010_2011,Football_coarse,Z12_A4,712779aad638f619,1787631020.2054384,complete,20,219,0.5763157894736842,485.0,125,114.0,74,114.0,0.23505154639175257,51,0,0,0.0,0.23505154639175257,0.48988376347761126,114.0,0.09473684210526316,0.01294088363647461,0.0011878013610839844,0.0005562305450439453,0.007738828659057617,0.0,65,[51],exhausted,
Football_data_England_Premier_League/England_2011_2012,Football_coarse,Z12_A4,712779aad638f619,1787631020.22352,complete,20,226,0.5947368421052631,548.0,110,99.0,70,99.0,0.18065693430656934,40,0,0,0.0,0.18065693430656934,0.4493310731251582,99.0,0.06842105263157895,0.012534379959106445,0.0011582374572753906,0.0004990100860595703,0.007313728332519531,0.0,59,[40],exhausted,
Football_data_England_Premier_League/finerEngland_2009_2010,Football_finer,Z12_A4,712779aad638f619,1787631020.2410119,complete,20,380,1.0,1129.0,282,373.9999999999999,190,373.9999999999999,0.3312666076173604,92,0,0,0.0,0.32860938883968105,0.15260492030651915,370.9999999999999,0.09473684210526316,0.021062374114990234,0.004617452621459961,0.0008904933929443359,0.0073206424713134766,0.0,252,[92],exhausted,
Football_data_England_Premier_League/finerEngland_2010_2011,Football_finer,Z12_A4,712779aad638f619,1787631020.267043,complete,20,380,1.0,1139.0,299,457.9999999999999,190,457.9999999999999,0.40210711150131684,109,0,0,0.0,0.395083406496927,0.192197512203558,449.9999999999999,0.12631578947368421,0.022829532623291016,0.005013942718505859,0.0009675025939941406,0.008115291595458984,0.0,265,[109],exhausted,
Football_data_England_Premier_League/finerEngland_2011_2012,Football_finer,Z12_A4,712779aad638f619,1787631020.294829,complete,20,380,1.0,1142.0,293,414.9999999999999,190,414.9999999999999,0.36339754816112074,103,0,0,0.0,0.35726795096322234,0.18626093724366505,407.9999999999999,0.11578947368421053,0.022660017013549805,0.0050923824310302734,0.0009284019470214844,0.007905244827270508,0.0,262,[103],exhausted,
FacultyHiringNetworks/Business/Business_FM_Full_,Faculty,Z12_A4,712779aad638f619,1787631020.3225238,complete,113,1787,0.14119785082174463,3255.0,308,159.0,133,159.0,0.04884792626728111,175,0,0,0.0,0.04884792626728111,0.42257671846794553,159.0,0.09165613147914033,0.07283759117126465,0.003147125244140625,0.005379915237426758,0.04640340805053711,0.0,68,[175],exhausted,
FacultyHiringNetworks/History/History_FM_Full_,Faculty,Z12_A4,712779aad638f619,1787631020.40039,complete,145,1204,0.057662835249042144,1776.0,144,54.0,52,54.0,0.030405405405405407,92,0,0,0.0,0.030405405405405407,0.44487579657341364,54.0,0.11293103448275862,0.06812310218811035,0.0011241436004638672,0.0032732486724853516,0.051268577575683594,0.0,26,[92],exhausted,
FacultyHiringNetworks/ComputerScience/ComputerScience_FM_Full_,Faculty,Z12_A4,712779aad638f619,1787631020.4736915,complete,206,1407,0.033317546767700684,1957.0,176,66.0,62,66.0,0.03372508942258559,114,0,0,0.0,0.03372508942258559,0.5498087119561136,66.0,0.1369168837319441,0.08365321159362793,0.0018849372863769531,0.0051310062408447266,0.06136918067932129,0.0,27,[114],exhausted,
Dryad_animal_society,Animal,Z12_A4,712779aad638f619,1787631020.5624669,complete,21,193,0.4595238095238095,939.0,60,74.0,42,74.0,0.07880724174653887,18,0,0,0.0,0.07880724174653887,0.3533387265554227,74.0,0.0380952380952381,0.011590957641601562,0.0007488727569580078,0.0003712177276611328,0.007525444030761719,0.0,37,[18],exhausted,
Halo2BetaData,Halo,Z12_A4,712779aad638f619,1787631020.5790756,complete,602,5010,0.013847352972067595,23953.0,1952,3302.0,1042,3302.0,0.13785329603807456,910,0,0,0.0,0.4254581928253174,0.5483769904046956,10191.0,0.4371838740526586,0.7399759292602539,0.08337140083312988,0.3257145881652832,0.21414399147033691,0.0,690,[910],exhausted,
Basketball_temporal/1985,Basketball_coarse,Z15_A4,712779aad638f619,1787631021.32477,complete,282,2904,0.03664723252820474,40493.0,1074,4031.0,690,4031.0,0.09954807003679648,384,0,0,0.0,0.09954807003679648,0.4537179485826296,4031.0,0.09373816915272204,0.32332944869995117,0.08151769638061523,0.04011034965515137,0.09610104560852051,0.0,758,[384],exhausted,
Basketball_temporal/1988,Basketball_coarse,Z15_A4,712779aad638f619,1787631021.6538055,complete,290,3099,0.03697649445173607,47701.0,1155,4857.0,730,4857.0,0.1018217647428775,425,0,0,0.0,0.1018217647428775,0.46823382169098277,4857.0,0.12735950363918386,0.3394763469696045,0.08255863189697266,0.050424814224243164,0.09843039512634277,0.0,821,[425],exhausted,
Basketball_temporal/1991,Basketball_coarse,Z15_A4,712779aad638f619,1787631021.9987714,complete,295,3218,0.03710365502133057,52133.0,1160,5308.0,749,5308.0,0.10181650777818273,411,0,0,0.0,0.1017589626532139,0.45049485269184525,5305.0,0.09680618009915831,0.44605064392089844,0.1317448616027832,0.04725027084350586,0.10966706275939941,0.0,875,[411],exhausted,
Basketball_temporal/1994,Basketball_coarse,Z15_A4,712779aad638f619,1787631022.450524,complete,301,3144,0.03481727574750831,51068.0,1099,5093.0,705,5093.0,0.0997297720686144,394,0,0,0.0,0.09959269992950576,0.45838042296032355,5086.0,0.11364341085271318,0.4002952575683594,0.10061097145080566,0.0520014762878418,0.12011504173278809,0.0,849,[394],exhausted,
Basketball_temporal/1997,Basketball_coarse,Z15_A4,712779aad638f619,1787631022.8564422,complete,305,3333,0.035946937014667814,52037.0,1232,5857.0,787,5857.0,0.11255452850856122,445,0,0,0.0,0.11249687722197667,0.503928745818332,5854.0,0.12968075927523728,0.4694194793701172,0.1363060474395752,0.05733489990234375,0.11191248893737793,0.0,948,[445],exhausted,
Basketball_temporal/2000,Basketball_coarse,Z15_A4,712779aad638f619,1787631023.3315885,complete,318,3475,0.03447215443525187,55092.0,1189,5183.0,742,5183.0,0.09407899513540986,447,0,0,0.0,0.09407899513540986,0.5113405684614751,5183.0,0.09953772592901217,0.4613797664642334,0.12965059280395508,0.06000256538391113,0.11420369148254395,0.0,888,[447],exhausted,
Basketball_temporal/2003,Basketball_coarse,Z15_A4,712779aad638f619,1787631023.7986162,complete,327,3560,0.03339524586780736,54489.0,1297,5833.0,785,5833.0,0.10704912918203674,512,0,0,0.0,0.10699407219805833,0.500897334106028,5830.0,0.10761524174030505,0.46234560012817383,0.11915349960327148,0.07695794105529785,0.1194753646850586,0.0,919,[512],exhausted,
Basketball_temporal/2006,Basketball_coarse,Z15_A4,712779aad638f619,1787631024.274734,complete,334,3695,0.03322184459909011,55402.0,1312,6106.0,798,6106.0,0.11021262770297101,514,0,0,0.0,0.11012237825349265,0.5184200861286395,6101.0,0.12380644117171064,0.5169827938079834,0.14343714714050293,0.0810995101928711,0.11955475807189941,0.0,942,[514],exhausted,
Basketball_temporal/2009,Basketball_coarse,Z15_A4,712779aad638f619,1787631024.7973752,complete,347,4155,0.034607119654844996,61946.0,1424,6309.0,902,6309.0,0.10184676976721661,522,0,0,0.0,0.10184676976721661,0.4790352369295716,6309.0,0.10189735303426563,0.6157703399658203,0.18638205528259277,0.0872044563293457,0.12362957000732422,0.0,1039,[522],exhausted,
Basketball_temporal/2012,Basketball_coarse,Z15_A4,712779aad638f619,1787631025.4188452,complete,345,4126,0.034765756656555444,61534.0,1389,5988.0,827,5988.0,0.09731205512399649,562,0,0,0.0,0.09731205512399649,0.492115364842966,5988.0,0.10107853050219076,0.5477933883666992,0.15106892585754395,0.09279870986938477,0.1213839054107666,0.0,969,[562],exhausted,
Basketball_temporal/2014,Basketball_coarse,Z15_A4,712779aad638f619,1787631025.9722939,complete,351,4196,0.03415547415547415,60897.0,1471,6400.0,874,6400.0,0.10509548910455359,597,0,0,0.0,0.10502980442386324,0.5046936609697489,6396.0,0.09509157509157509,0.6088273525238037,0.17036104202270508,0.1063835620880127,0.12912940979003906,0.0,1019,[597],exhausted,
Basketball_temporal/1993,Basketball_coarse,Z15_A4,712779aad638f619,1787631026.5868225,complete,298,3088,0.03489028992384697,48535.0,1095,5035.0,710,5035.0,0.10373956938291955,385,0,0,0.0,0.10373956938291955,0.48807612884221246,5035.0,0.09276207262784444,0.38255977630615234,0.10020565986633301,0.05130910873413086,0.10568118095397949,0.0,795,[385],exhausted,
Basketball_temporal/finer1985,Basketball_finer,Z15_A4,712779aad638f619,1787631026.9749944,complete,282,4814,0.06075061204916585,518633.4,4254,245469.7,2407,245469.7,0.4733009867856563,1847,0,0,0.0,0.4728093100058731,0.1283160959895218,245214.7,0.2378031851795765,0.5862138271331787,0.15999794006347656,0.10918378829956055,0.12070655822753906,0.0,4244,[1847],exhausted,
Basketball_temporal/finer1988,Basketball_finer,Z15_A4,712779aad638f619,1787631027.5669994,complete,290,5170,0.06168714950483236,584038.0,4564,275802.5,2585,275802.5,0.4722338272509665,1979,0,0,0.0,0.4716996154359819,0.11920099473811667,275490.5,0.23806228373702423,0.6303565502166748,0.17075300216674805,0.12424135208129883,0.12572813034057617,0.0,4554,[1979],exhausted,
Basketball_temporal/finer1991,Basketball_finer,Z15_A4,712779aad638f619,1787631028.2031329,complete,295,5420,0.062492793727660555,630782.6,4751,297366.3,2710,297366.3,0.47142438615142523,2041,0,0,0.0,0.4712785355842091,0.12240264038768793,297274.29999999993,0.19667934970598408,0.6866617202758789,0.1960906982421875,0.13856744766235352,0.11526107788085938,0.0,4743,[2041],exhausted,
Basketball_temporal/finer1994,Basketball_finer,Z15_A4,712779aad638f619,1787631028.895564,complete,301,5252,0.058161683277962346,608682.0,4644,287064.0,2626,287064.0,0.47161572052401746,2018,0,0,0.0,0.4711097091749058,0.11848554236812299,286756.0,0.218250276854928,0.6680984497070312,0.18120741844177246,0.13314008712768555,0.13160943984985352,0.0,4634,[2018],exhausted,
Basketball_temporal/finer1997,Basketball_finer,Z15_A4,712779aad638f619,1787631029.5774822,complete,305,5628,0.06069887834339948,582710.0,4983,274410.5,2814,274410.5,0.47092121295327005,2169,0,0,0.0,0.47060029860479485,0.12989884351136005,274223.5,0.23373597929249354,0.7217822074890137,0.19887495040893555,0.15273165702819824,0.1286773681640625,0.0,4975,[2169],exhausted,
Basketball_temporal/finer2000,Basketball_finer,Z15_A4,712779aad638f619,1787631030.305057,complete,318,6274,0.06223835882784755,634382.8,5565,298067.9,3137,298067.9,0.46985495193123145,2428,0,0,0.0,0.46960746728946623,0.11973870437395276,297910.9,0.1938773485705216,0.8895857334136963,0.25726985931396484,0.19233417510986328,0.13617348670959473,0.0,5563,[2428],exhausted,
Basketball_temporal/finer2003,Basketball_finer,Z15_A4,712779aad638f619,1787631031.200465,complete,327,6356,0.05962364683589426,645095.2,5635,304576.6,3178,304576.6,0.47214209623633846,2457,0,0,0.0,0.47199018067410825,0.1198827324469408,304478.6,0.24151516857094613,0.9191784858703613,0.25447702407836914,0.22728228569030762,0.13575291633605957,0.0,5628,[2457],exhausted,
Basketball_temporal/finer2006,Basketball_finer,Z15_A4,712779aad638f619,1787631032.1254551,complete,334,6680,0.06006006006006006,653869.4,5926,308180.7,3340,308180.7,0.47131843147882435,2586,0,0,0.0,0.4711257324474887,0.11759008929366013,308054.69999999995,0.2208915502328676,0.973588228225708,0.2765231132507324,0.22878742218017578,0.1499030590057373,0.0,5915,[2586],exhausted,
Basketball_temporal/finer2009,Basketball_finer,Z15_A4,712779aad638f619,1787631033.1048265,complete,347,7478,0.06228448634871983,714987.7999999999,6668,336829.9,3739,336829.9,0.4710988075600731,2929,0,0,0.0,0.4708414605116339,0.12049872165471384,336645.89999999997,0.20207892588829104,1.095895767211914,0.294663667678833,0.29692625999450684,0.15735220909118652,0.0,6663,[2929],exhausted,
Basketball_temporal/finer2012,Basketball_finer,Z15_A4,712779aad638f619,1787631034.2065465,complete,345,7580,0.06386922817660937,709133.5999999999,6744,333077.3,3790,333077.3,0.46969611932081634,2954,0,0,0.0,0.46959317680053536,0.12414116979929576,333004.30000000005,0.19202898550724637,1.1156737804412842,0.3159627914428711,0.2740135192871094,0.15402770042419434,0.0,6737,[2954],exhausted,
Football_data_England_Premier_League/England_2009_2010,Football_coarse,Z15_A4,712779aad638f619,1787631035.3280609,complete,20,215,0.5657894736842105,559.0,100,76.0,56,76.0,0.13595706618962433,44,0,0,0.0,0.13595706618962433,0.36279419262650386,76.0,0.031578947368421054,0.012944221496582031,0.0009019374847412109,0.0005385875701904297,0.008138179779052734,0.0,45,[44],exhausted,
Football_data_England_Premier_League/England_2010_2011,Football_coarse,Z15_A4,712779aad638f619,1787631035.3466315,complete,20,219,0.5763157894736842,485.0,125,114.0,74,114.0,0.23505154639175257,51,0,0,0.0,0.23505154639175257,0.48988376347761126,114.0,0.09473684210526316,0.013055801391601562,0.0011878013610839844,0.0005652904510498047,0.00777745246887207,0.0,65,[51],exhausted,
Football_data_England_Premier_League/England_2011_2012,Football_coarse,Z15_A4,712779aad638f619,1787631035.3653586,complete,20,226,0.5947368421052631,548.0,110,99.0,70,99.0,0.18065693430656934,40,0,0,0.0,0.18065693430656934,0.4493310731251582,99.0,0.06842105263157895,0.012604713439941406,0.001201629638671875,0.0004987716674804688,0.007313966751098633,0.0,59,[40],exhausted,
Football_data_England_Premier_League/finerEngland_2009_2010,Football_finer,Z15_A4,712779aad638f619,1787631035.3833947,complete,20,380,1.0,1129.0,282,373.9999999999999,190,373.9999999999999,0.3312666076173604,92,0,0,0.0,0.32860938883968105,0.15260492030651915,370.9999999999999,0.09473684210526316,0.02124810218811035,0.004783153533935547,0.00089263916015625,0.007319450378417969,0.0,268,[92],exhausted,
Football_data_England_Premier_League/finerEngland_2010_2011,Football_finer,Z15_A4,712779aad638f619,1787631035.4098923,complete,20,380,1.0,1139.0,298,457.9999999999999,190,457.9999999999999,0.40210711150131684,108,0,0,0.0,0.395083406496927,0.192197512203558,449.9999999999999,0.12631578947368421,0.02307581901550293,0.005306720733642578,0.0009572505950927734,0.008108854293823242,0.0,281,[108],exhausted,
Football_data_England_Premier_League/finerEngland_2011_2012,Football_finer,Z15_A4,712779aad638f619,1787631035.4381988,complete,20,380,1.0,1142.0,292,414.9999999999999,190,414.9999999999999,0.36339754816112074,102,0,0,0.0,0.35726795096322234,0.18626093724366505,407.9999999999999,0.11578947368421053,0.02302718162536621,0.0053348541259765625,0.0009288787841796875,0.007909774780273438,0.0,273,[102],exhausted,
FacultyHiringNetworks/Business/Business_FM_Full_,Faculty,Z15_A4,712779aad638f619,1787631035.466787,complete,113,1787,0.14119785082174463,3255.0,308,159.0,133,159.0,0.04884792626728111,175,0,0,0.0,0.04884792626728111,0.42257671846794553,159.0,0.09165613147914033,0.07302093505859375,0.003165721893310547,0.005419015884399414,0.04655003547668457,0.0,68,[175],exhausted,
FacultyHiringNetworks/History/History_FM_Full_,Faculty,Z15_A4,712779aad638f619,1787631035.5452895,complete,145,1204,0.057662835249042144,1776.0,144,54.0,52,54.0,0.030405405405405407,92,0,0,0.0,0.030405405405405407,0.44487579657341364,54.0,0.11293103448275862,0.06807088851928711,0.0011792182922363281,0.003259420394897461,0.05125570297241211,0.0,26,[92],exhausted,
FacultyHiringNetworks/ComputerScience/ComputerScience_FM_Full_,Faculty,Z15_A4,712779aad638f619,1787631035.618767,complete,206,1407,0.033317546767700684,1957.0,176,66.0,62,66.0,0.03372508942258559,114,0,0,0.0,0.03372508942258559,0.5498087119561136,66.0,0.1369168837319441,0.08367133140563965,0.0019009113311767578,0.0051288604736328125,0.061319589614868164,0.0,27,[114],exhausted,
Dryad_animal_society,Animal,Z15_A4,712779aad638f619,1787631035.7079782,complete,21,193,0.4595238095238095,939.0,60,74.0,42,74.0,0.07880724174653887,18,0,0,0.0,0.07880724174653887,0.3533387265554227,74.0,0.0380952380952381,0.011589765548706055,0.0007691383361816406,0.0003647804260253906,0.007528543472290039,0.0,37,[18],exhausted,
Halo2BetaData,Halo,Z15_A4,712779aad638f619,1787631035.7250016,complete,602,5010,0.013847352972067595,23953.0,1952,3302.0,1042,3302.0,0.13785329603807456,910,0,0,0.0,0.4254581928253174,0.5483769904046956,10191.0,0.4371838740526586,0.7394745349884033,0.08305621147155762,0.325136661529541,0.2145833969116211,0.0,690,[910],exhausted,
Basketball_temporal/1985,Basketball_coarse,Z18_A4,712779aad638f619,1787631036.4704509,complete,282,2904,0.03664723252820474,40493.0,1074,4031.0,690,4031.0,0.09954807003679648,384,0,0,0.0,0.09954807003679648,0.4537179485826296,4031.0,0.09373816915272204,0.32352161407470703,0.0815582275390625,0.03993701934814453,0.09619951248168945,0.0,758,[384],exhausted,
Basketball_temporal/1988,Basketball_coarse,Z18_A4,712779aad638f619,1787631036.7998781,complete,290,3099,0.03697649445173607,47701.0,1155,4857.0,730,4857.0,0.1018217647428775,425,0,0,0.0,0.1018217647428775,0.46823382169098277,4857.0,0.12735950363918386,0.33937931060791016,0.08266949653625488,0.05034160614013672,0.09856843948364258,0.0,821,[425],exhausted,
Basketball_temporal/1991,Basketball_coarse,Z18_A4,712779aad638f619,1787631037.145043,complete,295,3218,0.03710365502133057,52133.0,1160,5308.0,749,5308.0,0.10181650777818273,411,0,0,0.0,0.1017589626532139,0.45049485269184525,5305.0,0.09680618009915831,0.44661569595336914,0.13179898262023926,0.047283172607421875,0.11002588272094727,0.0,875,[411],exhausted,
Basketball_temporal/1994,Basketball_coarse,Z18_A4,712779aad638f619,1787631037.5976305,complete,301,3144,0.03481727574750831,51068.0,1099,5093.0,705,5093.0,0.0997297720686144,394,0,0,0.0,0.09959269992950576,0.45838042296032355,5086.0,0.11364341085271318,0.39042210578918457,0.10053610801696777,0.052160024642944336,0.11118412017822266,0.0,849,[394],exhausted,
Basketball_temporal/1997,Basketball_coarse,Z18_A4,712779aad638f619,1787631037.993917,complete,305,3333,0.035946937014667814,52037.0,1232,5857.0,787,5857.0,0.11255452850856122,445,0,0,0.0,0.11249687722197667,0.503928745818332,5854.0,0.12968075927523728,0.46900367736816406,0.1361372470855713,0.05740523338317871,0.11231374740600586,0.0,948,[445],exhausted,
Basketball_temporal/2000,Basketball_coarse,Z18_A4,712779aad638f619,1787631038.46894,complete,318,3475,0.03447215443525187,55092.0,1189,5183.0,742,5183.0,0.09407899513540986,447,0,0,0.0,0.09407899513540986,0.5113405684614751,5183.0,0.09953772592901217,0.4607887268066406,0.1298520565032959,0.05999350547790527,0.11434316635131836,0.0,888,[447],exhausted,
Basketball_temporal/2003,Basketball_coarse,Z18_A4,712779aad638f619,1787631038.9356341,complete,327,3560,0.03339524586780736,54489.0,1297,5833.0,785,5833.0,0.10704912918203674,512,0,0,0.0,0.10699407219805833,0.500897334106028,5830.0,0.10761524174030505,0.46264195442199707,0.11890196800231934,0.07694768905639648,0.11960434913635254,0.0,919,[512],exhausted,
Basketball_temporal/2006,Basketball_coarse,Z18_A4,712779aad638f619,1787631039.4044356,complete,334,3695,0.03322184459909011,55402.0,1312,6106.0,798,6106.0,0.11021262770297101,514,0,0,0.0,0.11012237825349265,0.5184200861286395,6101.0,0.12380644117171064,0.5171587467193604,0.14365291595458984,0.08132338523864746,0.11973738670349121,0.0,942,[514],exhausted,
Basketball_temporal/2009,Basketball_coarse,Z18_A4,712779aad638f619,1787631039.9275343,complete,347,4155,0.034607119654844996,61946.0,1424,6309.0,902,6309.0,0.10184676976721661,522,0,0,0.0,0.10184676976721661,0.4790352369295716,6309.0,0.10189735303426563,0.6139237880706787,0.18540334701538086,0.08746695518493652,0.12330865859985352,0.0,1039,[522],exhausted,
Basketball_temporal/2012,Basketball_coarse,Z18_A4,712779aad638f619,1787631040.555524,complete,345,4126,0.034765756656555444,61534.0,1389,5988.0,827,5988.0,0.09731205512399649,562,0,0,0.0,0.09731205512399649,0.492115364842966,5988.0,0.10107853050219076,0.5467712879180908,0.15045809745788574,0.09265971183776855,0.12118840217590332,0.0,969,[562],exhausted,
Basketball_temporal/2014,Basketball_coarse,Z18_A4,712779aad638f619,1787631041.1082199,complete,351,4196,0.03415547415547415,60897.0,1471,6400.0,874,6400.0,0.10509548910455359,597,0,0,0.0,0.10502980442386324,0.5046936609697489,6396.0,0.09509157509157509,0.6083643436431885,0.1703801155090332,0.10602331161499023,0.12894773483276367,0.0,1019,[597],exhausted,
Basketball_temporal/1993,Basketball_coarse,Z18_A4,712779aad638f619,1787631041.7226264,complete,298,3088,0.03489028992384697,48535.0,1095,5035.0,710,5035.0,0.10373956938291955,385,0,0,0.0,0.10373956938291955,0.48807612884221246,5035.0,0.09276207262784444,0.3825235366821289,0.10026669502258301,0.0513150691986084,0.10556411743164062,0.0,795,[385],exhausted,
Basketball_temporal/finer1985,Basketball_finer,Z18_A4,712779aad638f619,1787631042.111039,complete,282,4814,0.06075061204916585,518633.4,4254,245469.7,2407,245469.7,0.4733009867856563,1847,0,0,0.0,0.4728093100058731,0.1283160959895218,245214.7,0.2378031851795765,0.5848450660705566,0.15971994400024414,0.10890007019042969,0.11986970901489258,0.0,4244,[1847],exhausted,
Basketball_temporal/finer1988,Basketball_finer,Z18_A4,712779aad638f619,1787631042.701905,complete,290,5170,0.06168714950483236,584038.0,4564,275802.5,2585,275802.5,0.4722338272509665,1979,0,0,0.0,0.4716996154359819,0.11920099473811667,275490.5,0.23806228373702423,0.6306302547454834,0.1709733009338379,0.12410211563110352,0.12574005126953125,0.0,4554,[1979],exhausted,
Basketball_temporal/finer1991,Basketball_finer,Z18_A4,712779aad638f619,1787631043.33856,complete,295,5420,0.062492793727660555,630782.6,4751,297366.3,2710,297366.3,0.47142438615142523,2041,0,0,0.0,0.4712785355842091,0.12240264038768793,297274.29999999993,0.19667934970598408,0.6875438690185547,0.19655871391296387,0.1385209560394287,0.11540889739990234,0.0,4743,[2041],exhausted,
Basketball_temporal/finer1994,Basketball_finer,Z18_A4,712779aad638f619,1787631044.0321035,complete,301,5252,0.058161683277962346,608682.0,4644,287064.0,2626,287064.0,0.47161572052401746,2018,0,0,0.0,0.4711097091749058,0.11848554236812299,286756.0,0.218250276854928,0.6682374477386475,0.1820998191833496,0.13287806510925293,0.13167858123779297,0.0,4634,[2018],exhausted,
Basketball_temporal/finer1997,Basketball_finer,Z18_A4,712779aad638f619,1787631044.7064083,complete,305,5628,0.06069887834339948,582710.0,4983,274410.5,2814,274410.5,0.47092121295327005,2169,0,0,0.0,0.47060029860479485,0.12989884351136005,274223.5,0.23373597929249354,0.7648823261260986,0.20011234283447266,0.15286874771118164,0.14159321784973145,0.0,4975,[2169],exhausted,
Basketball_temporal/finer2000,Basketball_finer,Z18_A4,712779aad638f619,1787631045.4774482,complete,318,6274,0.06223835882784755,634382.8,5565,298067.9,3137,298067.9,0.46985495193123145,2428,0,0,0.0,0.46960746728946623,0.11973870437395276,297910.9,0.1938773485705216,0.8878636360168457,0.2564048767089844,0.19231438636779785,0.13585257530212402,0.0,5563,[2428],exhausted,
Basketball_temporal/finer2003,Basketball_finer,Z18_A4,712779aad638f619,1787631046.3714185,complete,327,6356,0.05962364683589426,645095.2,5635,304576.6,3178,304576.6,0.47214209623633846,2457,0,0,0.0,0.47199018067410825,0.1198827324469408,304478.6,0.24151516857094613,0.9184212684631348,0.25401854515075684,0.22734379768371582,0.13568496704101562,0.0,5628,[2457],exhausted,
Basketball_temporal/finer2006,Basketball_finer,Z18_A4,712779aad638f619,1787631047.295945,complete,334,6680,0.06006006006006006,653869.4,5926,308180.7,3340,308180.7,0.47131843147882435,2586,0,0,0.0,0.4711257324474887,0.11759008929366013,308054.69999999995,0.2208915502328676,0.9655852317810059,0.2689197063446045,0.22833538055419922,0.1495978832244873,0.0,5915,[2586],exhausted,
Basketball_temporal/finer2009,Basketball_finer,Z18_A4,712779aad638f619,1787631048.26762,complete,347,7478,0.06228448634871983,714987.7999999999,6668,336829.9,3739,336829.9,0.4710988075600731,2929,0,0,0.0,0.4708414605116339,0.12049872165471384,336645.89999999997,0.20207892588829104,1.0953199863433838,0.29337358474731445,0.2967662811279297,0.15752506256103516,0.0,6663,[2929],exhausted,
Basketball_temporal/finer2012,Basketball_finer,Z18_A4,712779aad638f619,1787631049.368986,complete,345,7580,0.06386922817660937,709133.5999999999,6744,333077.3,3790,333077.3,0.46969611932081634,2954,0,0,0.0,0.46959317680053536,0.12414116979929576,333004.30000000005,0.19202898550724637,1.1186025142669678,0.31626248359680176,0.2747762203216553,0.15501856803894043,0.0,6737,[2954],exhausted,
Football_data_England_Premier_League/England_2009_2010,Football_coarse,Z18_A4,712779aad638f619,1787631050.4936597,complete,20,215,0.5657894736842105,559.0,100,76.0,56,76.0,0.13595706618962433,44,0,0,0.0,0.13595706618962433,0.36279419262650386,76.0,0.031578947368421054,0.012911558151245117,0.0008873939514160156,0.0005309581756591797,0.00812983512878418,0.0,45,[44],exhausted,
Football_data_England_Premier_League/England_2010_2011,Football_coarse,Z18_A4,712779aad638f619,1787631050.5124245,complete,20,219,0.5763157894736842,485.0,125,114.0,74,114.0,0.23505154639175257,51,0,0,0.0,0.23505154639175257,0.48988376347761126,114.0,0.09473684210526316,0.012938499450683594,0.0012049674987792969,0.0005552768707275391,0.007712841033935547,0.0,65,[51],exhausted,
Football_data_England_Premier_League/England_2011_2012,Football_coarse,Z18_A4,712779aad638f619,1787631050.5309024,complete,20,226,0.5947368421052631,548.0,110,99.0,70,99.0,0.18065693430656934,40,0,0,0.0,0.18065693430656934,0.4493310731251582,99.0,0.06842105263157895,0.012520790100097656,0.0011737346649169922,0.0005025863647460938,0.007295370101928711,0.0,59,[40],exhausted,
Football_data_England_Premier_League/finerEngland_2009_2010,Football_finer,Z18_A4,712779aad638f619,1787631050.5489552,complete,20,380,1.0,1129.0,282,373.9999999999999,190,373.9999999999999,0.3312666076173604,92,0,0,0.0,0.32860938883968105,0.15260492030651915,370.9999999999999,0.09473684210526316,0.02135634422302246,0.004927396774291992,0.0008883476257324219,0.007309436798095703,0.0,275,[92],exhausted,
Football_data_England_Premier_League/finerEngland_2010_2011,Football_finer,Z18_A4,712779aad638f619,1787631050.5758257,complete,20,380,1.0,1139.0,297,456.9999999999999,190,456.9999999999999,0.4012291483757681,107,0,0,0.0,0.3942054433713783,0.19153902721598845,448.9999999999999,0.1368421052631579,0.023270130157470703,0.005456209182739258,0.00095367431640625,0.008109807968139648,0.0,287,[107],exhausted,
Football_data_England_Premier_League/finerEngland_2011_2012,Football_finer,Z18_A4,712779aad638f619,1787631050.6046004,complete,20,380,1.0,1142.0,292,414.9999999999999,190,414.9999999999999,0.36339754816112074,102,0,0,0.0,0.35726795096322234,0.18626093724366505,407.9999999999999,0.11578947368421053,0.023184537887573242,0.005579233169555664,0.0009214878082275391,0.007903814315795898,0.0,288,[102],exhausted,
FacultyHiringNetworks/Business/Business_FM_Full_,Faculty,Z18_A4,712779aad638f619,1787631050.6332889,complete,113,1787,0.14119785082174463,3255.0,308,159.0,133,159.0,0.04884792626728111,175,0,0,0.0,0.04884792626728111,0.42257671846794553,159.0,0.09165613147914033,0.07314705848693848,0.0031540393829345703,0.0054018497467041016,0.046610355377197266,0.0,68,[175],exhausted,
FacultyHiringNetworks/History/History_FM_Full_,Faculty,Z18_A4,712779aad638f619,1787631050.7122304,complete,145,1204,0.057662835249042144,1776.0,144,54.0,52,54.0,0.030405405405405407,92,0,0,0.0,0.030405405405405407,0.44487579657341364,54.0,0.11293103448275862,0.06816768646240234,0.0011620521545410156,0.0032722949981689453,0.05129671096801758,0.0,26,[92],exhausted,
FacultyHiringNetworks/ComputerScience/ComputerScience_FM_Full_,Faculty,Z18_A4,712779aad638f619,1787631050.7861075,complete,206,1407,0.033317546767700684,1957.0,176,66.0,62,66.0,0.03372508942258559,114,0,0,0.0,0.03372508942258559,0.5498087119561136,66.0,0.1369168837319441,0.08366608619689941,0.0019254684448242188,0.005115032196044922,0.06127333641052246,0.0,27,[114],exhausted,
Dryad_animal_society,Animal,Z18_A4,712779aad638f619,1787631050.8754056,complete,21,193,0.4595238095238095,939.0,60,74.0,42,74.0,0.07880724174653887,18,0,0,0.0,0.07880724174653887,0.3533387265554227,74.0,0.0380952380952381,0.011545896530151367,0.0007407665252685547,0.0003638267517089844,0.0075109004974365234,0.0,37,[18],exhausted,
Halo2BetaData,Halo,Z18_A4,712779aad638f619,1787631050.8925295,complete,602,5010,0.013847352972067595,23953.0,1952,3302.0,1042,3302.0,0.13785329603807456,910,0,0,0.0,0.4254581928253174,0.5483769904046956,10191.0,0.4371838740526586,0.7382726669311523,0.08301353454589844,0.3243567943572998,0.21447229385375977,0.0,690,[910],exhausted,
Basketball_temporal/1985,Basketball_coarse,R0_A4,712779aad638f619,1787631051.6450582,complete,282,2904,0.03664723252820474,40493.0,1074,4031.0,690,4031.0,0.09954807003679648,384,0,0,0.0,0.09954807003679648,0.46287807766192984,4031.0,0.09373816915272204,0.22820401191711426,0.08166027069091797,0.039957523345947266,0.0011112689971923828,0.0,758,[384],exhausted,
Basketball_temporal/1988,Basketball_coarse,R0_A4,712779aad638f619,1787631051.879362,complete,290,3099,0.03697649445173607,47701.0,1155,4857.0,730,4857.0,0.1018217647428775,425,0,0,0.0,0.1018217647428775,0.47731721189228,4857.0,0.12735950363918386,0.2421400547027588,0.0828697681427002,0.05033469200134277,0.0011906623840332031,0.0,821,[425],exhausted,
Basketball_temporal/1991,Basketball_coarse,R0_A4,712779aad638f619,1787631052.1274574,complete,295,3218,0.03710365502133057,52133.0,1160,5308.0,749,5308.0,0.10181650777818273,411,0,0,0.0,0.10181650777818273,0.4577467651395487,5308.0,0.09678312002767209,0.33777928352355957,0.13216304779052734,0.047299861907958984,0.001238107681274414,0.0,875,[411],exhausted,
Basketball_temporal/1994,Basketball_coarse,R0_A4,712779aad638f619,1787631052.4712665,complete,301,3144,0.03481727574750831,51068.0,1099,5093.0,705,5093.0,0.0997297720686144,394,0,0,0.0,0.0997297720686144,0.4650117971288989,5093.0,0.11362126245847176,0.27994537353515625,0.10030364990234375,0.05204892158508301,0.0012271404266357422,0.0,849,[394],exhausted,
Basketball_temporal/1997,Basketball_coarse,R0_A4,712779aad638f619,1787631052.7572944,complete,305,3333,0.035946937014667814,52037.0,1232,5857.0,787,5857.0,0.11255452850856122,445,0,0,0.0,0.11255452850856122,0.5118884859958043,5857.0,0.12965918895599654,0.35835862159729004,0.13668227195739746,0.05722379684448242,0.0012841224670410156,0.0,948,[445],exhausted,
Basketball_temporal/2000,Basketball_coarse,R0_A4,712779aad638f619,1787631053.1217716,complete,318,3475,0.03447215443525187,55092.0,1189,5183.0,742,5183.0,0.09407899513540986,447,0,0,0.0,0.09407899513540986,0.5192976220189989,5183.0,0.09953772592901217,0.3476998805999756,0.1294405460357666,0.06000065803527832,0.0013883113861083984,0.0,888,[447],exhausted,
Basketball_temporal/2003,Basketball_coarse,R0_A4,712779aad638f619,1787631053.4756532,complete,327,3560,0.03339524586780736,54489.0,1297,5833.0,785,5833.0,0.10704912918203674,512,0,0,0.0,0.10704912918203674,0.5062924422416042,5833.0,0.10759648036622202,0.34440183639526367,0.11931991577148438,0.07700061798095703,0.0014033317565917969,0.0,919,[512],exhausted,
Basketball_temporal/2006,Basketball_coarse,R0_A4,712779aad638f619,1787631053.8262556,complete,334,3695,0.03322184459909011,55402.0,1312,6106.0,798,6106.0,0.11021262770297101,514,0,0,0.0,0.11021262770297101,0.5244518797758679,6106.0,0.12378845911780044,0.3986320495605469,0.14356517791748047,0.08093953132629395,0.0014600753784179688,0.0,942,[514],exhausted,
Basketball_temporal/2009,Basketball_coarse,R0_A4,712779aad638f619,1787631054.2310333,complete,347,4155,0.034607119654844996,61946.0,1424,6309.0,902,6309.0,0.10184676976721661,522,0,0,0.0,0.10184676976721661,0.484777546401147,6309.0,0.10189735303426563,0.49057435989379883,0.1848282814025879,0.08687257766723633,0.0016319751739501953,0.0,1039,[522],exhausted,
Basketball_temporal/2012,Basketball_coarse,R0_A4,712779aad638f619,1787631054.7278266,complete,345,4126,0.034765756656555444,61534.0,1389,5988.0,827,5988.0,0.09731205512399649,562,0,0,0.0,0.09731205512399649,0.49822388711455895,5988.0,0.10107853050219076,0.426375150680542,0.15011119842529297,0.09235072135925293,0.0016605854034423828,0.0,969,[562],exhausted,
Basketball_temporal/2014,Basketball_coarse,R0_A4,712779aad638f619,1787631055.1603081,complete,351,4196,0.03415547415547415,60897.0,1471,6400.0,874,6400.0,0.10509548910455359,597,0,0,0.0,0.10509548910455359,0.5102001039406111,6400.0,0.09507529507529508,0.4804060459136963,0.17014312744140625,0.10571837425231934,0.00167083740234375,0.0,1019,[597],exhausted,
Basketball_temporal/1993,Basketball_coarse,R0_A4,712779aad638f619,1787631055.646939,complete,298,3088,0.03489028992384697,48535.0,1095,5035.0,710,5035.0,0.10373956938291955,385,0,0,0.0,0.10373956938291955,0.49449650937971307,5035.0,0.09276207262784444,0.2775137424468994,0.09997892379760742,0.05124831199645996,0.0011928081512451172,0.0,795,[385],exhausted,
Basketball_temporal/finer1985,Basketball_finer,R0_A4,712779aad638f619,1787631055.930613,complete,282,4814,0.06075061204916585,518633.4,4254,245469.7,2407,245469.7,0.4733009867856563,1847,0,0,0.0,0.4733009867856563,0.15586978403366397,245469.7,0.2374750763484011,0.46596598625183105,0.15999746322631836,0.10850238800048828,0.0012080669403076172,0.0,4244,[1847],exhausted,
Basketball_temporal/finer1988,Basketball_finer,R0_A4,712779aad638f619,1787631056.4027643,complete,290,5170,0.06168714950483236,584038.0,4564,275802.5,2585,275802.5,0.4722338272509665,1979,0,0,0.0,0.4722338272509665,0.14449769790454048,275802.5,0.23772819472616633,0.5061426162719727,0.17107272148132324,0.12391805648803711,0.0012865066528320312,0.0,4554,[1979],exhausted,
Basketball_temporal/finer1991,Basketball_finer,R0_A4,712779aad638f619,1787631056.9231298,complete,295,5420,0.062492793727660555,630782.6,4751,297366.3,2710,297366.3,0.47142438615142523,2041,0,0,0.0,0.47142438615142523,0.13622431434504015,297366.3,0.19647180906260808,0.5728976726531982,0.19629979133605957,0.13853907585144043,0.0013582706451416016,0.0,4743,[2041],exhausted,
Basketball_temporal/finer1994,Basketball_finer,R0_A4,712779aad638f619,1787631057.5022273,complete,301,5252,0.058161683277962346,608682.0,4644,287064.0,2626,287064.0,0.47161572052401746,2018,0,0,0.0,0.47161572052401746,0.14357569367623405,287064.0,0.21794019933554817,0.5387141704559326,0.18248224258422852,0.13294601440429688,0.001318216323852539,0.0,4634,[2018],exhausted,
Basketball_temporal/finer1997,Basketball_finer,R0_A4,712779aad638f619,1787631058.0472138,complete,305,5628,0.06069887834339948,582710.0,4983,274410.5,2814,274410.5,0.47092121295327005,2169,0,0,0.0,0.47092121295327005,0.14324740812947453,274410.5,0.23352027610008627,0.5932347774505615,0.19863176345825195,0.15270662307739258,0.0013942718505859375,0.0,4975,[2169],exhausted,
Basketball_temporal/finer2000,Basketball_finer,R0_A4,712779aad638f619,1787631058.6466954,complete,318,6274,0.06223835882784755,634382.8,5565,298067.9,3137,298067.9,0.46985495193123145,2428,0,0,0.0,0.46985495193123145,0.1377943847595876,298067.9,0.1936987877705692,0.7538340091705322,0.25679945945739746,0.19225025177001953,0.0015718936920166016,0.0,5563,[2428],exhausted,
Basketball_temporal/finer2003,Basketball_finer,R0_A4,712779aad638f619,1787631059.406813,complete,327,6356,0.05962364683589426,645095.2,5635,304576.6,3178,304576.6,0.47214209623633846,2457,0,0,0.0,0.47214209623633846,0.1356623729290675,304576.6,0.24136507757828182,0.7897255420684814,0.2544264793395996,0.22703051567077637,0.0015902519226074219,0.0,5628,[2457],exhausted,
Basketball_temporal/finer2006,Basketball_finer,R0_A4,712779aad638f619,1787631060.2031,complete,334,6680,0.06006006006006006,653869.4,5926,308180.7,3340,308180.7,0.47131843147882435,2586,0,0,0.0,0.47131843147882435,0.13862773969469852,308180.7,0.22072971174767583,0.8169419765472412,0.26947474479675293,0.22773289680480957,0.0016937255859375,0.0,5915,[2586],exhausted,
Basketball_temporal/finer2009,Basketball_finer,R0_A4,712779aad638f619,1787631061.0263808,complete,347,7478,0.06228448634871983,714987.7999999999,6668,336829.9,3739,336829.9,0.4710988075600731,2929,0,0,0.0,0.4710988075600731,0.13770851824912297,336829.9,0.20187902916826306,0.9390926361083984,0.2927703857421875,0.297288179397583,0.0018761157989501953,0.0,6663,[2929],exhausted,
Basketball_temporal/finer2012,Basketball_finer,R0_A4,712779aad638f619,1787631061.979864,complete,345,7580,0.06386922817660937,709133.5999999999,6744,333077.3,3790,333077.3,0.46969611932081634,2954,0,0,0.0,0.46969611932081634,0.1517753052288183,333077.3,0.19191102123356926,0.9618265628814697,0.31613731384277344,0.27330565452575684,0.001871347427368164,0.0,6737,[2954],exhausted,
Football_data_England_Premier_League/England_2009_2010,Football_coarse,R0_A4,712779aad638f619,1787631062.9480202,complete,20,215,0.5657894736842105,559.0,100,76.0,56,76.0,0.13595706618962433,44,0,0,0.0,0.13595706618962433,0.4290569441685285,76.0,0.031578947368421054,0.004829883575439453,0.0008594989776611328,0.0005347728729248047,8.845329284667969e-05,0.0,45,[44],exhausted,
Football_data_England_Premier_League/England_2010_2011,Football_coarse,R0_A4,712779aad638f619,1787631062.9622996,complete,20,219,0.5763157894736842,485.0,125,114.0,74,114.0,0.23505154639175257,51,0,0,0.0,0.23505154639175257,0.5653113535932368,114.0,0.09473684210526316,0.005306720733642578,0.0012166500091552734,0.0005578994750976562,8.082389831542969e-05,0.0,65,[51],exhausted,
Football_data_England_Premier_League/England_2011_2012,Football_coarse,R0_A4,712779aad638f619,1787631062.9734206,complete,20,226,0.5947368421052631,548.0,110,99.0,70,99.0,0.18065693430656934,40,0,0,0.0,0.18065693430656934,0.5105298240287788,99.0,0.06842105263157895,0.005280256271362305,0.0011715888977050781,0.0004947185516357422,8.58306884765625e-05,0.0,59,[40],exhausted,
Football_data_England_Premier_League/finerEngland_2009_2010,Football_finer,R0_A4,712779aad638f619,1787631062.9844968,complete,20,380,1.0,1129.0,282,373.9999999999999,190,373.9999999999999,0.3312666076173604,92,0,0,0.0,0.3312666076173604,0.1950516871194314,373.9999999999999,0.08421052631578947,0.014003992080688477,0.004779338836669922,0.0008955001831054688,0.00010371208190917969,0.0,268,[92],exhausted,
Football_data_England_Premier_League/finerEngland_2010_2011,Football_finer,R0_A4,712779aad638f619,1787631063.0042481,complete,20,380,1.0,1139.0,298,457.9999999999999,190,457.9999999999999,0.40210711150131684,108,0,0,0.0,0.40210711150131684,0.26384379825734927,457.9999999999999,0.11578947368421053,0.015077590942382812,0.005296230316162109,0.0009663105010986328,0.00010371208190917969,0.0,281,[108],exhausted,
Football_data_England_Premier_League/finerEngland_2011_2012,Football_finer,R0_A4,712779aad638f619,1787631063.0250773,complete,20,380,1.0,1142.0,292,414.9999999999999,190,414.9999999999999,0.36339754816112074,102,0,0,0.0,0.36339754816112074,0.2438721454676551,414.9999999999999,0.1,0.01504659652709961,0.005290031433105469,0.0009267330169677734,0.0001049041748046875,0.0,273,[102],exhausted,
FacultyHiringNetworks/Business/Business_FM_Full_,Faculty,R0_A4,712779aad638f619,1787631063.0458636,complete,113,1787,0.14119785082174463,3255.0,308,159.0,133,159.0,0.04884792626728111,175,0,0,0.0,0.04884792626728111,0.4879582476096295,159.0,0.09165613147914033,0.027246475219726562,0.0031633377075195312,0.005422830581665039,0.0007905960083007812,0.0,68,[175],exhausted,
FacultyHiringNetworks/History/History_FM_Full_,Faculty,R0_A4,712779aad638f619,1787631063.0789208,complete,145,1204,0.057662835249042144,1776.0,144,54.0,52,54.0,0.030405405405405407,92,0,0,0.0,0.030405405405405407,0.5170612976755534,54.0,0.11293103448275862,0.0174713134765625,0.0011434555053710938,0.0032775402069091797,0.0005779266357421875,0.0,26,[92],exhausted,
FacultyHiringNetworks/ComputerScience/ComputerScience_FM_Full_,Faculty,R0_A4,712779aad638f619,1787631063.1021616,complete,206,1407,0.033317546767700684,1957.0,176,66.0,62,66.0,0.03372508942258559,114,0,0,0.0,0.03372508942258559,0.5737833399383746,66.0,0.1369168837319441,0.023022890090942383,0.0018932819366455078,0.00519561767578125,0.0007116794586181641,0.0,27,[114],exhausted,
Dryad_animal_society,Animal,R0_A4,712779aad638f619,1787631063.1310043,complete,21,193,0.4595238095238095,939.0,60,74.0,42,74.0,0.07880724174653887,18,0,0,0.0,0.07880724174653887,0.4459050280269133,74.0,0.0380952380952381,0.004095554351806641,0.0007565021514892578,0.0003631114959716797,8.440017700195312e-05,0.0,37,[18],exhausted,
Halo2BetaData,Halo,R0_A4,712779aad638f619,1787631063.140891,complete,602,5010,0.013847352972067595,23953.0,1952,3302.0,1042,3302.0,0.13785329603807456,910,0,0,0.0,0.4305097460746765,0.5514235418490658,10312.0,0.43722256925058456,0.5262925624847412,0.08322882652282715,0.32500123977661133,0.0015506744384765625,0.0,690,[910],exhausted,
Basketball_temporal/1985,Basketball_coarse,R1_A4,712779aad638f619,1787631063.673755,complete,282,2904,0.03664723252820474,40493.0,1074,4031.0,690,4031.0,0.09954807003679648,384,0,0,0.0,0.09954807003679648,0.45446519068620217,4031.0,0.09373816915272204,0.2919449806213379,0.08367681503295898,0.04006767272949219,0.06282329559326172,0.0,758,[384],exhausted,
Basketball_temporal/1988,Basketball_coarse,R1_A4,712779aad638f619,1787631063.9720736,complete,290,3099,0.03697649445173607,47701.0,1155,4857.0,730,4857.0,0.1018217647428775,425,0,0,0.0,0.1018217647428775,0.46882101861219627,4857.0,0.12735950363918386,0.3055286407470703,0.08241724967956543,0.05026698112487793,0.06498241424560547,0.0,821,[425],exhausted,
Basketball_temporal/1991,Basketball_coarse,R1_A4,712779aad638f619,1787631064.2839656,complete,295,3218,0.03710365502133057,52133.0,1160,5308.0,749,5308.0,0.10181650777818273,411,0,0,0.0,0.1017589626532139,0.45134975800282023,5305.0,0.09680618009915831,0.4020233154296875,0.13150787353515625,0.047090768814086914,0.06615519523620605,0.0,875,[411],exhausted,
Basketball_temporal/1994,Basketball_coarse,R1_A4,712779aad638f619,1787631064.6923707,complete,301,3144,0.03481727574750831,51068.0,1099,5093.0,705,5093.0,0.0997297720686144,394,0,0,0.0,0.09959269992950576,0.45906948081511106,5086.0,0.11364341085271318,0.34639716148376465,0.10054183006286621,0.05190134048461914,0.06744980812072754,0.0,849,[394],exhausted,
Basketball_temporal/1997,Basketball_coarse,R1_A4,712779aad638f619,1787631065.0452297,complete,305,3333,0.035946937014667814,52037.0,1232,5857.0,787,5857.0,0.11255452850856122,445,0,0,0.0,0.11249687722197667,0.5052438251029514,5854.0,0.12968075927523728,0.4254634380340576,0.1362626552581787,0.057445526123046875,0.0685124397277832,0.0,948,[445],exhausted,
Basketball_temporal/2000,Basketball_coarse,R1_A4,712779aad638f619,1787631065.4770575,complete,318,3475,0.03447215443525187,55092.0,1189,5183.0,742,5183.0,0.09407899513540986,447,0,0,0.0,0.09407899513540986,0.5122318982142939,5183.0,0.09953772592901217,0.41843676567077637,0.12966322898864746,0.06023597717285156,0.07199883460998535,0.0,888,[447],exhausted,
Basketball_temporal/2003,Basketball_coarse,R1_A4,712779aad638f619,1787631065.9019833,complete,327,3560,0.03339524586780736,54489.0,1297,5833.0,785,5833.0,0.10704912918203674,512,0,0,0.0,0.10699407219805833,0.5013382602389865,5830.0,0.10761524174030505,0.415665864944458,0.11874651908874512,0.07683181762695312,0.07368636131286621,0.0,919,[512],exhausted,
Basketball_temporal/2006,Basketball_coarse,R1_A4,712779aad638f619,1787631066.3241136,complete,334,3695,0.03322184459909011,55402.0,1312,6106.0,798,6106.0,0.11021262770297101,514,0,0,0.0,0.11012237825349265,0.5193223622524898,6101.0,0.12380644117171064,0.47188401222229004,0.14305782318115234,0.08113479614257812,0.07548284530639648,0.0,942,[514],exhausted,
Basketball_temporal/2009,Basketball_coarse,R1_A4,712779aad638f619,1787631066.80245,complete,347,4155,0.034607119654844996,61946.0,1424,6309.0,902,6309.0,0.10184676976721661,522,0,0,0.0,0.10184676976721661,0.47952179206476003,6309.0,0.10189735303426563,0.5690605640411377,0.18513941764831543,0.08711528778076172,0.07928657531738281,0.0,1039,[522],exhausted,
Basketball_temporal/2012,Basketball_coarse,R1_A4,712779aad638f619,1787631067.3861294,complete,345,4126,0.034765756656555444,61534.0,1389,5988.0,827,5988.0,0.09731205512399649,562,0,0,0.0,0.09731205512399649,0.49278137461474286,5988.0,0.10107853050219076,0.5046002864837646,0.15013861656188965,0.09299707412719727,0.07928085327148438,0.0,969,[562],exhausted,
Basketball_temporal/2014,Basketball_coarse,R1_A4,712779aad638f619,1787631067.8972635,complete,351,4196,0.03415547415547415,60897.0,1471,6400.0,874,6400.0,0.10509548910455359,597,0,0,0.0,0.10502980442386324,0.5051487081115187,6396.0,0.09509157509157509,0.5584940910339355,0.16979598999023438,0.10559511184692383,0.08022022247314453,0.0,1019,[597],exhausted,
Basketball_temporal/1993,Basketball_coarse,R1_A4,712779aad638f619,1787631068.4622293,complete,298,3088,0.03489028992384697,48535.0,1095,5035.0,710,5035.0,0.10373956938291955,385,0,0,0.0,0.10373956938291955,0.48887501229817915,5035.0,0.09276207262784444,0.34334635734558105,0.10006880760192871,0.05136990547180176,0.06659364700317383,0.0,795,[385],exhausted,
Basketball_temporal/finer1985,Basketball_finer,R1_A4,712779aad638f619,1787631068.8120658,complete,282,4814,0.06075061204916585,518633.4,4254,245469.7,2407,245469.7,0.4733009867856563,1847,0,0,0.0,0.4728093100058731,0.13997846994254426,245214.7,0.2378031851795765,0.5292720794677734,0.1598200798034668,0.10887479782104492,0.06473469734191895,0.0,4244,[1847],exhausted,
Basketball_temporal/finer1988,Basketball_finer,R1_A4,712779aad638f619,1787631069.3477864,complete,290,5170,0.06168714950483236,584038.0,4564,275802.5,2585,275802.5,0.4722338272509665,1979,0,0,0.0,0.4716996154359819,0.1299033744962731,275490.5,0.23806228373702423,0.57431960105896,0.17184758186340332,0.12425875663757324,0.06749558448791504,0.0,4554,[1979],exhausted,
Basketball_temporal/finer1991,Basketball_finer,R1_A4,712779aad638f619,1787631069.9286826,complete,295,5420,0.062492793727660555,630782.6,4751,297366.3,2710,297366.3,0.47142438615142523,2041,0,0,0.0,0.4712848769132186,0.1267638942225707,297278.3,0.19665628963449786,0.6404173374176025,0.19617390632629395,0.1386277675628662,0.0687110424041748,0.0,4743,[2041],exhausted,
Basketball_temporal/finer1994,Basketball_finer,R1_A4,712779aad638f619,1787631070.575637,complete,301,5252,0.058161683277962346,608682.0,4644,287064.0,2626,287064.0,0.47161572052401746,2018,0,0,0.0,0.4711097091749058,0.1281761963009711,286756.0,0.218250276854928,0.7078380584716797,0.18278717994689941,0.13276338577270508,0.17008590698242188,0.0,4634,[2018],exhausted,
Basketball_temporal/finer1997,Basketball_finer,R1_A4,712779aad638f619,1787631071.2901516,complete,305,5628,0.06069887834339948,582710.0,4983,274410.5,2814,274410.5,0.47092121295327005,2169,0,0,0.0,0.47060029860479485,0.13543053523643783,274223.5,0.23373597929249354,0.6644890308380127,0.19869637489318848,0.15272736549377441,0.07175302505493164,0.0,4975,[2169],exhausted,
Basketball_temporal/finer2000,Basketball_finer,R1_A4,712779aad638f619,1787631071.9611926,complete,318,6274,0.06223835882784755,634382.8,5565,298067.9,3137,298067.9,0.46985495193123145,2428,0,0,0.0,0.46960746728946623,0.12629442237488903,297910.9,0.1938773485705216,0.8290994167327881,0.25811266899108887,0.1921534538269043,0.07533788681030273,0.0,5563,[2428],exhausted,
Basketball_temporal/finer2003,Basketball_finer,R1_A4,712779aad638f619,1787631072.80506,complete,327,6356,0.05962364683589426,645095.2,5635,304576.6,3178,304576.6,0.47214209623633846,2457,0,0,0.0,0.47199018067410825,0.12506529030487837,304478.6,0.24151516857094613,0.858483076095581,0.2536189556121826,0.22594618797302246,0.0775146484375,0.0,5628,[2457],exhausted,
Basketball_temporal/finer2006,Basketball_finer,R1_A4,712779aad638f619,1787631073.6703098,complete,334,6680,0.06006006006006006,653869.4,5926,308180.7,3340,308180.7,0.47131843147882435,2586,0,0,0.0,0.4711257324474887,0.1264627394199587,308054.69999999995,0.2208915502328676,0.8964076042175293,0.2689383029937744,0.2294759750366211,0.0799708366394043,0.0,5915,[2586],exhausted,
Basketball_temporal/finer2009,Basketball_finer,R1_A4,712779aad638f619,1787631074.573301,complete,347,7478,0.06228448634871983,714987.7999999999,6668,336829.9,3739,336829.9,0.4710988075600731,2929,0,0,0.0,0.4708414605116339,0.12623353838242204,336645.89999999997,0.20207892588829104,1.0220603942871094,0.2936711311340332,0.29609203338623047,0.0843348503112793,0.0,6663,[2929],exhausted,
Basketball_temporal/finer2012,Basketball_finer,R1_A4,712779aad638f619,1787631075.6019516,complete,345,7580,0.06386922817660937,709133.5999999999,6744,333077.3,3790,333077.3,0.46969611932081634,2954,0,0,0.0,0.46959317680053536,0.13318305856636034,333004.30000000005,0.19202898550724637,1.0477979183197021,0.31705212593078613,0.27307558059692383,0.0841214656829834,0.0,6737,[2954],exhausted,
Football_data_England_Premier_League/England_2009_2010,Football_coarse,R1_A4,712779aad638f619,1787631076.65636,complete,20,215,0.5657894736842105,559.0,100,76.0,56,76.0,0.13595706618962433,44,0,0,0.0,0.13595706618962433,0.38102604902185194,76.0,0.031578947368421054,0.009152412414550781,0.0008914470672607422,0.0005292892456054688,0.004371166229248047,0.0,45,[44],exhausted,
Football_data_England_Premier_League/England_2010_2011,Football_coarse,R1_A4,712779aad638f619,1787631076.6718771,complete,20,219,0.5763157894736842,485.0,125,114.0,74,114.0,0.23505154639175257,51,0,0,0.0,0.23505154639175257,0.5171500341470352,114.0,0.09473684210526316,0.009613990783691406,0.0011873245239257812,0.0005614757537841797,0.004405021667480469,0.0,65,[51],exhausted,
Football_data_England_Premier_League/England_2011_2012,Football_coarse,R1_A4,712779aad638f619,1787631076.687752,complete,20,226,0.5947368421052631,548.0,110,99.0,70,99.0,0.18065693430656934,40,0,0,0.0,0.18065693430656934,0.45275280885571906,99.0,0.06842105263157895,0.009645700454711914,0.0011904239654541016,0.0005011558532714844,0.0043714046478271484,0.0,59,[40],exhausted,
Football_data_England_Premier_League/finerEngland_2009_2010,Football_finer,R1_A4,712779aad638f619,1787631076.7035372,complete,20,380,1.0,1129.0,282,373.9999999999999,190,373.9999999999999,0.3312666076173604,92,0,0,0.0,0.32860938883968105,0.16196787412483987,370.9999999999999,0.09473684210526316,0.01831197738647461,0.004767894744873047,0.0008835792541503906,0.0044231414794921875,0.0,268,[92],exhausted,
Football_data_England_Premier_League/finerEngland_2010_2011,Football_finer,R1_A4,712779aad638f619,1787631076.7278457,complete,20,380,1.0,1139.0,298,457.9999999999999,190,457.9999999999999,0.40210711150131684,108,0,0,0.0,0.3977172958735732,0.2161599546657754,452.9999999999999,0.12105263157894737,0.01942896842956543,0.005275726318359375,0.0009565353393554688,0.004419803619384766,0.0,281,[108],exhausted,
Football_data_England_Premier_League/finerEngland_2011_2012,Football_finer,R1_A4,712779aad638f619,1787631076.7532966,complete,20,380,1.0,1142.0,292,414.9999999999999,190,414.9999999999999,0.36339754816112074,102,0,0,0.0,0.35726795096322234,0.20353892772326962,407.9999999999999,0.11578947368421053,0.019418001174926758,0.005294084548950195,0.0009324550628662109,0.0044367313385009766,0.0,273,[102],exhausted,
FacultyHiringNetworks/Business/Business_FM_Full_,Faculty,R1_A4,712779aad638f619,1787631076.778726,complete,113,1787,0.14119785082174463,3255.0,308,159.0,133,159.0,0.04884792626728111,175,0,0,0.0,0.04884792626728111,0.4305413666016482,159.0,0.09165613147914033,0.05247950553894043,0.0031723976135253906,0.005382537841796875,0.025945425033569336,0.0,68,[175],exhausted,
FacultyHiringNetworks/History/History_FM_Full_,Faculty,R1_A4,712779aad638f619,1787631076.8373044,complete,145,1204,0.057662835249042144,1776.0,144,54.0,52,54.0,0.030405405405405407,92,0,0,0.0,0.030405405405405407,0.45457759082573107,54.0,0.11293103448275862,0.047987937927246094,0.0011501312255859375,0.003265380859375,0.03125882148742676,0.0,26,[92],exhausted,
FacultyHiringNetworks/ComputerScience/ComputerScience_FM_Full_,Faculty,R1_A4,712779aad638f619,1787631076.891384,complete,206,1407,0.033317546767700684,1957.0,176,66.0,62,66.0,0.03372508942258559,114,0,0,0.0,0.03372508942258559,0.5507223044079581,66.0,0.1369168837319441,0.0661323070526123,0.0019011497497558594,0.005110025405883789,0.04392123222351074,0.0,27,[114],exhausted,
Dryad_animal_society,Animal,R1_A4,712779aad638f619,1787631076.9636192,complete,21,193,0.4595238095238095,939.0,60,74.0,42,74.0,0.07880724174653887,18,0,0,0.0,0.07880724174653887,0.3658637192798882,74.0,0.0380952380952381,0.008211851119995117,0.0007865428924560547,0.0003638267517089844,0.004159212112426758,0.0,37,[18],exhausted,
Halo2BetaData,Halo,R1_A4,712779aad638f619,1787631076.9779832,complete,602,5010,0.013847352972067595,23953.0,1952,3302.0,1042,3302.0,0.13785329603807456,910,0,0,0.0,0.4258756637573242,0.5483805495403417,10201.0,0.43718940193807665,0.6611216068267822,0.08336472511291504,0.3253514766693115,0.135911226272583,0.0,690,[910],exhausted,
Basketball_temporal/1985,Basketball_coarse,R2_A4,712779aad638f619,1787631077.6458066,complete,282,2904,0.03664723252820474,40493.0,1074,4031.0,690,4031.0,0.09954807003679648,384,0,0,0.0,0.09954807003679648,0.4537179485826296,4031.0,0.09373816915272204,0.323894739151001,0.08223271369934082,0.040033578872680664,0.09594225883483887,0.0,758,[384],exhausted,
Basketball_temporal/1988,Basketball_coarse,R2_A4,712779aad638f619,1787631077.984432,complete,290,3099,0.03697649445173607,47701.0,1155,4857.0,730,4857.0,0.1018217647428775,425,0,0,0.0,0.1018217647428775,0.46823382169098277,4857.0,0.12735950363918386,0.33900022506713867,0.08251357078552246,0.050266265869140625,0.09847545623779297,0.0,821,[425],exhausted,
Basketball_temporal/1991,Basketball_coarse,R2_A4,712779aad638f619,1787631078.3300698,complete,295,3218,0.03710365502133057,52133.0,1160,5308.0,749,5308.0,0.10181650777818273,411,0,0,0.0,0.1017589626532139,0.45049485269184525,5305.0,0.09680618009915831,0.44561767578125,0.13153815269470215,0.04695725440979004,0.10960769653320312,0.0,875,[411],exhausted,
Basketball_temporal/1994,Basketball_coarse,R2_A4,712779aad638f619,1787631078.7823405,complete,301,3144,0.03481727574750831,51068.0,1099,5093.0,705,5093.0,0.0997297720686144,394,0,0,0.0,0.09959269992950576,0.45838042296032355,5086.0,0.11364341085271318,0.3902764320373535,0.10065746307373047,0.0518341064453125,0.11122488975524902,0.0,849,[394],exhausted,
Basketball_temporal/1997,Basketball_coarse,R2_A4,712779aad638f619,1787631079.1792247,complete,305,3333,0.035946937014667814,52037.0,1232,5857.0,787,5857.0,0.11255452850856122,445,0,0,0.0,0.11249687722197667,0.503928745818332,5854.0,0.12968075927523728,0.4690513610839844,0.1369152069091797,0.057236671447753906,0.11178302764892578,0.0,948,[445],exhausted,
Basketball_temporal/2000,Basketball_coarse,R2_A4,712779aad638f619,1787631079.6550555,complete,318,3475,0.03447215443525187,55092.0,1189,5183.0,742,5183.0,0.09407899513540986,447,0,0,0.0,0.09407899513540986,0.5113405684614751,5183.0,0.09953772592901217,0.4612574577331543,0.1301279067993164,0.0598602294921875,0.1141974925994873,0.0,888,[447],exhausted,
Basketball_temporal/2003,Basketball_coarse,R2_A4,712779aad638f619,1787631080.123091,complete,327,3560,0.03339524586780736,54489.0,1297,5833.0,785,5833.0,0.10704912918203674,512,0,0,0.0,0.10699407219805833,0.500897334106028,5830.0,0.10761524174030505,0.46352076530456543,0.11915946006774902,0.07700109481811523,0.12032032012939453,0.0,919,[512],exhausted,
Basketball_temporal/2006,Basketball_coarse,R2_A4,712779aad638f619,1787631080.593422,complete,334,3695,0.03322184459909011,55402.0,1312,6106.0,798,6106.0,0.11021262770297101,514,0,0,0.0,0.11012237825349265,0.5184200861286395,6101.0,0.12380644117171064,0.5166409015655518,0.14394092559814453,0.08080720901489258,0.1195211410522461,0.0,942,[514],exhausted,
Basketball_temporal/2009,Basketball_coarse,R2_A4,712779aad638f619,1787631081.116735,complete,347,4155,0.034607119654844996,61946.0,1424,6309.0,902,6309.0,0.10184676976721661,522,0,0,0.0,0.10184676976721661,0.4790352369295716,6309.0,0.10189735303426563,0.6136569976806641,0.18566131591796875,0.08688163757324219,0.12334609031677246,0.0,1039,[522],exhausted,
Basketball_temporal/2012,Basketball_coarse,R2_A4,712779aad638f619,1787631081.7373798,complete,345,4126,0.034765756656555444,61534.0,1389,5988.0,827,5988.0,0.09731205512399649,562,0,0,0.0,0.09731205512399649,0.492115364842966,5988.0,0.10107853050219076,0.5556232929229736,0.15028047561645508,0.09223532676696777,0.1280357837677002,0.0,969,[562],exhausted,
Basketball_temporal/2014,Basketball_coarse,R2_A4,712779aad638f619,1787631082.2997801,complete,351,4196,0.03415547415547415,60897.0,1471,6400.0,874,6400.0,0.10509548910455359,597,0,0,0.0,0.10502980442386324,0.5046936609697489,6396.0,0.09509157509157509,0.6068451404571533,0.1699225902557373,0.10542678833007812,0.12877893447875977,0.0,1019,[597],exhausted,
Basketball_temporal/1993,Basketball_coarse,R2_A4,712779aad638f619,1787631082.9133573,complete,298,3088,0.03489028992384697,48535.0,1095,5035.0,710,5035.0,0.10373956938291955,385,0,0,0.0,0.10373956938291955,0.48807612884221246,5035.0,0.09276207262784444,0.3821842670440674,0.09969472885131836,0.05114173889160156,0.10523438453674316,0.0,795,[385],exhausted,
Basketball_temporal/finer1985,Basketball_finer,R2_A4,712779aad638f619,1787631083.3041291,complete,282,4814,0.06075061204916585,518633.4,4254,245469.7,2407,245469.7,0.4733009867856563,1847,0,0,0.0,0.4728093100058731,0.1283160959895218,245214.7,0.2378031851795765,0.5864064693450928,0.16027164459228516,0.10863018035888672,0.12000727653503418,0.0,4244,[1847],exhausted,
Basketball_temporal/finer1988,Basketball_finer,R2_A4,712779aad638f619,1787631083.8973768,complete,290,5170,0.06168714950483236,584038.0,4564,275802.5,2585,275802.5,0.4722338272509665,1979,0,0,0.0,0.4716996154359819,0.11920099473811667,275490.5,0.23806228373702423,0.6299569606781006,0.17053818702697754,0.12374734878540039,0.1260852813720703,0.0,4554,[1979],exhausted,
Basketball_temporal/finer1991,Basketball_finer,R2_A4,712779aad638f619,1787631084.5341442,complete,295,5420,0.062492793727660555,630782.6,4751,297366.3,2710,297366.3,0.47142438615142523,2041,0,0,0.0,0.4712785355842091,0.12240264038768793,297274.29999999993,0.19667934970598408,0.6868298053741455,0.19593119621276855,0.13817286491394043,0.11533188819885254,0.0,4743,[2041],exhausted,
Basketball_temporal/finer1994,Basketball_finer,R2_A4,712779aad638f619,1787631085.2277687,complete,301,5252,0.058161683277962346,608682.0,4644,287064.0,2626,287064.0,0.47161572052401746,2018,0,0,0.0,0.4711097091749058,0.11848554236812299,286756.0,0.218250276854928,0.6692807674407959,0.1821587085723877,0.13245820999145508,0.13153886795043945,0.0,4634,[2018],exhausted,
Basketball_temporal/finer1997,Basketball_finer,R2_A4,712779aad638f619,1787631085.9038596,complete,305,5628,0.06069887834339948,582710.0,4983,274410.5,2814,274410.5,0.47092121295327005,2169,0,0,0.0,0.47060029860479485,0.12989884351136005,274223.5,0.23373597929249354,0.7202301025390625,0.19814467430114746,0.1527411937713623,0.12862348556518555,0.0,4975,[2169],exhausted,
Basketball_temporal/finer2000,Basketball_finer,R2_A4,712779aad638f619,1787631086.630902,complete,318,6274,0.06223835882784755,634382.8,5565,298067.9,3137,298067.9,0.46985495193123145,2428,0,0,0.0,0.46960746728946623,0.11973870437395276,297910.9,0.1938773485705216,0.8875231742858887,0.25715065002441406,0.19146966934204102,0.13570427894592285,0.0,5563,[2428],exhausted,
Basketball_temporal/finer2003,Basketball_finer,R2_A4,712779aad638f619,1787631087.5252688,complete,327,6356,0.05962364683589426,645095.2,5635,304576.6,3178,304576.6,0.47214209623633846,2457,0,0,0.0,0.47199018067410825,0.1198827324469408,304478.6,0.24151516857094613,0.917783260345459,0.25441527366638184,0.22585248947143555,0.13547039031982422,0.0,5628,[2457],exhausted,
Basketball_temporal/finer2006,Basketball_finer,R2_A4,712779aad638f619,1787631088.4579883,complete,334,6680,0.06006006006006006,653869.4,5926,308180.7,3340,308180.7,0.47131843147882435,2586,0,0,0.0,0.4711257324474887,0.11759008929366013,308054.69999999995,0.2208915502328676,0.9652724266052246,0.26845598220825195,0.22850656509399414,0.14952731132507324,0.0,5915,[2586],exhausted,
Basketball_temporal/finer2009,Basketball_finer,R2_A4,712779aad638f619,1787631089.4301214,complete,347,7478,0.06228448634871983,714987.7999999999,6668,336829.9,3739,336829.9,0.4710988075600731,2929,0,0,0.0,0.4708414605116339,0.12049872165471384,336645.89999999997,0.20207892588829104,1.0962035655975342,0.29392099380493164,0.2961306571960449,0.15731000900268555,0.0,6663,[2929],exhausted,
Basketball_temporal/finer2012,Basketball_finer,R2_A4,712779aad638f619,1787631090.5332186,complete,345,7580,0.06386922817660937,709133.5999999999,6744,333077.3,3790,333077.3,0.46969611932081634,2954,0,0,0.0,0.46959317680053536,0.12414116979929576,333004.30000000005,0.19202898550724637,1.115689754486084,0.3167915344238281,0.27300024032592773,0.15373945236206055,0.0,6737,[2954],exhausted,
Football_data_England_Premier_League/England_2009_2010,Football_coarse,R2_A4,712779aad638f619,1787631091.6557934,complete,20,215,0.5657894736842105,559.0,100,76.0,56,76.0,0.13595706618962433,44,0,0,0.0,0.13595706618962433,0.36279419262650386,76.0,0.031578947368421054,0.012888193130493164,0.0008528232574462891,0.0005307197570800781,0.008127927780151367,0.0,45,[44],exhausted,
Football_data_England_Premier_League/England_2010_2011,Football_coarse,R2_A4,712779aad638f619,1787631091.6753151,complete,20,219,0.5763157894736842,485.0,125,114.0,74,114.0,0.23505154639175257,51,0,0,0.0,0.23505154639175257,0.48988376347761126,114.0,0.09473684210526316,0.013048887252807617,0.0011818408966064453,0.0005528926849365234,0.007791280746459961,0.0,65,[51],exhausted,
Football_data_England_Premier_League/England_2011_2012,Football_coarse,R2_A4,712779aad638f619,1787631091.6949039,complete,20,226,0.5947368421052631,548.0,110,99.0,70,99.0,0.18065693430656934,40,0,0,0.0,0.18065693430656934,0.4493310731251582,99.0,0.06842105263157895,0.012678861618041992,0.0011944770812988281,0.0005054473876953125,0.00734710693359375,0.0,59,[40],exhausted,
Football_data_England_Premier_League/finerEngland_2009_2010,Football_finer,R2_A4,712779aad638f619,1787631091.7140012,complete,20,380,1.0,1129.0,282,373.9999999999999,190,373.9999999999999,0.3312666076173604,92,0,0,0.0,0.32860938883968105,0.15260492030651915,370.9999999999999,0.09473684210526316,0.02129530906677246,0.004769802093505859,0.0008852481842041016,0.007333040237426758,0.0,268,[92],exhausted,
Football_data_England_Premier_League/finerEngland_2010_2011,Football_finer,R2_A4,712779aad638f619,1787631091.7415898,complete,20,380,1.0,1139.0,298,457.9999999999999,190,457.9999999999999,0.40210711150131684,108,0,0,0.0,0.395083406496927,0.192197512203558,449.9999999999999,0.12631578947368421,0.023078203201293945,0.0052661895751953125,0.0009605884552001953,0.008124113082885742,0.0,281,[108],exhausted,
Football_data_England_Premier_League/finerEngland_2011_2012,Football_finer,R2_A4,712779aad638f619,1787631091.7709486,complete,20,380,1.0,1142.0,292,414.9999999999999,190,414.9999999999999,0.36339754816112074,102,0,0,0.0,0.35726795096322234,0.18626093724366505,407.9999999999999,0.11578947368421053,0.02293682098388672,0.005334138870239258,0.0009241104125976562,0.00788569450378418,0.0,273,[102],exhausted,
FacultyHiringNetworks/Business/Business_FM_Full_,Faculty,R2_A4,712779aad638f619,1787631091.800482,complete,113,1787,0.14119785082174463,3255.0,308,159.0,133,159.0,0.04884792626728111,175,0,0,0.0,0.04884792626728111,0.42257671846794553,159.0,0.09165613147914033,0.07312870025634766,0.0031876564025878906,0.005461215972900391,0.046578407287597656,0.0,68,[175],exhausted,
FacultyHiringNetworks/History/History_FM_Full_,Faculty,R2_A4,712779aad638f619,1787631091.8802857,complete,145,1204,0.057662835249042144,1776.0,144,54.0,52,54.0,0.030405405405405407,92,0,0,0.0,0.030405405405405407,0.44487579657341364,54.0,0.11293103448275862,0.06818485260009766,0.001138925552368164,0.003268003463745117,0.051279306411743164,0.0,26,[92],exhausted,
FacultyHiringNetworks/ComputerScience/ComputerScience_FM_Full_,Faculty,R2_A4,712779aad638f619,1787631091.9550471,complete,206,1407,0.033317546767700684,1957.0,176,66.0,62,66.0,0.03372508942258559,114,0,0,0.0,0.03372508942258559,0.5498087119561136,66.0,0.1369168837319441,0.08383345603942871,0.0019261837005615234,0.0051114559173583984,0.06159043312072754,0.0,27,[114],exhausted,
Dryad_animal_society,Animal,R2_A4,712779aad638f619,1787631092.0452778,complete,21,193,0.4595238095238095,939.0,60,74.0,42,74.0,0.07880724174653887,18,0,0,0.0,0.07880724174653887,0.3533387265554227,74.0,0.0380952380952381,0.0115509033203125,0.0007605552673339844,0.000370025634765625,0.007507801055908203,0.0,37,[18],exhausted,
Halo2BetaData,Halo,R2_A4,712779aad638f619,1787631092.0632267,complete,602,5010,0.013847352972067595,23953.0,1952,3302.0,1042,3302.0,0.13785329603807456,910,0,0,0.0,0.4254581928253174,0.5483769904046956,10191.0,0.4371838740526586,0.7395515441894531,0.0830221176147461,0.32550954818725586,0.21422910690307617,0.0,690,[910],exhausted,
Basketball_temporal/1985,Basketball_coarse,R3_A4,712779aad638f619,1787631092.8097615,complete,282,2904,0.03664723252820474,40493.0,1074,4031.0,690,4031.0,0.09954807003679648,384,0,0,0.0,0.09954807003679648,0.45289884864555335,4031.0,0.09373816915272204,0.3833048343658447,0.08180880546569824,0.03978610038757324,0.15618515014648438,0.0,758,[384],exhausted,
Basketball_temporal/1988,Basketball_coarse,R3_A4,712779aad638f619,1787631093.1999004,complete,290,3099,0.03697649445173607,47701.0,1155,4857.0,730,4857.0,0.1018217647428775,425,0,0,0.0,0.1018217647428775,0.46758316045072756,4857.0,0.12735950363918386,0.39861392974853516,0.08268356323242188,0.050406455993652344,0.1576380729675293,0.0,821,[425],exhausted,
Basketball_temporal/1991,Basketball_coarse,R3_A4,712779aad638f619,1787631093.613514,complete,295,3218,0.03710365502133057,52133.0,1160,5308.0,749,5308.0,0.10181650777818273,411,0,0,0.0,0.1017589626532139,0.44974687369358995,5305.0,0.09680618009915831,0.515587329864502,0.13159799575805664,0.047069549560546875,0.17897796630859375,0.0,875,[411],exhausted,
Basketball_temporal/1994,Basketball_coarse,R3_A4,712779aad638f619,1787631094.136118,complete,301,3144,0.03481727574750831,51068.0,1099,5093.0,705,5093.0,0.0997297720686144,394,0,0,0.0,0.09959269992950576,0.45754685436339254,5086.0,0.11364341085271318,0.4640846252441406,0.10075163841247559,0.05209231376647949,0.1846628189086914,0.0,849,[394],exhausted,
Basketball_temporal/1997,Basketball_coarse,R3_A4,712779aad638f619,1787631094.6072147,complete,305,3333,0.035946937014667814,52037.0,1232,5857.0,787,5857.0,0.11255452850856122,445,0,0,0.0,0.11249687722197667,0.5025760371552229,5854.0,0.12968075927523728,0.537893533706665,0.1367042064666748,0.057115793228149414,0.18106913566589355,0.0,948,[445],exhausted,
Basketball_temporal/2000,Basketball_coarse,R3_A4,712779aad638f619,1787631095.1521623,complete,318,3475,0.03447215443525187,55092.0,1189,5183.0,742,5183.0,0.09407899513540986,447,0,0,0.0,0.09407899513540986,0.5105568808542484,5183.0,0.09953772592901217,0.5386366844177246,0.12977981567382812,0.05996346473693848,0.19174790382385254,0.0,888,[447],exhausted,
Basketball_temporal/2003,Basketball_coarse,R3_A4,712779aad638f619,1787631095.697824,complete,327,3560,0.03339524586780736,54489.0,1297,5833.0,785,5833.0,0.10704912918203674,512,0,0,0.0,0.10699407219805833,0.5003724253587118,5830.0,0.10761524174030505,0.5368764400482178,0.11905765533447266,0.07704830169677734,0.1936788558959961,0.0,919,[512],exhausted,
Basketball_temporal/2006,Basketball_coarse,R3_A4,712779aad638f619,1787631096.241764,complete,334,3695,0.03322184459909011,55402.0,1312,6106.0,798,6106.0,0.11021262770297101,514,0,0,0.0,0.11012237825349265,0.5175996825159723,6101.0,0.12380644117171064,0.5884137153625488,0.14402484893798828,0.08122682571411133,0.19040966033935547,0.0,942,[514],exhausted,
Basketball_temporal/2009,Basketball_coarse,R3_A4,712779aad638f619,1787631096.837223,complete,347,4155,0.034607119654844996,61946.0,1424,6309.0,902,6309.0,0.10184676976721661,522,0,0,0.0,0.10184676976721661,0.47832491512940856,6309.0,0.10189735303426563,0.691474199295044,0.18576335906982422,0.08713936805725098,0.20099377632141113,0.0,1039,[522],exhausted,
Basketball_temporal/2012,Basketball_coarse,R3_A4,712779aad638f619,1787631097.5357864,complete,345,4126,0.034765756656555444,61534.0,1389,5988.0,827,5988.0,0.09731205512399649,562,0,0,0.0,0.09731205512399649,0.49141706592859585,5988.0,0.10107853050219076,0.623751163482666,0.15039300918579102,0.09261631965637207,0.19848895072937012,0.0,969,[562],exhausted,
Basketball_temporal/2014,Basketball_coarse,R3_A4,712779aad638f619,1787631098.1667264,complete,351,4196,0.03415547415547415,60897.0,1471,6400.0,874,6400.0,0.10509548910455359,597,0,0,0.0,0.10502980442386324,0.5040200774604723,6396.0,0.09509157509157509,0.6866788864135742,0.17053484916687012,0.10581111907958984,0.20650291442871094,0.0,1019,[597],exhausted,
Basketball_temporal/1993,Basketball_coarse,R3_A4,712779aad638f619,1787631098.861899,complete,298,3088,0.03489028992384697,48535.0,1095,5035.0,710,5035.0,0.10373956938291955,385,0,0,0.0,0.10373956938291955,0.48719660764618306,5035.0,0.09276207262784444,0.4552040100097656,0.10016489028930664,0.05130171775817871,0.17827320098876953,0.0,795,[385],exhausted,
Basketball_temporal/finer1985,Basketball_finer,R3_A4,712779aad638f619,1787631099.3242247,complete,282,4814,0.06075061204916585,518633.4,4254,245469.7,2407,245469.7,0.4733009867856563,1847,0,0,0.0,0.4728093100058731,0.1135729796268478,245214.7,0.2378031851795765,0.6821689605712891,0.1597142219543457,0.10892581939697266,0.21688294410705566,0.0,4244,[1847],exhausted,
Basketball_temporal/finer1988,Basketball_finer,R3_A4,712779aad638f619,1787631100.0135438,complete,290,5170,0.06168714950483236,584038.0,4564,275802.5,2585,275802.5,0.4722338272509665,1979,0,0,0.0,0.4716996154359819,0.10381476864024917,275490.5,0.23806228373702423,0.7306225299835205,0.17108631134033203,0.12436389923095703,0.2251570224761963,0.0,4554,[1979],exhausted,
Basketball_temporal/finer1991,Basketball_finer,R3_A4,712779aad638f619,1787631100.7513561,complete,295,5420,0.062492793727660555,630782.6,4751,297366.3,2710,297366.3,0.47142438615142523,2041,0,0,0.0,0.4712785355842091,0.11545193750171973,297274.29999999993,0.19667934970598408,0.7682113647460938,0.19634294509887695,0.13848471641540527,0.1961665153503418,0.0,4743,[2041],exhausted,
Basketball_temporal/finer1994,Basketball_finer,R3_A4,712779aad638f619,1787631101.526708,complete,301,5252,0.058161683277962346,608682.0,4644,287064.0,2626,287064.0,0.47161572052401746,2018,0,0,0.0,0.4711097091749058,0.10468227426120494,286756.0,0.218250276854928,0.7778177261352539,0.18269562721252441,0.13291215896606445,0.2398819923400879,0.0,4634,[2018],exhausted,
Basketball_temporal/finer1997,Basketball_finer,R3_A4,712779aad638f619,1787631102.3117518,complete,305,5628,0.06069887834339948,582710.0,4983,274410.5,2814,274410.5,0.47092121295327005,2169,0,0,0.0,0.47060029860479485,0.12091517921626896,274223.5,0.23373597929249354,0.8221132755279541,0.19833588600158691,0.15228700637817383,0.23043227195739746,0.0,4975,[2169],exhausted,
Basketball_temporal/finer2000,Basketball_finer,R3_A4,712779aad638f619,1787631103.1409776,complete,318,6274,0.06223835882784755,634382.8,5565,298067.9,3137,298067.9,0.46985495193123145,2428,0,0,0.0,0.46960746728946623,0.11107968578045446,297910.9,0.1938773485705216,0.9783082008361816,0.2569160461425781,0.1914839744567871,0.2266693115234375,0.0,5563,[2428],exhausted,
Basketball_temporal/finer2003,Basketball_finer,R3_A4,712779aad638f619,1787631104.1345348,complete,327,6356,0.05962364683589426,645095.2,5635,304576.6,3178,304576.6,0.47214209623633846,2457,0,0,0.0,0.47199018067410825,0.11251103410053986,304478.6,0.24151516857094613,1.0931334495544434,0.25376200675964355,0.22637581825256348,0.24094343185424805,0.0,5628,[2457],exhausted,
Basketball_temporal/finer2006,Basketball_finer,R3_A4,712779aad638f619,1787631105.2348943,complete,334,6680,0.06006006006006006,653869.4,5926,308180.7,3340,308180.7,0.47131843147882435,2586,0,0,0.0,0.4711257324474887,0.10500329019735599,308054.69999999995,0.2208915502328676,1.0874178409576416,0.2692229747772217,0.22808623313903809,0.2705998420715332,0.0,5915,[2586],exhausted,
Basketball_temporal/finer2009,Basketball_finer,R3_A4,712779aad638f619,1787631106.3295374,complete,347,7478,0.06228448634871983,714987.7999999999,6668,336829.9,3739,336829.9,0.4710988075600731,2929,0,0,0.0,0.4708414605116339,0.11306206917903375,336645.89999999997,0.20207892588829104,1.2011847496032715,0.29355549812316895,0.29572296142578125,0.26311349868774414,0.0,6663,[2929],exhausted,
Basketball_temporal/finer2012,Basketball_finer,R3_A4,712779aad638f619,1787631107.537926,complete,345,7580,0.06386922817660937,709133.5999999999,6744,333077.3,3790,333077.3,0.46969611932081634,2954,0,0,0.0,0.46959317680053536,0.11428353194452746,333004.30000000005,0.19202898550724637,1.232435703277588,0.3162956237792969,0.2731294631958008,0.271592378616333,0.0,6737,[2954],exhausted,
Football_data_England_Premier_League/England_2009_2010,Football_coarse,R3_A4,712779aad638f619,1787631108.7776258,complete,20,215,0.5657894736842105,559.0,100,76.0,56,76.0,0.13595706618962433,44,0,0,0.0,0.13595706618962433,0.3503733309351481,76.0,0.031578947368421054,0.02037954330444336,0.0008788108825683594,0.0005309581756591797,0.015603303909301758,0.0,45,[44],exhausted,
Football_data_England_Premier_League/England_2010_2011,Football_coarse,R3_A4,712779aad638f619,1787631108.8049679,complete,20,219,0.5763157894736842,485.0,125,114.0,74,114.0,0.23505154639175257,51,0,0,0.0,0.23505154639175257,0.46941308532589643,114.0,0.09473684210526316,0.019646644592285156,0.001196146011352539,0.0005586147308349609,0.014434337615966797,0.0,65,[51],exhausted,
Football_data_England_Premier_League/England_2011_2012,Football_coarse,R3_A4,712779aad638f619,1787631108.831278,complete,20,226,0.5947368421052631,548.0,110,99.0,70,99.0,0.18065693430656934,40,0,0,0.0,0.18065693430656934,0.4429555708396093,99.0,0.06842105263157895,0.018494606018066406,0.0011973381042480469,0.0005083084106445312,0.013252019882202148,0.0,59,[40],exhausted,
Football_data_England_Premier_League/finerEngland_2009_2010,Football_finer,R3_A4,712779aad638f619,1787631108.8563576,complete,20,380,1.0,1129.0,282,373.9999999999999,190,373.9999999999999,0.3312666076173604,92,0,0,0.0,0.32860938883968105,0.1492691462615446,370.9999999999999,0.09473684210526316,0.027082204818725586,0.0047605037689208984,0.0008907318115234375,0.013202190399169922,0.0,268,[92],exhausted,
Football_data_England_Premier_League/finerEngland_2010_2011,Football_finer,R3_A4,712779aad638f619,1787631108.8900867,complete,20,380,1.0,1139.0,298,457.9999999999999,190,457.9999999999999,0.40210711150131684,108,0,0,0.0,0.3942054433713783,0.1727895033880208,448.9999999999999,0.13157894736842105,0.030281782150268555,0.00529932975769043,0.0009534358978271484,0.01525425910949707,0.0,281,[108],exhausted,
Football_data_England_Premier_League/finerEngland_2011_2012,Football_finer,R3_A4,712779aad638f619,1787631108.9269855,complete,20,380,1.0,1142.0,292,414.9999999999999,190,414.9999999999999,0.36339754816112074,102,0,0,0.0,0.35726795096322234,0.17404383628002396,407.9999999999999,0.11578947368421053,0.028973102569580078,0.005322456359863281,0.0009291172027587891,0.013970613479614258,0.0,273,[102],exhausted,
FacultyHiringNetworks/Business/Business_FM_Full_,Faculty,R3_A4,712779aad638f619,1787631108.9625638,complete,113,1787,0.14119785082174463,3255.0,308,159.0,133,159.0,0.04884792626728111,175,0,0,0.0,0.04884792626728111,0.4175275423635689,159.0,0.09165613147914033,0.1041865348815918,0.0031366348266601562,0.005414485931396484,0.07779431343078613,0.0,68,[175],exhausted,
FacultyHiringNetworks/History/History_FM_Full_,Faculty,R3_A4,712779aad638f619,1787631109.0735388,complete,145,1204,0.057662835249042144,1776.0,144,54.0,52,54.0,0.030405405405405407,92,0,0,0.0,0.030405405405405407,0.43914903980969067,54.0,0.11293103448275862,0.1033329963684082,0.001127481460571289,0.003276348114013672,0.08652162551879883,0.0,26,[92],exhausted,
FacultyHiringNetworks/ComputerScience/ComputerScience_FM_Full_,Faculty,R3_A4,712779aad638f619,1787631109.1843383,complete,206,1407,0.033317546767700684,1957.0,176,66.0,62,66.0,0.03372508942258559,114,0,0,0.0,0.03372508942258559,0.5490430953086223,66.0,0.1369168837319441,0.11465167999267578,0.0018928050994873047,0.0051195621490478516,0.09244728088378906,0.0,27,[114],exhausted,
Dryad_animal_society,Animal,R3_A4,712779aad638f619,1787631109.3060899,complete,21,193,0.4595238095238095,939.0,60,74.0,42,74.0,0.07880724174653887,18,0,0,0.0,0.07880724174653887,0.3503294300678462,74.0,0.0380952380952381,0.01748824119567871,0.0007393360137939453,0.00036454200744628906,0.013444662094116211,0.0,37,[18],exhausted,
Halo2BetaData,Halo,R3_A4,712779aad638f619,1787631109.330455,complete,602,5010,0.013847352972067595,23953.0,1952,3302.0,1042,3302.0,0.13785329603807456,910,0,0,0.0,0.4254581928253174,0.5484562399612705,10191.0,0.4371838740526586,0.8672471046447754,0.0832071304321289,0.3242475986480713,0.3432190418243408,0.0,690,[910],exhausted,
Basketball_temporal/1985,Basketball_coarse,P0,712779aad638f619,1787631110.2050333,complete,282,2904,0.03664723252820474,40493.0,1074,7341.0,1074,7341.0,0.1812905934359025,0,0,0,0.0,0.11898352801718816,0.4571296595970426,4818.0,0.0,0.10593175888061523,0.0818929672241211,1.430511474609375e-06,0.0009458065032958984,0.0,758,[0],phase_b_disabled,
Basketball_temporal/1988,Basketball_coarse,P0,712779aad638f619,1787631110.318201,complete,290,3099,0.03697649445173607,47701.0,1155,9054.0,1155,9054.0,0.18980734156516635,0,0,0,0.0,0.12259701054485231,0.4930276935153653,5848.0,0.0,0.10798311233520508,0.08270645141601562,1.6689300537109375e-06,0.0009982585906982422,0.0,821,[0],phase_b_disabled,
Basketball_temporal/1991,Basketball_coarse,P0,712779aad638f619,1787631110.4333105,complete,295,3218,0.03710365502133057,52133.0,1160,9303.0,1160,9303.0,0.17844743252834097,0,0,0,0.0,0.11844704889417451,0.46378504429214873,6175.0,0.0,0.15775752067565918,0.13201665878295898,1.6689300537109375e-06,0.0010502338409423828,0.0,875,[0],phase_b_disabled,
Basketball_temporal/1994,Basketball_coarse,P0,712779aad638f619,1787631110.5980172,complete,301,3144,0.03481727574750831,51068.0,1099,9381.0,1099,9381.0,0.18369624813973526,0,0,0,0.0,0.12160256912352158,0.46764444582893633,6210.0,0.0,0.12664103507995605,0.1005239486694336,1.430511474609375e-06,0.0010635852813720703,0.0,849,[0],phase_b_disabled,
Basketball_temporal/1997,Basketball_coarse,P0,712779aad638f619,1787631110.7317371,complete,305,3333,0.035946937014667814,52037.0,1232,10760.0,1232,10760.0,0.20677594788323692,0,0,0,0.0,0.13594173376635854,0.48875371794603417,7074.0,0.0,0.16294193267822266,0.13657474517822266,1.1920928955078125e-06,0.0010783672332763672,0.0,948,[0],phase_b_disabled,
Basketball_temporal/2000,Basketball_coarse,P0,712779aad638f619,1787631110.9016595,complete,318,3475,0.03447215443525187,55092.0,1189,10117.0,1189,10117.0,0.18363827778987873,0,0,0,0.0,0.11705873811079649,0.508771370693921,6449.0,0.0,0.15710806846618652,0.12958240509033203,1.1920928955078125e-06,0.0011792182922363281,0.0,888,[0],phase_b_disabled,
Basketball_temporal/2003,Basketball_coarse,P0,712779aad638f619,1787631111.0656211,complete,327,3560,0.03339524586780736,54489.0,1297,11034.0,1297,11034.0,0.20249958707262017,0,0,0,0.0,0.12958578795720238,0.5108512596475314,7061.0,0.0,0.14650177955627441,0.11894559860229492,1.6689300537109375e-06,0.00116729736328125,0.0,919,[0],phase_b_disabled,
Basketball_temporal/2006,Basketball_coarse,P0,712779aad638f619,1787631111.2191756,complete,334,3695,0.03322184459909011,55402.0,1312,11703.0,1312,11703.0,0.21123786144904516,0,0,0,0.0,0.13526587487816324,0.511888407476773,7494.0,0.0,0.17265701293945312,0.14366865158081055,1.6689300537109375e-06,0.0012233257293701172,0.0,942,[0],phase_b_disabled,
Basketball_temporal/2009,Basketball_coarse,P0,712779aad638f619,1787631111.3989067,complete,347,4155,0.034607119654844996,61946.0,1424,11917.0,1424,11917.0,0.19237723178252025,0,0,0,0.0,0.1246892454718626,0.48885300364503964,7724.0,0.0,0.21743249893188477,0.1852869987487793,1.430511474609375e-06,0.0014309883117675781,0.0,1039,[0],phase_b_disabled,
Basketball_temporal/2012,Basketball_coarse,P0,712779aad638f619,1787631111.6233158,complete,345,4126,0.034765756656555444,61534.0,1389,11583.0,1389,11583.0,0.1882373972112978,0,0,0,0.0,0.11998244872753275,0.47870303606381914,7383.0,0.0,0.1826457977294922,0.15079879760742188,2.1457672119140625e-06,0.0013899803161621094,0.0,969,[0],phase_b_disabled,
Basketball_temporal/2014,Basketball_coarse,P0,712779aad638f619,1787631111.8131301,complete,351,4196,0.03415547415547415,60897.0,1471,12221.0,1471,12221.0,0.2006831206791796,0,0,0,0.0,0.12678785490254035,0.49989785637465345,7721.0,0.0,0.20295500755310059,0.16997122764587402,1.6689300537109375e-06,0.0014002323150634766,0.0,1019,[0],phase_b_disabled,
Basketball_temporal/1993,Basketball_coarse,P0,712779aad638f619,1787631112.023357,complete,298,3088,0.03489028992384697,48535.0,1095,8984.0,1095,8984.0,0.1851035335325023,0,0,0,0.0,0.12489955702070671,0.4807220558033008,6062.0,0.0,0.12548828125,0.10008883476257324,1.1920928955078125e-06,0.0010273456573486328,0.0,795,[0],phase_b_disabled,
Basketball_temporal/finer1985,Basketball_finer,P0,712779aad638f619,1787631112.156005,complete,282,4814,0.06075061204916585,518633.4,4254,457197.19999999995,4254,457197.19999999995,0.8815421451838619,0,0,0,0.0,0.4801979587122619,0.16460985124327354,249046.7,0.0,0.19683122634887695,0.16043424606323242,1.6689300537109375e-06,0.00035953521728515625,0.0,4244,[0],phase_b_disabled,
Basketball_temporal/finer1988,Basketball_finer,P0,712779aad638f619,1787631112.3599756,complete,290,5170,0.06168714950483236,584038.0,4564,513545.10000000003,4564,513545.10000000003,0.8793008331649653,0,0,0,0.0,0.4782642567778124,0.16171459599363527,279324.5,0.0,0.21072101593017578,0.17183852195739746,1.1920928955078125e-06,0.00038242340087890625,0.0,4554,[0],phase_b_disabled,
Basketball_temporal/finer1991,Basketball_finer,P0,712779aad638f619,1787631112.5777888,complete,295,5420,0.062492793727660555,630782.6,4751,549105.5,4751,549105.5,0.8705146590917379,0,0,0,0.0,0.47755962196801244,0.1628823225125111,301236.3,0.0,0.236983060836792,0.1963043212890625,1.430511474609375e-06,0.0004134178161621094,0.0,4743,[0],phase_b_disabled,
Basketball_temporal/finer1994,Basketball_finer,P0,712779aad638f619,1787631112.8220358,complete,301,5252,0.058161683277962346,608682.0,4644,537429.2,4644,537429.2,0.882939203064983,0,0,0,0.0,0.47812979519683513,0.16741347189018663,291029.0,0.0,0.22288298606872559,0.1826620101928711,1.430511474609375e-06,0.0003871917724609375,0.0,4634,[0],phase_b_disabled,
Basketball_temporal/finer1997,Basketball_finer,P0,712779aad638f619,1787631113.0521731,complete,305,5628,0.06069887834339948,582710.0,4983,514409.30000000005,4983,514409.30000000005,0.8827878361449092,0,0,0,0.0,0.47841035849736574,0.163471621573517,278774.5,0.0,0.24130892753601074,0.199049711227417,1.430511474609375e-06,0.0004050731658935547,0.0,4975,[0],phase_b_disabled,
Basketball_temporal/finer2000,Basketball_finer,P0,712779aad638f619,1787631113.3007293,complete,318,6274,0.06223835882784755,634382.8,5565,559347.3,5565,559347.3,0.8817188927568654,0,0,0,0.0,0.4770461935601028,0.15983473550297636,302629.9,0.0,0.3033103942871094,0.25681638717651367,1.6689300537109375e-06,0.0004425048828125,0.0,5563,[0],phase_b_disabled,
Basketball_temporal/finer2003,Basketball_finer,P0,712779aad638f619,1787631113.61124,complete,327,6356,0.05962364683589426,645095.2,5635,569329.5,5635,569329.5,0.8825511335381198,0,0,0,0.0,0.4783814853993643,0.16151201074932892,308601.6,0.0,0.3020470142364502,0.2546858787536621,1.6689300537109375e-06,0.0004508495330810547,0.0,5628,[0],phase_b_disabled,
Basketball_temporal/finer2006,Basketball_finer,P0,712779aad638f619,1787631113.9205923,complete,334,6680,0.06006006006006006,653869.4,5926,578052.6000000001,5926,578052.6000000001,0.8840490165161423,0,0,0,0.0,0.4785369983669522,0.15289276923867193,312900.7,0.0,0.31862783432006836,0.26900553703308105,1.6689300537109375e-06,0.00047206878662109375,0.0,5915,[0],phase_b_disabled,
Basketball_temporal/finer2009,Basketball_finer,P0,712779aad638f619,1787631114.254925,complete,347,7478,0.06228448634871983,714987.7999999999,6668,634827.5,6668,634827.5,0.887885779309801,0,0,0,0.0,0.4779240988447635,0.16364641567164026,341709.89999999997,0.0,0.3493311405181885,0.29453253746032715,1.6689300537109375e-06,0.0004966259002685547,0.0,6663,[0],phase_b_disabled,
Basketball_temporal/finer2012,Basketball_finer,P0,712779aad638f619,1787631114.6116202,complete,345,7580,0.06386922817660937,709133.5999999999,6744,629334.9,6744,629334.9,0.8874701466691187,0,0,0,0.0,0.4764550713716006,0.15850561348368847,337870.3,0.0,0.3721127510070801,0.3165450096130371,1.6689300537109375e-06,0.0005118846893310547,0.0,6737,[0],phase_b_disabled,
Football_data_England_Premier_League/England_2009_2010,Football_coarse,P0,712779aad638f619,1787631114.9911182,complete,20,215,0.5657894736842105,559.0,100,162.0,100,162.0,0.2898032200357782,0,0,0,0.0,0.15384615384615385,0.4166048353372061,86.0,0.0,0.0033698081970214844,0.0008976459503173828,7.152557373046875e-07,7.224082946777344e-05,0.0,45,[0],phase_b_disabled,
Football_data_England_Premier_League/England_2010_2011,Football_coarse,P0,712779aad638f619,1787631115.0063713,complete,20,219,0.5763157894736842,485.0,125,221.0,125,221.0,0.4556701030927835,0,0,0,0.0,0.27628865979381445,0.6199562495869084,134.0,0.0,0.003487110137939453,0.0011966228485107422,7.152557373046875e-07,6.198883056640625e-05,0.0,65,[0],phase_b_disabled,
Football_data_England_Premier_League/England_2011_2012,Football_coarse,P0,712779aad638f619,1787631115.0167544,complete,20,226,0.5947368421052631,548.0,110,189.0,110,189.0,0.3448905109489051,0,0,0,0.0,0.2062043795620438,0.5001531258263577,113.0,0.0,0.0035669803619384766,0.0011785030364990234,7.152557373046875e-07,7.05718994140625e-05,0.0,59,[0],phase_b_disabled,
Football_data_England_Premier_League/finerEngland_2009_2010,Football_finer,P0,712779aad638f619,1787631115.0271566,complete,20,380,1.0,1129.0,282,679.3999999999999,282,679.3999999999999,0.6017714791851194,0,0,0,0.0,0.35518157661647465,0.20377455015345627,400.9999999999999,0.0,0.008198976516723633,0.004748821258544922,7.152557373046875e-07,6.461143493652344e-05,0.0,268,[0],phase_b_disabled,
Football_data_England_Premier_League/finerEngland_2010_2011,Football_finer,P0,712779aad638f619,1787631115.0421736,complete,20,380,1.0,1139.0,298,810.5999999999999,298,810.5999999999999,0.711676909569798,0,0,0,0.0,0.40913081650570665,0.2561041397723342,465.9999999999999,0.0,0.008697271347045898,0.005261421203613281,9.5367431640625e-07,5.650520324707031e-05,0.0,281,[0],phase_b_disabled,
Football_data_England_Premier_League/finerEngland_2011_2012,Football_finer,P0,712779aad638f619,1787631115.0577428,complete,20,380,1.0,1142.0,292,750.3999999999999,292,750.3999999999999,0.6570928196147109,0,0,0,0.0,0.37828371278458833,0.24508301398983168,431.9999999999999,0.0,0.008799076080322266,0.00529789924621582,7.152557373046875e-07,6.008148193359375e-05,0.0,273,[0],phase_b_disabled,
FacultyHiringNetworks/Business/Business_FM_Full_,Faculty,P0,712779aad638f619,1787631115.0733712,complete,113,1787,0.14119785082174463,3255.0,308,428.0,308,428.0,0.1314900153609831,0,0,0,0.0,0.06359447004608294,0.4856897958502882,207.0,0.0,0.01792740821838379,0.0031669139862060547,1.430511474609375e-06,0.0007288455963134766,0.0,68,[0],phase_b_disabled,
FacultyHiringNetworks/History/History_FM_Full_,Faculty,P0,712779aad638f619,1787631115.098211,complete,145,1204,0.057662835249042144,1776.0,144,162.0,144,162.0,0.09121621621621621,0,0,0,0.0,0.04448198198198198,0.5187581158908041,79.0,0.0,0.012459039688110352,0.0011510848999023438,9.5367431640625e-07,0.0005359649658203125,0.0,26,[0],phase_b_disabled,
FacultyHiringNetworks/ComputerScience/ComputerScience_FM_Full_,Faculty,P0,712779aad638f619,1787631115.1175468,complete,206,1407,0.033317546767700684,1957.0,176,219.0,176,219.0,0.11190597853857946,0,0,0,0.0,0.05314256515074093,0.5606431279758989,104.0,0.0,0.015265941619873047,0.0019292831420898438,1.1920928955078125e-06,0.0006375312805175781,0.0,27,[0],phase_b_disabled,
Dryad_animal_society,Animal,P0,712779aad638f619,1787631115.1397154,complete,21,193,0.4595238095238095,939.0,60,133.0,60,133.0,0.14164004259850904,0,0,0,0.0,0.09158679446219382,0.4506010196832501,86.0,0.0,0.0029325485229492188,0.0007567405700683594,7.152557373046875e-07,7.939338684082031e-05,0.0,37,[0],phase_b_disabled,
Halo2BetaData,Halo,P0,712779aad638f619,1787631115.1495507,complete,602,5010,0.013847352972067595,23953.0,1952,6845.0,1952,6845.0,0.2857679622594247,0,0,0,0.0,0.17738905549049377,0.6900320582144942,4249.0,0.0,0.11675739288330078,0.08346676826477051,1.9073486328125e-06,0.0016121864318847656,0.0,690,[0],phase_b_disabled,
Basketball_temporal/1985,Basketball_coarse,P1,712779aad638f619,1787631115.2736712,complete,282,2904,0.03664723252820474,40493.0,1074,4818.0,769,4818.0,0.11898352801718816,305,0,0,0.0,0.11804509421381473,0.4582466660703773,4780.0,0.013881527472804826,0.18970203399658203,0.08155560493469238,0.0015282630920410156,0.0010771751403808594,0.0,758,[305],max_passes,
Basketball_temporal/1988,Basketball_coarse,P1,712779aad638f619,1787631115.4706926,complete,290,3099,0.03697649445173607,47701.0,1155,5848.0,811,5848.0,0.12259701054485231,344,0,0,0.0,0.12138110312152785,0.48718265349279727,5790.0,0.01713399355685479,0.19332170486450195,0.08258914947509766,0.0016145706176757812,0.0011448860168457031,0.0,821,[344],max_passes,
Basketball_temporal/1991,Basketball_coarse,P1,712779aad638f619,1787631115.6711216,complete,295,3218,0.03710365502133057,52133.0,1160,6175.0,815,6175.0,0.11844704889417451,345,0,0,0.0,0.11775650739454856,0.4592160022562384,6139.0,0.012152657673238787,0.2918057441711426,0.13155889511108398,0.0016887187957763672,0.0012013912200927734,0.0,875,[345],max_passes,
Basketball_temporal/1994,Basketball_coarse,P1,712779aad638f619,1787631115.9702518,complete,301,3144,0.03481727574750831,51068.0,1099,6210.0,788,6210.0,0.12160256912352158,311,0,0,0.0,0.12083888149134488,0.468264659877087,6171.0,0.009789590254706534,0.23019623756408691,0.1006927490234375,0.0016696453094482422,0.0011887550354003906,0.0,849,[311],max_passes,
Basketball_temporal/1997,Basketball_coarse,P1,712779aad638f619,1787631116.2079837,complete,305,3333,0.035946937014667814,52037.0,1232,7074.0,862,7074.0,0.13594173376635854,370,0,0,0.0,0.13328977458346947,0.48470389106751016,6936.0,0.018334771354616048,0.30238819122314453,0.1366581916809082,0.0017478466033935547,0.0012581348419189453,0.0,948,[370],max_passes,
Basketball_temporal/2000,Basketball_coarse,P1,712779aad638f619,1787631116.517868,complete,318,3475,0.03447215443525187,55092.0,1189,6449.0,820,6449.0,0.11705873811079649,369,0,0,0.0,0.11607855950047194,0.5063679920409568,6395.0,0.011824692974624526,0.29020261764526367,0.1298360824584961,0.001840829849243164,0.0013315677642822266,0.0,888,[369],max_passes,
Basketball_temporal/2003,Basketball_coarse,P1,712779aad638f619,1787631116.8155677,complete,327,3560,0.03339524586780736,54489.0,1297,7061.0,872,7061.0,0.12958578795720238,425,0,0,0.0,0.12813595404577072,0.5105120022841021,6982.0,0.014615110410686478,0.2692530155181885,0.11924242973327637,0.0018780231475830078,0.0013599395751953125,0.0,919,[425],max_passes,
Basketball_temporal/2006,Basketball_coarse,P1,712779aad638f619,1787631117.0923162,complete,334,3695,0.03322184459909011,55402.0,1312,7494.0,881,7494.0,0.13526587487816324,431,0,0,0.0,0.13420093137431863,0.5144940702677105,7435.0,0.018359677042311773,0.3193690776824951,0.14348864555358887,0.0019500255584716797,0.0014183521270751953,0.0,942,[431],max_passes,
Basketball_temporal/2009,Basketball_coarse,P1,712779aad638f619,1787631117.4191785,complete,347,4155,0.034607119654844996,61946.0,1424,7724.0,994,7724.0,0.1246892454718626,430,0,0,0.0,0.12202563523068478,0.48594513460535377,7559.0,0.02145558128300378,0.4072108268737793,0.18555212020874023,0.0021915435791015625,0.001581430435180664,0.0,1039,[430],max_passes,
Basketball_temporal/2012,Basketball_coarse,P1,712779aad638f619,1787631117.8339813,complete,345,4126,0.034765756656555444,61534.0,1389,7383.0,934,7383.0,0.11998244872753275,455,0,0,0.0,0.11861734975785744,0.47835513955562187,7299.0,0.010246039770812268,0.3369324207305908,0.15041184425354004,0.002182483673095703,0.0015850067138671875,0.0,969,[455],max_passes,
Basketball_temporal/2014,Basketball_coarse,P1,712779aad638f619,1787631118.1785345,complete,351,4196,0.03415547415547415,60897.0,1471,7721.0,988,7721.0,0.12678785490254035,483,0,0,0.0,0.12558910947994154,0.4965146495542469,7648.0,0.01137973137973138,0.3776876926422119,0.17032837867736816,0.0022318363189697266,0.0016095638275146484,0.0,1019,[483],max_passes,
Basketball_temporal/1993,Basketball_coarse,P1,712779aad638f619,1787631118.56376,complete,298,3088,0.03489028992384697,48535.0,1095,6062.0,796,6062.0,0.12489955702070671,299,0,0,0.0,0.12376635417739776,0.481024305589362,6007.0,0.019456308046912073,0.228363037109375,0.10019469261169434,0.0016200542449951172,0.00115203857421875,0.0,795,[299],max_passes,
Basketball_temporal/finer1985,Basketball_finer,P1,712779aad638f619,1787631118.799644,complete,282,4814,0.06075061204916585,518633.4,4254,249046.7,2407,249046.7,0.4801979587122619,1847,0,0,0.0,0.4801979587122619,0.16461180075190315,249046.7,0.05449130511597385,0.3609929084777832,0.16067910194396973,0.0019385814666748047,0.001207590103149414,0.0,4244,[1847],max_passes,
Basketball_temporal/finer1988,Basketball_finer,P1,712779aad638f619,1787631119.1681569,complete,290,5170,0.06168714950483236,584038.0,4564,279324.5,2585,279324.5,0.4782642567778124,1979,0,0,0.0,0.4782642567778124,0.16392431426369763,279324.5,0.050017897625581675,0.38547825813293457,0.17164850234985352,0.002080678939819336,0.0012905597686767578,0.0,4554,[1979],max_passes,
Basketball_temporal/finer1991,Basketball_finer,P1,712779aad638f619,1787631119.5693069,complete,295,5420,0.062492793727660555,630782.6,4751,301236.3,2710,301236.3,0.47755962196801244,2041,0,0,0.0,0.47755962196801244,0.16742932942184155,301236.3,0.05693531649948115,0.43674516677856445,0.19624042510986328,0.0021915435791015625,0.0013363361358642578,0.0,4743,[2041],max_passes,
Basketball_temporal/finer1994,Basketball_finer,P1,712779aad638f619,1787631120.0136387,complete,301,5252,0.058161683277962346,608682.0,4644,291029.0,2626,291029.0,0.47812979519683513,2018,0,0,0.0,0.47812979519683513,0.16609559542156405,291029.0,0.07572535991140643,0.41629552841186523,0.1887829303741455,0.0021288394927978516,0.0013310909271240234,0.0,4634,[2018],max_passes,
Basketball_temporal/finer1997,Basketball_finer,P1,712779aad638f619,1787631120.4376757,complete,305,5628,0.06069887834339948,582710.0,4983,278774.5,2814,278774.5,0.47841035849736574,2169,0,0,0.0,0.47841035849736574,0.16623644036943286,278774.5,0.05597497842968076,0.4434654712677002,0.1984879970550537,0.002273082733154297,0.0013926029205322266,0.0,4975,[2169],max_passes,
Basketball_temporal/finer2000,Basketball_finer,P1,712779aad638f619,1787631120.8889146,complete,318,6274,0.06223835882784755,634382.8,5565,302629.9,3137,302629.9,0.4770461935601028,2428,0,0,0.0,0.4770461935601028,0.1658962276484227,302629.9,0.05297303731920719,0.56502366065979,0.2568509578704834,0.002496957778930664,0.0015459060668945312,0.0,5563,[2428],max_passes,
Basketball_temporal/finer2003,Basketball_finer,P1,712779aad638f619,1787631121.4615588,complete,327,6356,0.05962364683589426,645095.2,5635,308601.6,3178,308601.6,0.4783814853993643,2457,0,0,0.0,0.4783814853993643,0.16127509023381226,308601.6,0.03367666647905292,0.5613832473754883,0.25486040115356445,0.0025479793548583984,0.001592874526977539,0.0,5628,[2457],max_passes,
Basketball_temporal/finer2006,Basketball_finer,P1,712779aad638f619,1787631122.0306127,complete,334,6680,0.06006006006006006,653869.4,5926,312900.7,3340,312900.7,0.4785369983669522,2586,0,0,0.0,0.4785369983669522,0.15287173218768743,312900.7,0.05135674596752441,0.5936768054962158,0.2702775001525879,0.0026857852935791016,0.001672506332397461,0.0,5915,[2586],max_passes,
Basketball_temporal/finer2009,Basketball_finer,P1,712779aad638f619,1787631122.632044,complete,347,7478,0.06228448634871983,714987.7999999999,6668,341709.89999999997,3739,341709.89999999997,0.4779240988447635,2929,0,0,0.0,0.4779240988447635,0.16624421574579704,341709.89999999997,0.04985757358698006,0.6467270851135254,0.2933995723724365,0.0030138492584228516,0.0018744468688964844,0.0,6663,[2929],max_passes,
Basketball_temporal/finer2012,Basketball_finer,P1,712779aad638f619,1787631123.2864301,complete,345,7580,0.06386922817660937,709133.5999999999,6744,337870.3,3790,337870.3,0.4764550713716006,2954,0,0,0.0,0.4764550713716006,0.1588574049943162,337870.3,0.053842264914054604,0.6925506591796875,0.315598726272583,0.003025054931640625,0.0018792152404785156,0.0,6737,[2954],max_passes,
Football_data_England_Premier_League/England_2009_2010,Football_coarse,P1,712779aad638f619,1787631123.9866269,complete,20,215,0.5657894736842105,559.0,100,86.0,58,86.0,0.15384615384615385,42,0,0,0.0,0.15384615384615385,0.4166048353372061,86.0,0.0,0.004462242126464844,0.0009083747863769531,0.0001232624053955078,8.511543273925781e-05,0.0,45,[42],max_passes,
Football_data_England_Premier_League/England_2010_2011,Football_coarse,P1,712779aad638f619,1787631124.0022461,complete,20,219,0.5763157894736842,485.0,125,134.0,79,134.0,0.27628865979381445,46,0,0,0.0,0.2556701030927835,0.6222287278580534,124.0,0.021052631578947368,0.004839658737182617,0.001184225082397461,0.00011491775512695312,7.677078247070312e-05,0.0,65,[46],max_passes,
Football_data_England_Premier_League/England_2011_2012,Football_coarse,P1,712779aad638f619,1787631124.0141826,complete,20,226,0.5947368421052631,548.0,110,113.0,73,113.0,0.2062043795620438,37,0,0,0.0,0.2062043795620438,0.5001531258263577,113.0,0.0,0.004908084869384766,0.001169443130493164,0.00012421607971191406,8.273124694824219e-05,0.0,59,[37],max_passes,
Football_data_England_Premier_League/finerEngland_2009_2010,Football_finer,P1,712779aad638f619,1787631124.0261557,complete,20,380,1.0,1129.0,282,400.9999999999999,190,400.9999999999999,0.35518157661647465,92,0,0,0.0,0.35518157661647465,0.20377455015345627,400.9999999999999,0.0,0.01328897476196289,0.0047986507415771484,0.00016951560974121094,0.00010037422180175781,0.0,268,[92],max_passes,
Football_data_England_Premier_League/finerEngland_2010_2011,Football_finer,P1,712779aad638f619,1787631124.0465107,complete,20,380,1.0,1139.0,298,465.9999999999999,190,465.9999999999999,0.40913081650570665,108,0,0,0.0,0.40913081650570665,0.2561041397723342,465.9999999999999,0.0,0.014254093170166016,0.0052721500396728516,0.0001671314239501953,0.00010037422180175781,0.0,281,[108],max_passes,
Football_data_England_Premier_League/finerEngland_2011_2012,Football_finer,P1,712779aad638f619,1787631124.0679796,complete,20,380,1.0,1142.0,292,431.9999999999999,190,431.9999999999999,0.37828371278458833,102,0,0,0.0,0.37828371278458833,0.24508301398983168,431.9999999999999,0.0,0.01455378532409668,0.0053157806396484375,0.00019812583923339844,0.00010156631469726562,0.0,273,[102],max_passes,
FacultyHiringNetworks/Business/Business_FM_Full_,Faculty,P1,712779aad638f619,1787631124.090052,complete,113,1787,0.14119785082174463,3255.0,308,207.0,166,207.0,0.06359447004608294,142,0,0,0.0,0.061136712749615976,0.4873863570574262,199.0,0.03065739570164349,0.022960424423217773,0.003160715103149414,0.0009765625,0.0007882118225097656,0.0,68,[142],max_passes,
FacultyHiringNetworks/History/History_FM_Full_,Faculty,P1,712779aad638f619,1787631124.1203177,complete,145,1204,0.057662835249042144,1776.0,144,79.0,71,79.0,0.04448198198198198,73,0,0,0.0,0.04335585585585586,0.5195471820886194,77.0,0.01053639846743295,0.014790058135986328,0.0011568069458007812,0.0006937980651855469,0.0005662441253662109,0.0,26,[73],max_passes,
FacultyHiringNetworks/ComputerScience/ComputerScience_FM_Full_,Faculty,P1,712779aad638f619,1787631124.142226,complete,206,1407,0.033317546767700684,1957.0,176,104.0,88,104.0,0.05314256515074093,88,0,0,0.0,0.0516096065406234,0.5617271758465991,101.0,0.0049727681742836845,0.018612146377563477,0.0018913745880126953,0.0008058547973632812,0.0006687641143798828,0.0,27,[88],max_passes,
Dryad_animal_society,Animal,P1,712779aad638f619,1787631124.1679637,complete,21,193,0.4595238095238095,939.0,60,86.0,43,86.0,0.09158679446219382,17,0,0,0.0,0.08945686900958466,0.4437286976166951,84.0,0.004761904761904762,0.0038585662841796875,0.0007717609405517578,0.0001163482666015625,8.225440979003906e-05,0.0,37,[17],max_passes,
Halo2BetaData,Halo,P1,712779aad638f619,1787631124.1789384,complete,602,5010,0.013847352972067595,23953.0,1952,4249.0,1227,4249.0,0.17738905356322798,725,0,0,0.0,0.17513464391231537,0.6903414793592408,4195.0,0.01283022205515724,0.20453858375549316,0.0833282470703125,0.0026242733001708984,0.0019450187683105469,0.0,690,[725],max_passes,
Basketball_temporal/1985,Basketball_coarse,P2,712779aad638f619,1787631124.3910913,complete,282,2904,0.03664723252820474,40493.0,1074,4780.0,762,4780.0,0.11804509421381473,312,0,0,0.0,0.11804509421381473,0.45794183965857993,4780.0,0.015370636783523888,0.19122004508972168,0.08159971237182617,0.0029845237731933594,0.0010738372802734375,0.0,758,"[305, 7]",max_passes,
Basketball_temporal/1988,Basketball_coarse,P2,712779aad638f619,1787631124.5981567,complete,290,3099,0.03697649445173607,47701.0,1155,5790.0,804,5790.0,0.12138110312152785,351,0,0,0.0,0.12123435567388524,0.4868378873048542,5783.0,0.018661257606490872,0.1949305534362793,0.08245563507080078,0.003168821334838867,0.0011477470397949219,0.0,821,"[344, 7]",max_passes,
Basketball_temporal/1991,Basketball_coarse,P2,712779aad638f619,1787631124.8006663,complete,295,3218,0.03710365502133057,52133.0,1160,6139.0,810,6139.0,0.11775650739454856,350,0,0,0.0,0.11775650739454856,0.4590799850273461,6139.0,0.012729159460394327,0.2932004928588867,0.13139820098876953,0.0033254623413085938,0.0012078285217285156,0.0,875,"[345, 5]",max_passes,
Basketball_temporal/1994,Basketball_coarse,P2,712779aad638f619,1787631125.10176,complete,301,3144,0.03481727574750831,51068.0,1099,6171.0,786,6171.0,0.12083888149134488,313,0,0,0.0,0.12083888149134488,0.4685511790337731,6171.0,0.010143964562569214,0.23122072219848633,0.10031008720397949,0.0032558441162109375,0.0011763572692871094,0.0,849,"[311, 2]",max_passes,
Basketball_temporal/1997,Basketball_coarse,P2,712779aad638f619,1787631125.3406599,complete,305,3333,0.035946937014667814,52037.0,1232,6936.0,849,6936.0,0.13328977458346947,383,0,0,0.0,0.13300151815054673,0.48434971773630386,6921.0,0.019089732528041414,0.3038918972015381,0.136338472366333,0.003443479537963867,0.001253366470336914,0.0,948,"[370, 13]",max_passes,
Basketball_temporal/2000,Basketball_coarse,P2,712779aad638f619,1787631125.6522505,complete,318,3475,0.03447215443525187,55092.0,1189,6395.0,813,6395.0,0.11607855950047194,376,0,0,0.0,0.11584259057576418,0.5058367696000226,6382.0,0.014562625240561077,0.291670560836792,0.1295766830444336,0.003648996353149414,0.0013301372528076172,0.0,888,"[369, 7]",max_passes,
Basketball_temporal/2003,Basketball_coarse,P2,712779aad638f619,1787631125.9517894,complete,327,3560,0.03339524586780736,54489.0,1297,6982.0,863,6982.0,0.12813595404577072,434,0,0,0.0,0.1280625447337995,0.512119660330504,6978.0,0.019174124312864676,0.2715282440185547,0.11959099769592285,0.003683805465698242,0.0013577938079833984,0.0,919,"[425, 9]",max_passes,
Basketball_temporal/2006,Basketball_coarse,P2,712779aad638f619,1787631126.231204,complete,334,3695,0.03322184459909011,55402.0,1312,7435.0,874,7435.0,0.13420093137431863,438,0,0,0.0,0.1340926320349446,0.5145208333076121,7429.0,0.01929474384564205,0.3213071823120117,0.14363837242126465,0.0038480758666992188,0.0014116764068603516,0.0,942,"[431, 7]",max_passes,
Basketball_temporal/2009,Basketball_coarse,P2,712779aad638f619,1787631126.560219,complete,347,4155,0.034607119654844996,61946.0,1424,7559.0,978,7559.0,0.12202563523068478,446,0,0,0.0,0.12197720595357246,0.48335921898911416,7556.0,0.02237177458313205,0.4088923931121826,0.1854996681213379,0.00435185432434082,0.0015957355499267578,0.0,1039,"[430, 16]",max_passes,
Basketball_temporal/2012,Basketball_coarse,P2,712779aad638f619,1787631126.9769719,complete,345,4126,0.034765756656555444,61534.0,1389,7299.0,927,7299.0,0.11861734975785744,462,0,0,0.0,0.11827607501543862,0.47775856822884977,7278.0,0.010701044826423997,0.3388633728027344,0.15044307708740234,0.004312992095947266,0.0016071796417236328,0.0,969,"[455, 7]",max_passes,
Basketball_temporal/2014,Basketball_coarse,P2,712779aad638f619,1787631127.3236763,complete,351,4196,0.03415547415547415,60897.0,1471,7648.0,979,7648.0,0.12558910947994154,492,0,0,0.0,0.12558910947994154,0.4955068737382105,7648.0,0.012942612942612943,0.3788609504699707,0.17000508308410645,0.004376411437988281,0.001604318618774414,0.0,1019,"[483, 9]",max_passes,
Basketball_temporal/1993,Basketball_coarse,P2,712779aad638f619,1787631127.7103622,complete,298,3088,0.03489028992384697,48535.0,1095,6007.0,790,6007.0,0.12376635417739776,305,0,0,0.0,0.12376635417739776,0.48152638155633837,6007.0,0.019411113370844914,0.22956633567810059,0.09998440742492676,0.003190279006958008,0.0011475086212158203,0.0,795,"[299, 6]",max_passes,
Basketball_temporal/finer1985,Basketball_finer,P2,712779aad638f619,1787631127.947537,complete,282,4814,0.06075061204916585,518633.4,4254,249046.7,2407,249046.7,0.4801979587122619,1847,0,0,0.0,0.4801979587122619,0.16461180075190315,249046.7,0.05449130511597385,0.36261749267578125,0.16073107719421387,0.004079103469848633,0.001195669174194336,0.0,4244,"[1847, 0]",no_change,
Basketball_temporal/finer1988,Basketball_finer,P2,712779aad638f619,1787631128.3180687,complete,290,5170,0.06168714950483236,584038.0,4564,279324.5,2585,279324.5,0.4782642567778124,1979,0,0,0.0,0.4782642567778124,0.16392431426369763,279324.5,0.050017897625581675,0.3869132995605469,0.17133688926696777,0.0043430328369140625,0.0012896060943603516,0.0,4554,"[1979, 0]",no_change,
Basketball_temporal/finer1991,Basketball_finer,P2,712779aad638f619,1787631128.7131107,complete,295,5420,0.062492793727660555,630782.6,4751,301236.3,2710,301236.3,0.47755962196801244,2041,0,0,0.0,0.47755962196801244,0.16742932942184155,301236.3,0.05693531649948115,0.4388916492462158,0.19617128372192383,0.004584312438964844,0.0013430118560791016,0.0,4743,"[2041, 0]",no_change,
Basketball_temporal/finer1994,Basketball_finer,P2,712779aad638f619,1787631129.159808,complete,301,5252,0.058161683277962346,608682.0,4644,291029.0,2626,291029.0,0.47812979519683513,2018,0,0,0.0,0.47812979519683513,0.16609559542156405,291029.0,0.07572535991140643,0.4111783504486084,0.1826186180114746,0.004429817199707031,0.0012946128845214844,0.0,4634,"[2018, 0]",no_change,
Basketball_temporal/finer1997,Basketball_finer,P2,712779aad638f619,1787631129.5789359,complete,305,5628,0.06069887834339948,582710.0,4983,278774.5,2814,278774.5,0.47841035849736574,2169,0,0,0.0,0.47841035849736574,0.16623644036943286,278774.5,0.05597497842968076,0.4459052085876465,0.19872045516967773,0.0047607421875,0.0014421939849853516,0.0,4975,"[2169, 0]",no_change,
Basketball_temporal/finer2000,Basketball_finer,P2,712779aad638f619,1787631130.0328596,complete,318,6274,0.06223835882784755,634382.8,5565,302629.9,3137,302629.9,0.4770461935601028,2428,0,0,0.0,0.4770461935601028,0.1658962276484227,302629.9,0.05297303731920719,0.5684459209442139,0.2583348751068115,0.0052852630615234375,0.0015606880187988281,0.0,5563,"[2428, 0]",no_change,
Basketball_temporal/finer2003,Basketball_finer,P2,712779aad638f619,1787631130.609265,complete,327,6356,0.05962364683589426,645095.2,5635,308601.6,3178,308601.6,0.4783814853993643,2457,0,0,0.0,0.4783814853993643,0.16127509023381226,308601.6,0.03367666647905292,0.5632243156433105,0.25473761558532715,0.005400180816650391,0.0015709400177001953,0.0,5628,"[2457, 0]",no_change,
Basketball_temporal/finer2006,Basketball_finer,P2,712779aad638f619,1787631131.1804051,complete,334,6680,0.06006006006006006,653869.4,5926,312900.7,3340,312900.7,0.4785369983669522,2586,0,0,0.0,0.4785369983669522,0.15287173218768743,312900.7,0.05135674596752441,0.594419002532959,0.26853322982788086,0.0056116580963134766,0.0016722679138183594,0.0,5915,"[2586, 0]",no_change,
Basketball_temporal/finer2009,Basketball_finer,P2,712779aad638f619,1787631131.7828255,complete,347,7478,0.06228448634871983,714987.7999999999,6668,341709.89999999997,3739,341709.89999999997,0.4779240988447635,2929,0,0,0.0,0.4779240988447635,0.16624421574579704,341709.89999999997,0.04985757358698006,0.6505064964294434,0.29352855682373047,0.006299495697021484,0.0018551349639892578,0.0,6663,"[2929, 0]",no_change,
Basketball_temporal/finer2012,Basketball_finer,P2,712779aad638f619,1787631132.4413345,complete,345,7580,0.06386922817660937,709133.5999999999,6744,337870.3,3790,337870.3,0.4764550713716006,2954,0,0,0.0,0.4764550713716006,0.1588574049943162,337870.3,0.053842264914054604,0.6953427791595459,0.3156867027282715,0.006325244903564453,0.0018689632415771484,0.0,6737,"[2954, 0]",no_change,
Football_data_England_Premier_League/England_2009_2010,Football_coarse,P2,712779aad638f619,1787631133.1446629,complete,20,215,0.5657894736842105,559.0,100,86.0,58,86.0,0.15384615384615385,42,0,0,0.0,0.15384615384615385,0.4166048353372061,86.0,0.0,0.00457763671875,0.0008578300476074219,0.00023245811462402344,8.440017700195312e-05,0.0,45,"[42, 0]",no_change,
Football_data_England_Premier_League/England_2010_2011,Football_coarse,P2,712779aad638f619,1787631133.1606262,complete,20,219,0.5763157894736842,485.0,125,124.0,75,124.0,0.2556701030927835,50,0,0,0.0,0.2515463917525773,0.62088994190807,122.0,0.02631578947368421,0.004980564117431641,0.0011937618255615234,0.000225067138671875,7.796287536621094e-05,0.0,65,"[46, 4]",max_passes,
Football_data_England_Premier_League/England_2011_2012,Football_coarse,P2,712779aad638f619,1787631133.173057,complete,20,226,0.5947368421052631,548.0,110,113.0,73,113.0,0.2062043795620438,37,0,0,0.0,0.2062043795620438,0.5001531258263577,113.0,0.0,0.005050182342529297,0.0011742115020751953,0.00023603439331054688,8.177757263183594e-05,0.0,59,"[37, 0]",no_change,
Football_data_England_Premier_League/finerEngland_2009_2010,Football_finer,P2,712779aad638f619,1787631133.1855307,complete,20,380,1.0,1129.0,282,400.9999999999999,190,400.9999999999999,0.35518157661647465,92,0,0,0.0,0.35518157661647465,0.20377455015345627,400.9999999999999,0.0,0.01348114013671875,0.0047740936279296875,0.00033593177795410156,9.965896606445312e-05,0.0,268,"[92, 0]",no_change,
Football_data_England_Premier_League/finerEngland_2010_2011,Football_finer,P2,712779aad638f619,1787631133.206437,complete,20,380,1.0,1139.0,298,465.9999999999999,190,465.9999999999999,0.40913081650570665,108,0,0,0.0,0.40913081650570665,0.2561041397723342,465.9999999999999,0.0,0.014505386352539062,0.005280256271362305,0.0003330707550048828,9.918212890625e-05,0.0,281,"[108, 0]",no_change,
Football_data_England_Premier_League/finerEngland_2011_2012,Football_finer,P2,712779aad638f619,1787631133.2284882,complete,20,380,1.0,1142.0,292,431.9999999999999,190,431.9999999999999,0.37828371278458833,102,0,0,0.0,0.37828371278458833,0.24508301398983168,431.9999999999999,0.0,0.014611244201660156,0.005354881286621094,0.00033664703369140625,0.00010013580322265625,0.0,273,"[102, 0]",no_change,
FacultyHiringNetworks/Business/Business_FM_Full_,Faculty,P2,712779aad638f619,1787631133.2505739,complete,113,1787,0.14119785082174463,3255.0,308,199.0,159,199.0,0.061136712749615976,149,0,0,0.0,0.061136712749615976,0.4874870590934423,199.0,0.033343868520859674,0.023755311965942383,0.0031447410583496094,0.0019354820251464844,0.0007815361022949219,0.0,68,"[142, 7]",max_passes,
FacultyHiringNetworks/History/History_FM_Full_,Faculty,P2,712779aad638f619,1787631133.2816918,complete,145,1204,0.057662835249042144,1776.0,144,77.0,69,77.0,0.04335585585585586,75,0,0,0.0,0.04335585585585586,0.5202925724461757,77.0,0.011206896551724138,0.015542268753051758,0.0011510848999023438,0.0013623237609863281,0.0005590915679931641,0.0,26,"[73, 2]",max_passes,
FacultyHiringNetworks/ComputerScience/ComputerScience_FM_Full_,Faculty,P2,712779aad638f619,1787631133.304643,complete,206,1407,0.033317546767700684,1957.0,176,101.0,85,101.0,0.0516096065406234,91,0,0,0.0,0.05058763413387839,0.5621516532688475,99.0,0.006109400899834241,0.01928257942199707,0.0018870830535888672,0.0016009807586669922,0.0006618499755859375,0.0,27,"[88, 3]",max_passes,
Dryad_animal_society,Animal,P2,712779aad638f619,1787631133.3313823,complete,21,193,0.4595238095238095,939.0,60,84.0,42,84.0,0.08945686900958466,18,0,0,0.0,0.08945686900958466,0.4437286976166951,84.0,0.004761904761904762,0.0039730072021484375,0.0007569789886474609,0.00022268295288085938,8.130073547363281e-05,0.0,37,"[17, 1]",max_passes,
Halo2BetaData,Halo,P2,712779aad638f619,1787631133.3427377,complete,602,5010,0.013847352972067595,23953.0,1952,4195.0,1214,4195.0,0.17513463866739032,738,0,0,0.0,0.17425791919231415,0.689976890211209,4174.0,0.0150192646806817,0.20826196670532227,0.08312463760375977,0.00528717041015625,0.0019490718841552734,0.0,690,"[725, 13]",max_passes,
Basketball_temporal/1985,Basketball_coarse,P3,712779aad638f619,1787631133.5589895,complete,282,2904,0.03664723252820474,40493.0,1074,4780.0,762,4780.0,0.11804509421381473,312,0,0,0.0,0.11804509421381473,0.45794183965857993,4780.0,0.015370636783523888,0.19306063652038574,0.08177733421325684,0.00442814826965332,0.0010790824890136719,0.0,758,"[305, 7, 0]",no_change,
Basketball_temporal/1988,Basketball_coarse,P3,712779aad638f619,1787631133.7600107,complete,290,3099,0.03697649445173607,47701.0,1155,5783.0,803,5783.0,0.12123435567388524,352,0,0,0.0,0.12123435567388524,0.4869309210884603,5783.0,0.01885216561269538,0.19650530815124512,0.08266401290893555,0.004767656326293945,0.001148223876953125,0.0,821,"[344, 7, 1]",max_passes,
Basketball_temporal/1991,Basketball_coarse,P3,712779aad638f619,1787631133.9643004,complete,295,3218,0.03710365502133057,52133.0,1160,6139.0,810,6139.0,0.11775650739454856,350,0,0,0.0,0.11775650739454856,0.4590799850273461,6139.0,0.012729159460394327,0.29561305046081543,0.13151025772094727,0.00494074821472168,0.0012068748474121094,0.0,875,"[345, 5, 0]",no_change,
Basketball_temporal/1994,Basketball_coarse,P3,712779aad638f619,1787631134.268029,complete,301,3144,0.03481727574750831,51068.0,1099,6171.0,786,6171.0,0.12083888149134488,313,0,0,0.0,0.12083888149134488,0.4685511790337731,6171.0,0.010143964562569214,0.23308587074279785,0.10043907165527344,0.004879951477050781,0.0011827945709228516,0.0,849,"[311, 2, 0]",no_change,
Basketball_temporal/1997,Basketball_coarse,P3,712779aad638f619,1787631134.5091763,complete,305,3333,0.035946937014667814,52037.0,1232,6921.0,847,6921.0,0.13300151815054673,385,0,0,0.0,0.13300151815054673,0.4841280674034276,6921.0,0.019240724762726487,0.3057847023010254,0.13653087615966797,0.0051212310791015625,0.0012297630310058594,0.0,948,"[370, 13, 2]",max_passes,
Basketball_temporal/2000,Basketball_coarse,P3,712779aad638f619,1787631134.822911,complete,318,3475,0.03447215443525187,55092.0,1189,6382.0,811,6382.0,0.11584259057576418,378,0,0,0.0,0.11584259057576418,0.5053965645111415,6382.0,0.014443584707259488,0.2936055660247803,0.12979817390441895,0.0054149627685546875,0.0013241767883300781,0.0,888,"[369, 7, 2]",max_passes,
Basketball_temporal/2003,Basketball_coarse,P3,712779aad638f619,1787631135.1324952,complete,327,3560,0.03339524586780736,54489.0,1297,6978.0,862,6978.0,0.1280625447337995,435,0,0,0.0,0.1280625447337995,0.5120650169235849,6978.0,0.01956811316860847,0.27283763885498047,0.11921167373657227,0.005541563034057617,0.0013623237609863281,0.0,919,"[425, 9, 1]",max_passes,
Basketball_temporal/2006,Basketball_coarse,P3,712779aad638f619,1787631135.4133277,complete,334,3695,0.03322184459909011,55402.0,1312,7429.0,873,7429.0,0.1340926320349446,439,0,0,0.0,0.1340926320349446,0.5145442320726015,7429.0,0.01945658233083383,0.322803258895874,0.14319801330566406,0.005782604217529297,0.0014104843139648438,0.0,942,"[431, 7, 1]",max_passes,
Basketball_temporal/2009,Basketball_coarse,P3,712779aad638f619,1787631135.7442458,complete,347,4155,0.034607119654844996,61946.0,1424,7556.0,977,7556.0,0.12197720595357246,447,0,0,0.0,0.12197720595357246,0.4829944798618516,7556.0,0.022421748763139043,0.41107797622680664,0.18534612655639648,0.006464958190917969,0.0015866756439208984,0.0,1039,"[430, 16, 1]",max_passes,
Basketball_temporal/2012,Basketball_coarse,P3,712779aad638f619,1787631136.1633139,complete,345,4126,0.034765756656555444,61534.0,1389,7278.0,925,7278.0,0.11827607501543862,464,0,0,0.0,0.11808106087691357,0.47780483405192264,7266.0,0.01098752949106842,0.3409903049468994,0.1508493423461914,0.006457090377807617,0.0016055107116699219,0.0,969,"[455, 7, 2]",max_passes,
Basketball_temporal/2014,Basketball_coarse,P3,712779aad638f619,1787631136.5125494,complete,351,4196,0.03415547415547415,60897.0,1471,7648.0,979,7648.0,0.12558910947994154,492,0,0,0.0,0.12558910947994154,0.4955068737382105,7648.0,0.012942612942612943,0.3815453052520752,0.17026805877685547,0.006558418273925781,0.001600027084350586,0.0,1019,"[483, 9, 0]",no_change,
Basketball_temporal/1993,Basketball_coarse,P3,712779aad638f619,1787631136.9021766,complete,298,3088,0.03489028992384697,48535.0,1095,6007.0,790,6007.0,0.12376635417739776,305,0,0,0.0,0.12376635417739776,0.48152638155633837,6007.0,0.019411113370844914,0.23140621185302734,0.0999605655670166,0.00475621223449707,0.0011501312255859375,0.0,795,"[299, 6, 0]",no_change,
Basketball_temporal/finer1985,Basketball_finer,P3,712779aad638f619,1787631137.141525,complete,282,4814,0.06075061204916585,518633.4,4254,249046.7,2407,249046.7,0.4801979587122619,1847,0,0,0.0,0.4801979587122619,0.16461180075190315,249046.7,0.05449130511597385,0.3618009090423584,0.15984201431274414,0.004040718078613281,0.0011970996856689453,0.0,4244,"[1847, 0]",no_change,
Basketball_temporal/finer1988,Basketball_finer,P3,712779aad638f619,1787631137.5115373,complete,290,5170,0.06168714950483236,584038.0,4564,279324.5,2585,279324.5,0.4782642567778124,1979,0,0,0.0,0.4782642567778124,0.16392431426369763,279324.5,0.050017897625581675,0.3877241611480713,0.17125892639160156,0.004315853118896484,0.0012845993041992188,0.0,4554,"[1979, 0]",no_change,
Basketball_temporal/finer1991,Basketball_finer,P3,712779aad638f619,1787631137.907456,complete,295,5420,0.062492793727660555,630782.6,4751,301236.3,2710,301236.3,0.47755962196801244,2041,0,0,0.0,0.47755962196801244,0.16742932942184155,301236.3,0.05693531649948115,0.44016170501708984,0.1963052749633789,0.004575252532958984,0.0013501644134521484,0.0,4743,"[2041, 0]",no_change,
Basketball_temporal/finer1994,Basketball_finer,P3,712779aad638f619,1787631138.3560681,complete,301,5252,0.058161683277962346,608682.0,4644,291029.0,2626,291029.0,0.47812979519683513,2018,0,0,0.0,0.47812979519683513,0.16609559542156405,291029.0,0.07572535991140643,0.4104022979736328,0.1825544834136963,0.004469394683837891,0.0013086795806884766,0.0,4634,"[2018, 0]",no_change,
Basketball_temporal/finer1997,Basketball_finer,P3,712779aad638f619,1787631138.7747722,complete,305,5628,0.06069887834339948,582710.0,4983,278774.5,2814,278774.5,0.47841035849736574,2169,0,0,0.0,0.47841035849736574,0.16623644036943286,278774.5,0.05597497842968076,0.4442310333251953,0.1981487274169922,0.004780292510986328,0.0013992786407470703,0.0,4975,"[2169, 0]",no_change,
Basketball_temporal/finer2000,Basketball_finer,P3,712779aad638f619,1787631139.2273152,complete,318,6274,0.06223835882784755,634382.8,5565,302629.9,3137,302629.9,0.4770461935601028,2428,0,0,0.0,0.4770461935601028,0.1658962276484227,302629.9,0.05297303731920719,0.5670058727264404,0.25690555572509766,0.005250453948974609,0.0015501976013183594,0.0,5563,"[2428, 0]",no_change,
Basketball_temporal/finer2003,Basketball_finer,P3,712779aad638f619,1787631139.8025644,complete,327,6356,0.05962364683589426,645095.2,5635,308601.6,3178,308601.6,0.4783814853993643,2457,0,0,0.0,0.4783814853993643,0.16127509023381226,308601.6,0.03367666647905292,0.5639388561248779,0.2540426254272461,0.005354881286621094,0.001588582992553711,0.0,5628,"[2457, 0]",no_change,
Basketball_temporal/finer2006,Basketball_finer,P3,712779aad638f619,1787631140.374871,complete,334,6680,0.06006006006006006,653869.4,5926,312900.7,3340,312900.7,0.4785369983669522,2586,0,0,0.0,0.4785369983669522,0.15287173218768743,312900.7,0.05135674596752441,0.5955324172973633,0.2692909240722656,0.0056264400482177734,0.0016598701477050781,0.0,5915,"[2586, 0]",no_change,
Basketball_temporal/finer2009,Basketball_finer,P3,712779aad638f619,1787631140.978689,complete,347,7478,0.06228448634871983,714987.7999999999,6668,341709.89999999997,3739,341709.89999999997,0.4779240988447635,2929,0,0,0.0,0.4779240988447635,0.16624421574579704,341709.89999999997,0.04985757358698006,0.6521003246307373,0.2946627140045166,0.006246089935302734,0.0018477439880371094,0.0,6663,"[2929, 0]",no_change,
Basketball_temporal/finer2012,Basketball_finer,P3,712779aad638f619,1787631141.6390865,complete,345,7580,0.06386922817660937,709133.5999999999,6744,337870.3,3790,337870.3,0.4764550713716006,2954,0,0,0.0,0.4764550713716006,0.1588574049943162,337870.3,0.053842264914054604,0.6967542171478271,0.3157351016998291,0.006348848342895508,0.0018932819366455078,0.0,6737,"[2954, 0]",no_change,
Football_data_England_Premier_League/England_2009_2010,Football_coarse,P3,712779aad638f619,1787631142.3442123,complete,20,215,0.5657894736842105,559.0,100,86.0,58,86.0,0.15384615384615385,42,0,0,0.0,0.15384615384615385,0.4166048353372061,86.0,0.0,0.004588603973388672,0.0008983612060546875,0.0002377033233642578,8.630752563476562e-05,0.0,45,"[42, 0]",no_change,
Football_data_England_Premier_League/England_2010_2011,Football_coarse,P3,712779aad638f619,1787631142.3605282,complete,20,219,0.5763157894736842,485.0,125,122.0,74,122.0,0.2515463917525773,51,0,0,0.0,0.2515463917525773,0.62088994190807,122.0,0.02631578947368421,0.005064249038696289,0.0011889934539794922,0.00033092498779296875,7.843971252441406e-05,0.0,65,"[46, 4, 1]",max_passes,
Football_data_England_Premier_League/England_2011_2012,Football_coarse,P3,712779aad638f619,1787631142.373336,complete,20,226,0.5947368421052631,548.0,110,113.0,73,113.0,0.2062043795620438,37,0,0,0.0,0.2062043795620438,0.5001531258263577,113.0,0.0,0.005066633224487305,0.0011682510375976562,0.00023508071899414062,8.130073547363281e-05,0.0,59,"[37, 0]",no_change,
Football_data_England_Premier_League/finerEngland_2009_2010,Football_finer,P3,712779aad638f619,1787631142.3861618,complete,20,380,1.0,1129.0,282,400.9999999999999,190,400.9999999999999,0.35518157661647465,92,0,0,0.0,0.35518157661647465,0.20377455015345627,400.9999999999999,0.0,0.013471126556396484,0.004809379577636719,0.00033926963806152344,0.00010275840759277344,0.0,268,"[92, 0]",no_change,
Football_data_England_Premier_League/finerEngland_2010_2011,Football_finer,P3,712779aad638f619,1787631142.40736,complete,20,380,1.0,1139.0,298,465.9999999999999,190,465.9999999999999,0.40913081650570665,108,0,0,0.0,0.40913081650570665,0.2561041397723342,465.9999999999999,0.0,0.014534711837768555,0.005278825759887695,0.00033473968505859375,9.989738464355469e-05,0.0,281,"[108, 0]",no_change,
Football_data_England_Premier_League/finerEngland_2011_2012,Football_finer,P3,712779aad638f619,1787631142.4296494,complete,20,380,1.0,1142.0,292,431.9999999999999,190,431.9999999999999,0.37828371278458833,102,0,0,0.0,0.37828371278458833,0.24508301398983168,431.9999999999999,0.0,0.01456141471862793,0.0053119659423828125,0.0003345012664794922,0.00010037422180175781,0.0,273,"[102, 0]",no_change,
FacultyHiringNetworks/Business/Business_FM_Full_,Faculty,P3,712779aad638f619,1787631142.451883,complete,113,1787,0.14119785082174463,3255.0,308,199.0,159,199.0,0.061136712749615976,149,0,0,0.0,0.061136712749615976,0.4874870590934423,199.0,0.033343868520859674,0.024934053421020508,0.0032126903533935547,0.0029065608978271484,0.000782012939453125,0.0,68,"[142, 7, 0]",no_change,
FacultyHiringNetworks/History/History_FM_Full_,Faculty,P3,712779aad638f619,1787631142.4845226,complete,145,1204,0.057662835249042144,1776.0,144,77.0,69,77.0,0.04335585585585586,75,0,0,0.0,0.04335585585585586,0.5202925724461757,77.0,0.011206896551724138,0.016223907470703125,0.001125335693359375,0.0020329952239990234,0.0005686283111572266,0.0,26,"[73, 2, 0]",no_change,
FacultyHiringNetworks/ComputerScience/ComputerScience_FM_Full_,Faculty,P3,712779aad638f619,1787631142.5085924,complete,206,1407,0.033317546767700684,1957.0,176,99.0,84,99.0,0.05058763413387839,92,0,0,0.0,0.05058763413387839,0.5621516532688475,99.0,0.006109400899834241,0.0204617977142334,0.001901865005493164,0.002399921417236328,0.0006682872772216797,0.0,27,"[88, 3, 1]",max_passes,
Dryad_animal_society,Animal,P3,712779aad638f619,1787631142.53683,complete,21,193,0.4595238095238095,939.0,60,84.0,42,84.0,0.08945686900958466,18,0,0,0.0,0.08945686900958466,0.4437286976166951,84.0,0.004761904761904762,0.004083871841430664,0.0007703304290771484,0.00031828880310058594,8.058547973632812e-05,0.0,37,"[17, 1, 0]",no_change,
Halo2BetaData,Halo,P3,712779aad638f619,1787631142.548632,complete,602,5010,0.013847352972067595,23953.0,1952,4174.0,1209,4174.0,0.17425792176345342,743,0,0,0.0,0.17425791919231415,0.6902244966765895,4174.0,0.015555469566226832,0.20966696739196777,0.0833277702331543,0.007886648178100586,0.0019555091857910156,0.0,690,"[725, 13, 5]",max_passes,
Basketball_temporal/1985,Basketball_coarse,K20_A5,712779aad638f619,1787631142.7667313,complete,282,2904,0.03664723252820474,40493.0,1074,4031.0,691,3954.0,0.09764650680364508,383,20,9,77.0,0.09732546366038575,0.46520317340941864,3941.0,0.0975745185633881,2.0402395725250244,0.08238983154296875,0.04015016555786133,0.0011167526245117188,1.8092162609100342,758,[384],exhausted,
Basketball_temporal/1988,Basketball_coarse,K20_A5,712779aad638f619,1787631144.815501,complete,290,3099,0.03697649445173607,47701.0,1155,4857.0,730,4828.0,0.10121381103121528,425,20,5,29.0,0.10121381103121528,0.4775705496686612,4828.0,0.12845722467485982,2.260343074798584,0.08252215385437012,0.05034327507019043,0.0012028217315673828,2.015598773956299,821,[425],exhausted,
Basketball_temporal/1991,Basketball_coarse,K20_A5,712779aad638f619,1787631147.0842605,complete,295,3218,0.03710365502133057,52133.0,1160,5308.0,749,5250.0,0.10070396869545202,411,10,10,58.0,0.10045460648725375,0.45724612777930007,5237.0,0.0983973250317076,2.4005861282348633,0.13182473182678223,0.04728555679321289,0.00125885009765625,2.060211181640625,875,[411],exhausted,
Basketball_temporal/1994,Basketball_coarse,K20_A5,712779aad638f619,1787631149.4934323,complete,301,3144,0.03481727574750831,51068.0,1099,5093.0,705,5040.0,0.09869194015822041,394,20,6,53.0,0.09869194015822041,0.4646877308327519,5040.0,0.11373200442967885,2.305518865585327,0.10056638717651367,0.05198073387145996,0.0012636184692382812,2.023085117340088,849,[394],exhausted,
Basketball_temporal/1997,Basketball_coarse,K20_A5,712779aad638f619,1787631151.8075778,complete,305,3333,0.035946937014667814,52037.0,1232,5857.0,787,5800.0,0.11145915406345484,445,10,10,57.0,0.11145915406345484,0.5126868410904457,5800.0,0.13257118205349439,2.566838026046753,0.13668322563171387,0.05689120292663574,0.0013129711151123047,2.205780029296875,948,[445],exhausted,
Basketball_temporal/2000,Basketball_coarse,K20_A5,712779aad638f619,1787631154.3830922,complete,318,3475,0.03447215443525187,55092.0,1189,5183.0,742,5159.0,0.09364336019748784,447,20,4,24.0,0.09358890583024758,0.5193661754819255,5156.0,0.09977580699561533,2.838881015777588,0.12996912002563477,0.05980658531188965,0.00142669677734375,2.488370656967163,888,[447],exhausted,
Basketball_temporal/2003,Basketball_coarse,K20_A5,712779aad638f619,1787631157.2307038,complete,327,3560,0.03339524586780736,54489.0,1297,5833.0,785,5793.0,0.10631503606232451,512,10,10,40.0,0.10631503606232451,0.5062841475050893,5793.0,0.10810303746646405,2.8800430297851562,0.11947131156921387,0.07741975784301758,0.0014376640319824219,2.5321948528289795,919,[512],exhausted,
Basketball_temporal/2006,Basketball_coarse,K20_A5,712779aad638f619,1787631160.1192808,complete,334,3695,0.03322184459909011,55402.0,1312,6106.0,799,6076.0,0.10967113100610086,513,10,10,30.0,0.10963503122630952,0.5257378313334228,6074.0,0.12598226969484455,2.9242119789123535,0.14385199546813965,0.08057284355163574,0.0014729499816894531,2.52268385887146,942,[514],exhausted,
Basketball_temporal/2009,Basketball_coarse,K20_A5,712779aad638f619,1787631163.0521128,complete,347,4155,0.034607119654844996,61946.0,1424,6309.0,903,6269.0,0.10120104607238563,521,19,10,40.0,0.1011526167952733,0.4860871208862313,6266.0,0.10176408855424697,4.021400213241577,0.18616223335266113,0.08710646629333496,0.0016791820526123047,3.5262372493743896,1039,[522],exhausted,
Basketball_temporal/2012,Basketball_coarse,K20_A5,712779aad638f619,1787631167.0821545,complete,345,4126,0.034765756656555444,61534.0,1389,5988.0,827,5956.0,0.09679201742126305,562,20,5,32.0,0.09679201742126305,0.49894168924781235,5956.0,0.10269632625547691,3.7463176250457764,0.15057086944580078,0.09210085868835449,0.0016956329345703125,3.3163974285125732,969,[562],exhausted,
Basketball_temporal/2014,Basketball_coarse,K20_A5,712779aad638f619,1787631170.837147,complete,351,4196,0.03415547415547415,60897.0,1471,6400.0,874,6373.0,0.10465211750989376,597,17,10,27.0,0.10455359048885823,0.5109577293161093,6367.0,0.09649165649165649,3.931490182876587,0.17043447494506836,0.10492825508117676,0.001703023910522461,3.448960542678833,1019,[597],exhausted,
Basketball_temporal/1993,Basketball_coarse,K20_A5,712779aad638f619,1787631174.7774534,complete,298,3088,0.03489028992384697,48535.0,1095,5035.0,710,5002.0,0.10305964767693417,385,20,7,33.0,0.10305964767693417,0.49572544364391236,5002.0,0.09468284636069871,2.2696828842163086,0.09976720809936523,0.051351308822631836,0.0012137889862060547,1.9895703792572021,795,[385],exhausted,
Basketball_temporal/finer1985,Basketball_finer,K20_A5,712779aad638f619,1787631177.0559201,complete,282,4814,0.06075061204916585,518633.4,4254,245469.7,2407,245265.7,0.4729076453618298,1847,10,10,204.0,0.4729076453618298,0.15234186255636933,245265.7,0.2353549885161909,6.598747968673706,0.16006231307983398,0.1083827018737793,0.0012199878692626953,6.12958550453186,4244,[1847],exhausted,
Basketball_temporal/finer1988,Basketball_finer,K20_A5,712779aad638f619,1787631183.6633036,complete,290,5170,0.06168714950483236,584038.0,4564,275802.5,2585,275519.5,0.47174926973929776,1979,10,10,283.0,0.47174926973929776,0.14149848703496465,275519.5,0.23519866364395656,7.871678113937378,0.17287325859069824,0.1242666244506836,0.0013060569763183594,7.361009120941162,4554,[1979],exhausted,
Basketball_temporal/finer1991,Basketball_finer,K20_A5,712779aad638f619,1787631191.5437393,complete,295,5420,0.062492793727660555,630782.6,4751,297366.3,2710,297079.3,0.4709693957950013,2041,10,10,287.0,0.4709693957950013,0.1361804642686239,297079.3,0.19910065721203735,8.530445098876953,0.19630002975463867,0.13822722434997559,0.0013895034790039062,7.956203460693359,4743,[2041],exhausted,
Basketball_temporal/finer1994,Basketball_finer,K20_A5,712779aad638f619,1787631200.082886,complete,301,5252,0.058161683277962346,608682.0,4644,287064.0,2626,286776.0,0.47114256705471824,2018,10,10,288.0,0.47114256705471824,0.1400517334492636,286776.0,0.21984496124031008,8.092694520950317,0.18231892585754395,0.13283562660217285,0.0013358592987060547,7.551986455917358,4634,[2018],exhausted,
Basketball_temporal/finer1997,Basketball_finer,K20_A5,712779aad638f619,1787631208.1842687,complete,305,5628,0.06069887834339948,582710.0,4983,274410.5,2814,274151.5,0.4704767380000343,2169,10,10,259.0,0.4704767380000343,0.13986389220615153,274151.5,0.2343183779119931,9.13170862197876,0.19879603385925293,0.15223908424377441,0.0014240741729736328,8.534503698348999,4975,[2169],exhausted,
Basketball_temporal/finer2000,Basketball_finer,K20_A5,712779aad638f619,1787631217.3247595,complete,318,6274,0.06223835882784755,634382.8,5565,298067.9,3137,297768.9,0.46938362767716907,2428,10,10,299.0,0.46938362767716907,0.13681100074301358,297768.9,0.19475031248139993,11.750762462615967,0.25951695442199707,0.19188475608825684,0.0016388893127441406,10.990394115447998,5563,[2428],exhausted,
Basketball_temporal/finer2003,Basketball_finer,K20_A5,712779aad638f619,1787631229.0843024,complete,327,6356,0.05962364683589426,645095.2,5635,304576.6,3178,304318.6,0.47174215526638547,2457,11,10,258.0,0.47174215526638547,0.13541570956303872,304318.6,0.24108365696703626,12.019787549972534,0.2545289993286133,0.2264862060546875,0.0016558170318603516,11.231995344161987,5628,[2457],exhausted,
Basketball_temporal/finer2006,Basketball_finer,K20_A5,712779aad638f619,1787631241.112863,complete,334,6680,0.06006006006006006,653869.4,5926,308180.7,3340,307955.69999999995,0.470974326065725,2586,10,10,225.0000000000582,0.470974326065725,0.13588814392993115,307955.69999999995,0.22339105572638507,13.234185457229614,0.2705237865447998,0.2274010181427002,0.0016956329345703125,12.413748264312744,5915,[2586],exhausted,
Basketball_temporal/finer2009,Basketball_finer,K20_A5,712779aad638f619,1787631254.3558433,complete,347,7478,0.06228448634871983,714987.7999999999,6668,336829.9,3739,336554.9,0.47071418561267764,2929,11,10,275.0,0.47071418561267764,0.1359963829364409,336554.9,0.20207892588829104,16.678786277770996,0.29373788833618164,0.2958362102508545,0.0018820762634277344,15.735477685928345,6663,[2929],exhausted,
Basketball_temporal/finer2012,Basketball_finer,K20_A5,712779aad638f619,1787631271.0434499,complete,345,7580,0.06386922817660937,709133.5999999999,6744,333077.3,3790,332849.29999999993,0.4693746002163767,2954,10,10,228.0000000000582,0.4693746002163767,0.15080305114809522,332849.29999999993,0.19583754634310752,17.068400144577026,0.31775546073913574,0.27300071716308594,0.0019278526306152344,16.097644329071045,6737,[2954],exhausted,
Football_data_England_Premier_League/England_2009_2010,Football_coarse,K20_A5,712779aad638f619,1787631288.120691,complete,20,215,0.5657894736842105,559.0,100,76.0,56,76.0,0.13595706618962433,44,20,0,0.0,0.13595706618962433,0.4290569441685285,76.0,0.031578947368421054,0.026432037353515625,0.0008897781372070312,0.0005333423614501953,8.893013000488281e-05,0.021298646926879883,45,[44],exhausted,
Football_data_England_Premier_League/England_2010_2011,Football_coarse,K20_A5,712779aad638f619,1787631288.155679,complete,20,219,0.5763157894736842,485.0,125,114.0,74,114.0,0.23505154639175257,51,20,0,0.0,0.23505154639175257,0.5653113535932368,114.0,0.09473684210526316,0.028226613998413086,0.0011835098266601562,0.0005667209625244141,8.273124694824219e-05,0.022673368453979492,65,[51],exhausted,
Football_data_England_Premier_League/England_2011_2012,Football_coarse,K20_A5,712779aad638f619,1787631288.1921692,complete,20,226,0.5947368421052631,548.0,110,99.0,70,99.0,0.18065693430656934,40,20,0,0.0,0.18065693430656934,0.5105298240287788,99.0,0.06842105263157895,0.02802252769470215,0.0011889934539794922,0.0005042552947998047,8.869171142578125e-05,0.022395849227905273,59,[40],exhausted,
Football_data_England_Premier_League/finerEngland_2009_2010,Football_finer,K20_A5,712779aad638f619,1787631288.2284205,complete,20,380,1.0,1129.0,282,373.9999999999999,190,370.9999999999999,0.32860938883968105,92,20,2,3.0,0.32860938883968105,0.19459083751980957,370.9999999999999,0.09473684210526316,0.06420326232910156,0.004774332046508789,0.0008878707885742188,0.0001068115234375,0.04981660842895508,268,[92],exhausted,
Football_data_England_Premier_League/finerEngland_2010_2011,Football_finer,K20_A5,712779aad638f619,1787631288.300998,complete,20,380,1.0,1139.0,298,457.9999999999999,190,449.9999999999999,0.395083406496927,108,20,2,8.0,0.395083406496927,0.26182882366984206,449.9999999999999,0.12631578947368421,0.06548547744750977,0.005440950393676758,0.0009806156158447266,0.00010514259338378906,0.04980134963989258,281,[108],exhausted,
Football_data_England_Premier_League/finerEngland_2011_2012,Football_finer,K20_A5,712779aad638f619,1787631288.3751411,complete,20,380,1.0,1142.0,292,414.9999999999999,190,407.9999999999999,0.35726795096322234,102,20,3,7.0,0.35726795096322234,0.24186388491705824,407.9999999999999,0.11578947368421053,0.21109747886657715,0.005368232727050781,0.0009675025939941406,0.0001068115234375,0.19551491737365723,273,[102],exhausted,
FacultyHiringNetworks/Business/Business_FM_Full_,Faculty,K20_A5,712779aad638f619,1787631288.595016,complete,113,1787,0.14119785082174463,3255.0,308,159.0,133,159.0,0.04884792626728111,175,20,0,0.0,0.04884792626728111,0.4879582476096295,159.0,0.09165613147914033,0.30656886100769043,0.003165721893310547,0.005413055419921875,0.0008015632629394531,0.27773380279541016,68,[175],exhausted,
FacultyHiringNetworks/History/History_FM_Full_,Faculty,K20_A5,712779aad638f619,1787631288.9104846,complete,145,1204,0.057662835249042144,1776.0,144,54.0,52,54.0,0.030405405405405407,92,20,0,0.0,0.030405405405405407,0.5170612976755534,54.0,0.11293103448275862,0.14439725875854492,0.0011827945709228516,0.0032796859741210938,0.0006012916564941406,0.12583422660827637,26,[92],exhausted,
FacultyHiringNetworks/ComputerScience/ComputerScience_FM_Full_,Faculty,K20_A5,712779aad638f619,1787631289.0636923,complete,206,1407,0.033317546767700684,1957.0,176,66.0,62,66.0,0.03372508942258559,114,20,0,0.0,0.03372508942258559,0.5737833399383746,66.0,0.1369168837319441,0.3220958709716797,0.0019521713256835938,0.0050928592681884766,0.0007326602935791016,0.29775238037109375,27,[114],exhausted,
Dryad_animal_society,Animal,K20_A5,712779aad638f619,1787631289.3947396,complete,21,193,0.4595238095238095,939.0,60,74.0,42,74.0,0.07880724174653887,18,20,0,0.0,0.07880724174653887,0.4459050280269133,74.0,0.0380952380952381,0.022527456283569336,0.00074005126953125,0.0003788471221923828,8.916854858398438e-05,0.017942190170288086,37,[18],exhausted,
Halo2BetaData,Halo,K20_A5,712779aad638f619,1787631289.4261837,complete,602,5010,0.013847352972067595,23953.0,1952,3302.0,1042,3287.0,0.13722706967811965,910,20,7,15.0,0.4305097460746765,0.5514235418490658,10312.0,0.43722256925058456,6.159757614135742,0.0831751823425293,0.3226144313812256,0.0015609264373779297,5.63277006149292,690,[910],exhausted,
Basketball_temporal/1985,Basketball_coarse,K50_A5,712779aad638f619,1787631295.5948875,complete,282,2904,0.03664723252820474,40493.0,1074,4031.0,692,3948.0,0.0974983330452177,382,27,10,83.0,0.09717728990195837,0.4652678441069052,3935.0,0.0967921051967391,2.2301292419433594,0.08157896995544434,0.03972458839416504,0.001150369644165039,2.0004518032073975,758,[384],exhausted,
Basketball_temporal/1988,Basketball_coarse,K50_A5,712779aad638f619,1787631297.8339722,complete,290,3099,0.03697649445173607,47701.0,1155,4857.0,730,4818.0,0.10100417182029726,425,50,6,39.0,0.10100417182029726,0.4804719906586715,4818.0,0.130032215726047,2.639777421951294,0.08267998695373535,0.0505375862121582,0.0011992454528808594,2.3948943614959717,821,[425],exhausted,
Basketball_temporal/1991,Basketball_coarse,K50_A5,712779aad638f619,1787631300.4826307,complete,295,3218,0.03710365502133057,52133.0,1160,5308.0,749,5250.0,0.10070396869545202,411,10,10,58.0,0.10045460648725375,0.45724612777930007,5237.0,0.0983973250317076,2.4071028232574463,0.1346759796142578,0.04722881317138672,0.0013077259063720703,2.063666582107544,875,[411],exhausted,
Basketball_temporal/1994,Basketball_coarse,K50_A5,712779aad638f619,1787631302.8987257,complete,301,3144,0.03481727574750831,51068.0,1099,5093.0,709,5012.0,0.09814365160178586,390,45,10,81.0,0.09784992558941019,0.46450072260645925,4997.0,0.11357696566998893,2.6590874195098877,0.10063600540161133,0.05207467079162598,0.0012841224670410156,2.375697612762451,849,[394],exhausted,
Basketball_temporal/1997,Basketball_coarse,K50_A5,712779aad638f619,1787631305.5668638,complete,305,3333,0.035946937014667814,52037.0,1232,5857.0,787,5800.0,0.11145915406345484,445,10,10,57.0,0.11145915406345484,0.5126868410904457,5800.0,0.13257118205349439,2.715265989303589,0.13671088218688965,0.057100534439086914,0.0013227462768554688,2.3553626537323,948,[445],exhausted,
Basketball_temporal/2000,Basketball_coarse,K50_A5,712779aad638f619,1787631308.2909563,complete,318,3475,0.03447215443525187,55092.0,1189,5183.0,742,5159.0,0.09364336019748784,447,50,4,24.0,0.09358890583024758,0.5193661754819255,5156.0,0.09977580699561533,3.1259264945983887,0.12943625450134277,0.059874773025512695,0.0013916492462158203,2.7750160694122314,888,[447],exhausted,
Basketball_temporal/2003,Basketball_coarse,K50_A5,712779aad638f619,1787631311.4257932,complete,327,3560,0.03339524586780736,54489.0,1297,5833.0,785,5793.0,0.10631503606232451,512,10,10,40.0,0.10631503606232451,0.5062841475050893,5793.0,0.10810303746646405,2.755077838897705,0.11917448043823242,0.07716751098632812,0.0014600753784179688,2.406531572341919,919,[512],exhausted,
Basketball_temporal/2006,Basketball_coarse,K50_A5,712779aad638f619,1787631314.1897957,complete,334,3695,0.03322184459909011,55402.0,1312,6106.0,799,6076.0,0.10967113100610086,513,10,10,30.0,0.10963503122630952,0.5257378313334228,6074.0,0.12598226969484455,3.0857772827148438,0.14368557929992676,0.08092117309570312,0.0015172958374023438,2.6842856407165527,942,[514],exhausted,
Basketball_temporal/2009,Basketball_coarse,K50_A5,712779aad638f619,1787631317.284526,complete,347,4155,0.034607119654844996,61946.0,1424,6309.0,903,6269.0,0.10120104607238563,521,19,10,40.0,0.1011526167952733,0.4860871208862313,6266.0,0.10176408855424697,3.9973537921905518,0.18525290489196777,0.08718442916870117,0.0016558170318603516,3.5039801597595215,1039,[522],exhausted,
Basketball_temporal/2012,Basketball_coarse,K50_A5,712779aad638f619,1787631321.290924,complete,345,4126,0.034765756656555444,61534.0,1389,5988.0,829,5937.0,0.09648324503526505,560,50,8,51.0,0.09648324503526505,0.49708954672681516,5937.0,0.10244354566902596,4.229734182357788,0.15070414543151855,0.09230804443359375,0.0016627311706542969,3.7999236583709717,969,[562],exhausted,
Basketball_temporal/2014,Basketball_coarse,K50_A5,712779aad638f619,1787631325.52963,complete,351,4196,0.03415547415547415,60897.0,1471,6400.0,874,6373.0,0.10465211750989376,597,17,10,27.0,0.10455359048885823,0.5109577293161093,6367.0,0.09649165649165649,3.942781686782837,0.17058062553405762,0.10558414459228516,0.0017275810241699219,3.458726406097412,1019,[597],exhausted,
Basketball_temporal/1993,Basketball_coarse,K50_A5,712779aad638f619,1787631329.4813943,complete,298,3088,0.03489028992384697,48535.0,1095,5035.0,711,4995.0,0.10291542186051303,384,50,8,40.0,0.10291542186051303,0.4957339377709298,4995.0,0.09466024902266514,2.6585183143615723,0.10019516944885254,0.05124831199645996,0.0012357234954833984,2.3781793117523193,795,[385],exhausted,
Basketball_temporal/finer1985,Basketball_finer,K50_A5,712779aad638f619,1787631332.1490235,complete,282,4814,0.06075061204916585,518633.4,4254,245469.7,2407,245265.7,0.4729076453618298,1847,10,10,204.0,0.4729076453618298,0.15234186255636933,245265.7,0.2353549885161909,6.765186548233032,0.1599278450012207,0.10824227333068848,0.0012464523315429688,6.297446012496948,4244,[1847],exhausted,
Basketball_temporal/finer1988,Basketball_finer,K50_A5,712779aad638f619,1787631338.9232876,complete,290,5170,0.06168714950483236,584038.0,4564,275802.5,2585,275519.5,0.47174926973929776,1979,10,10,283.0,0.47174926973929776,0.14149848703496465,275519.5,0.23519866364395656,7.748448848724365,0.1709606647491455,0.12429046630859375,0.001355886459350586,7.237519264221191,4554,[1979],exhausted,
Basketball_temporal/finer1991,Basketball_finer,K50_A5,712779aad638f619,1787631346.680802,complete,295,5420,0.062492793727660555,630782.6,4751,297366.3,2710,297079.3,0.4709693957950013,2041,10,10,287.0,0.4709693957950013,0.1361804642686239,297079.3,0.19910065721203735,8.5819833278656,0.19786643981933594,0.13888072967529297,0.0013778209686279297,8.002560377120972,4743,[2041],exhausted,
Basketball_temporal/finer1994,Basketball_finer,K50_A5,712779aad638f619,1787631355.2717648,complete,301,5252,0.058161683277962346,608682.0,4644,287064.0,2626,286776.0,0.47114256705471824,2018,10,10,288.0,0.47114256705471824,0.1400517334492636,286776.0,0.21984496124031008,8.15324592590332,0.18422460556030273,0.13268041610717773,0.0013785362243652344,7.6096696853637695,4634,[2018],exhausted,
Basketball_temporal/finer1997,Basketball_finer,K50_A5,712779aad638f619,1787631363.4341116,complete,305,5628,0.06069887834339948,582710.0,4983,274410.5,2814,274151.5,0.4704767380000343,2169,10,10,259.0,0.4704767380000343,0.13986389220615153,274151.5,0.2343183779119931,9.334087610244751,0.20065689086914062,0.1522235870361328,0.0014696121215820312,8.736589431762695,4975,[2169],exhausted,
Basketball_temporal/finer2000,Basketball_finer,K50_A5,712779aad638f619,1787631372.7772858,complete,318,6274,0.06223835882784755,634382.8,5565,298067.9,3137,297768.9,0.46938362767716907,2428,10,10,299.0,0.46938362767716907,0.13681100074301358,297768.9,0.19475031248139993,11.760007858276367,0.2569148540496826,0.1913135051727295,0.0016143321990966797,11.004488229751587,5563,[2428],exhausted,
Basketball_temporal/finer2003,Basketball_finer,K50_A5,712779aad638f619,1787631384.546347,complete,327,6356,0.05962364683589426,645095.2,5635,304576.6,3178,304318.6,0.47174215526638547,2457,11,10,258.0,0.47174215526638547,0.13541570956303872,304318.6,0.24108365696703626,12.001500844955444,0.25491929054260254,0.2262575626373291,0.0016052722930908203,11.214187622070312,5628,[2457],exhausted,
Basketball_temporal/finer2006,Basketball_finer,K50_A5,712779aad638f619,1787631396.5569491,complete,334,6680,0.06006006006006006,653869.4,5926,308180.7,3340,307955.69999999995,0.470974326065725,2586,10,10,225.0000000000582,0.470974326065725,0.13588814392993115,307955.69999999995,0.22339105572638507,13.254717588424683,0.269864559173584,0.22746872901916504,0.0016870498657226562,12.433297634124756,5915,[2586],exhausted,
Basketball_temporal/finer2009,Basketball_finer,K50_A5,712779aad638f619,1787631409.8208323,complete,347,7478,0.06228448634871983,714987.7999999999,6668,336829.9,3739,336554.9,0.47071418561267764,2929,11,10,275.0,0.47071418561267764,0.1359963829364409,336554.9,0.20207892588829104,16.670779705047607,0.2944369316101074,0.29540300369262695,0.0018808841705322266,15.72782301902771,6663,[2929],exhausted,
Basketball_temporal/finer2012,Basketball_finer,K50_A5,712779aad638f619,1787631426.5162604,complete,345,7580,0.06386922817660937,709133.5999999999,6744,333077.3,3790,332849.29999999993,0.4693746002163767,2954,10,10,228.0000000000582,0.4693746002163767,0.15080305114809522,332849.29999999993,0.19583754634310752,17.072942972183228,0.3162221908569336,0.27356457710266113,0.0019061565399169922,16.107656955718994,6737,[2954],exhausted,
Football_data_England_Premier_League/England_2009_2010,Football_coarse,K50_A5,712779aad638f619,1787631443.5984514,complete,20,215,0.5657894736842105,559.0,100,76.0,56,76.0,0.13595706618962433,44,50,0,0.0,0.13595706618962433,0.4290569441685285,76.0,0.031578947368421054,0.045404672622680664,0.0008952617645263672,0.0005335807800292969,9.059906005859375e-05,0.04030108451843262,45,[44],exhausted,
Football_data_England_Premier_League/England_2010_2011,Football_coarse,K50_A5,712779aad638f619,1787631443.6528106,complete,20,219,0.5763157894736842,485.0,125,114.0,74,114.0,0.23505154639175257,51,50,0,0.0,0.23505154639175257,0.5653113535932368,114.0,0.09473684210526316,0.045561790466308594,0.001165151596069336,0.0005700588226318359,8.463859558105469e-05,0.039963722229003906,65,[51],exhausted,
Football_data_England_Premier_League/England_2011_2012,Football_coarse,K50_A5,712779aad638f619,1787631443.707195,complete,20,226,0.5947368421052631,548.0,110,99.0,70,99.0,0.18065693430656934,40,50,0,0.0,0.18065693430656934,0.5105298240287788,99.0,0.06842105263157895,0.046599626541137695,0.0011916160583496094,0.0005064010620117188,8.7738037109375e-05,0.04098653793334961,59,[40],exhausted,
Football_data_England_Premier_League/finerEngland_2009_2010,Football_finer,K50_A5,712779aad638f619,1787631443.7624028,complete,20,380,1.0,1129.0,282,373.9999999999999,191,370.1999999999999,0.3279007971656332,91,50,3,3.8000000000000114,0.32683790965456144,0.19278225789494957,368.9999999999999,0.10526315789473684,0.08349418640136719,0.004775047302246094,0.0008952617645263672,0.0001087188720703125,0.06914234161376953,268,[92],exhausted,
Football_data_England_Premier_League/finerEngland_2010_2011,Football_finer,K50_A5,712779aad638f619,1787631443.8545623,complete,20,380,1.0,1139.0,298,457.9999999999999,190,448.9999999999999,0.3942054433713783,108,50,3,9.0,0.3942054433713783,0.26110521996719516,448.9999999999999,0.13157894736842105,0.08453059196472168,0.005276679992675781,0.0009691715240478516,0.0001068115234375,0.0690312385559082,281,[108],exhausted,
Football_data_England_Premier_League/finerEngland_2011_2012,Football_finer,K50_A5,712779aad638f619,1787631443.948064,complete,20,380,1.0,1142.0,292,414.9999999999999,190,407.9999999999999,0.35726795096322234,102,50,3,7.0,0.35726795096322234,0.24186388491705824,407.9999999999999,0.11578947368421053,0.0844719409942627,0.005324840545654297,0.0009405612945556641,0.00010561943054199219,0.06893777847290039,273,[102],exhausted,
FacultyHiringNetworks/Business/Business_FM_Full_,Faculty,K50_A5,712779aad638f619,1787631444.0414178,complete,113,1787,0.14119785082174463,3255.0,308,159.0,133,159.0,0.04884792626728111,175,50,0,0.0,0.04884792626728111,0.4879582476096295,159.0,0.09165613147914033,0.5960483551025391,0.0031561851501464844,0.005396604537963867,0.0008127689361572266,0.567115068435669,68,[175],exhausted,
FacultyHiringNetworks/History/History_FM_Full_,Faculty,K50_A5,712779aad638f619,1787631444.6468225,complete,145,1204,0.057662835249042144,1776.0,144,54.0,52,54.0,0.030405405405405407,92,50,0,0.0,0.030405405405405407,0.5170612976755534,54.0,0.11293103448275862,0.39292144775390625,0.0012507438659667969,0.0033724308013916016,0.0005993843078613281,0.3739917278289795,26,[92],exhausted,
FacultyHiringNetworks/ComputerScience/ComputerScience_FM_Full_,Faculty,K50_A5,712779aad638f619,1787631445.0491183,complete,206,1407,0.033317546767700684,1957.0,176,66.0,62,66.0,0.03372508942258559,114,50,0,0.0,0.03372508942258559,0.5737833399383746,66.0,0.1369168837319441,0.4540388584136963,0.0019605159759521484,0.00522160530090332,0.0007064342498779297,0.42952895164489746,27,[114],exhausted,
Dryad_animal_society,Animal,K50_A5,712779aad638f619,1787631445.5125213,complete,21,193,0.4595238095238095,939.0,60,74.0,42,74.0,0.07880724174653887,18,42,0,0.0,0.07880724174653887,0.4459050280269133,74.0,0.0380952380952381,0.03557014465332031,0.0007331371307373047,0.0003795623779296875,8.869171142578125e-05,0.031069517135620117,37,[18],exhausted,
Halo2BetaData,Halo,K50_A5,712779aad638f619,1787631445.5572793,complete,602,5010,0.013847352972067595,23953.0,1952,3302.0,1042,3283.0,0.13706007598213168,910,44,10,19.0,0.4305097460746765,0.5514235418490658,10312.0,0.43722256925058456,6.911675691604614,0.0832676887512207,0.32388758659362793,0.0016427040100097656,6.38318395614624,690,[910],exhausted,
Basketball_temporal/1985,Basketball_coarse,K100_A5,712779aad638f619,1787631452.478213,complete,282,2904,0.03664723252820474,40493.0,1074,4031.0,692,3948.0,0.0974983330452177,382,27,10,83.0,0.09717728990195837,0.4652678441069052,3935.0,0.0967921051967391,2.098586320877075,0.08174347877502441,0.03997206687927246,0.0011649131774902344,1.8677928447723389,758,[384],exhausted,
Basketball_temporal/1988,Basketball_coarse,K100_A5,712779aad638f619,1787631454.5861018,complete,290,3099,0.03697649445173607,47701.0,1155,4857.0,733,4816.0,0.10096224397811367,422,100,8,41.0,0.10089935221483827,0.4797931089744609,4813.0,0.12788450065624626,3.4487314224243164,0.08286499977111816,0.050533294677734375,0.0012331008911132812,3.2039411067962646,821,[425],exhausted,
Basketball_temporal/1991,Basketball_coarse,K100_A5,712779aad638f619,1787631458.044133,complete,295,3218,0.03710365502133057,52133.0,1160,5308.0,749,5250.0,0.10070396869545202,411,10,10,58.0,0.10045460648725375,0.45724612777930007,5237.0,0.0983973250317076,2.407900810241699,0.13341808319091797,0.0471348762512207,0.0012691020965576172,2.0663697719573975,875,[411],exhausted,
Basketball_temporal/1994,Basketball_coarse,K100_A5,712779aad638f619,1787631460.4613585,complete,301,3144,0.03481727574750831,51068.0,1099,5093.0,709,5012.0,0.09814365160178586,390,45,10,81.0,0.09784992558941019,0.46450072260645925,4997.0,0.11357696566998893,2.65685772895813,0.10060906410217285,0.05229496955871582,0.0012502670288085938,2.373906373977661,849,[394],exhausted,
Basketball_temporal/1997,Basketball_coarse,K100_A5,712779aad638f619,1787631463.1424627,complete,305,3333,0.035946937014667814,52037.0,1232,5857.0,787,5800.0,0.11145915406345484,445,10,10,57.0,0.11145915406345484,0.5126868410904457,5800.0,0.13257118205349439,2.5826542377471924,0.1364126205444336,0.05708885192871094,0.0012972354888916016,2.2142574787139893,948,[445],exhausted,
Basketball_temporal/2000,Basketball_coarse,K100_A5,712779aad638f619,1787631465.7344277,complete,318,3475,0.03447215443525187,55092.0,1189,5183.0,743,5155.0,0.09357075437450084,446,100,6,28.0,0.09344369418427358,0.5179191620758277,5148.0,0.0990615637958058,4.210092782974243,0.12973809242248535,0.06015324592590332,0.001425027847290039,3.8586478233337402,888,[447],exhausted,
Basketball_temporal/2003,Basketball_coarse,K100_A5,712779aad638f619,1787631469.9539616,complete,327,3560,0.03339524586780736,54489.0,1297,5833.0,785,5793.0,0.10631503606232451,512,10,10,40.0,0.10631503606232451,0.5062841475050893,5793.0,0.10810303746646405,2.8875231742858887,0.11908078193664551,0.07703733444213867,0.0014462471008300781,2.540898084640503,919,[512],exhausted,
Basketball_temporal/2006,Basketball_coarse,K100_A5,712779aad638f619,1787631472.850814,complete,334,3695,0.03322184459909011,55402.0,1312,6106.0,799,6076.0,0.10967113100610086,513,10,10,30.0,0.10963503122630952,0.5257378313334228,6074.0,0.12598226969484455,2.929098606109619,0.14444279670715332,0.08105254173278809,0.0014667510986328125,2.5263421535491943,942,[514],exhausted,
Basketball_temporal/2009,Basketball_coarse,K100_A5,712779aad638f619,1787631475.789318,complete,347,4155,0.034607119654844996,61946.0,1424,6309.0,903,6269.0,0.10120104607238563,521,19,10,40.0,0.1011526167952733,0.4860871208862313,6266.0,0.10176408855424697,4.025628089904785,0.18619561195373535,0.08722424507141113,0.0017020702362060547,3.5302672386169434,1039,[522],exhausted,
Basketball_temporal/2012,Basketball_coarse,K100_A5,712779aad638f619,1787631479.8243604,complete,345,4126,0.034765756656555444,61534.0,1389,5988.0,830,5925.0,0.09628823089674002,559,98,10,63.0,0.09628823089674002,0.4959479687206768,5925.0,0.1017020559487698,5.297592878341675,0.15061593055725098,0.09603214263916016,0.001773834228515625,4.863594055175781,969,[562],exhausted,
Basketball_temporal/2014,Basketball_coarse,K100_A5,712779aad638f619,1787631485.1314857,complete,351,4196,0.03415547415547415,60897.0,1471,6400.0,874,6373.0,0.10465211750989376,597,17,10,27.0,0.10455359048885823,0.5109577293161093,6367.0,0.09649165649165649,3.9337403774261475,0.17019271850585938,0.1053309440612793,0.0016922950744628906,3.4516420364379883,1019,[597],exhausted,
Basketball_temporal/1993,Basketball_coarse,K100_A5,712779aad638f619,1787631489.0746386,complete,298,3088,0.03489028992384697,48535.0,1095,5035.0,712,4985.0,0.1027093849799114,383,70,10,50.0,0.1027093849799114,0.49629582303608416,4985.0,0.09511219578333673,2.955742597579956,0.09986066818237305,0.05137467384338379,0.0012040138244628906,2.674793243408203,795,[385],exhausted,
Basketball_temporal/finer1985,Basketball_finer,K100_A5,712779aad638f619,1787631492.0397892,complete,282,4814,0.06075061204916585,518633.4,4254,245469.7,2407,245265.7,0.4729076453618298,1847,10,10,204.0,0.4729076453618298,0.15234186255636933,245265.7,0.2353549885161909,6.592602968215942,0.15995025634765625,0.10883140563964844,0.0012307167053222656,6.123032093048096,4244,[1847],exhausted,
Basketball_temporal/finer1988,Basketball_finer,K100_A5,712779aad638f619,1787631498.6418216,complete,290,5170,0.06168714950483236,584038.0,4564,275802.5,2585,275519.5,0.47174926973929776,1979,10,10,283.0,0.47174926973929776,0.14149848703496465,275519.5,0.23519866364395656,7.970224380493164,0.1728832721710205,0.12421274185180664,0.001312255859375,7.459214925765991,4554,[1979],exhausted,
Basketball_temporal/finer1991,Basketball_finer,K100_A5,712779aad638f619,1787631506.6214874,complete,295,5420,0.062492793727660555,630782.6,4751,297366.3,2710,297079.3,0.4709693957950013,2041,10,10,287.0,0.4709693957950013,0.1361804642686239,297079.3,0.19910065721203735,8.542267084121704,0.19675445556640625,0.1386260986328125,0.0013935565948486328,7.965914487838745,4743,[2041],exhausted,
Basketball_temporal/finer1994,Basketball_finer,K100_A5,712779aad638f619,1787631515.1732125,complete,301,5252,0.058161683277962346,608682.0,4644,287064.0,2626,286776.0,0.47114256705471824,2018,10,10,288.0,0.47114256705471824,0.1400517334492636,286776.0,0.21984496124031008,8.088487386703491,0.18239784240722656,0.13248872756958008,0.0013315677642822266,7.548100709915161,4634,[2018],exhausted,
Basketball_temporal/finer1997,Basketball_finer,K100_A5,712779aad638f619,1787631523.2711442,complete,305,5628,0.06069887834339948,582710.0,4983,274410.5,2814,274151.5,0.4704767380000343,2169,10,10,259.0,0.4704767380000343,0.13986389220615153,274151.5,0.2343183779119931,9.145100593566895,0.20035910606384277,0.15221381187438965,0.0014314651489257812,8.546617031097412,4975,[2169],exhausted,
Basketball_temporal/finer2000,Basketball_finer,K100_A5,712779aad638f619,1787631532.4257243,complete,318,6274,0.06223835882784755,634382.8,5565,298067.9,3137,297768.9,0.46938362767716907,2428,10,10,299.0,0.46938362767716907,0.13681100074301358,297768.9,0.19475031248139993,11.736937761306763,0.25836801528930664,0.19162869453430176,0.0015866756439208984,10.977792978286743,5563,[2428],exhausted,
Basketball_temporal/finer2003,Basketball_finer,K100_A5,712779aad638f619,1787631544.172151,complete,327,6356,0.05962364683589426,645095.2,5635,304576.6,3178,304318.6,0.47174215526638547,2457,11,10,258.0,0.47174215526638547,0.13541570956303872,304318.6,0.24108365696703626,12.042747497558594,0.2542691230773926,0.22599530220031738,0.0016646385192871094,11.255555629730225,5628,[2457],exhausted,
Basketball_temporal/finer2006,Basketball_finer,K100_A5,712779aad638f619,1787631556.2243512,complete,334,6680,0.06006006006006006,653869.4,5926,308180.7,3340,307955.69999999995,0.470974326065725,2586,10,10,225.0000000000582,0.470974326065725,0.13588814392993115,307955.69999999995,0.22339105572638507,13.268448114395142,0.27046704292297363,0.22783517837524414,0.0017969608306884766,12.444739580154419,5915,[2586],exhausted,
Basketball_temporal/finer2009,Basketball_finer,K100_A5,712779aad638f619,1787631569.5022573,complete,347,7478,0.06228448634871983,714987.7999999999,6668,336829.9,3739,336554.9,0.47071418561267764,2929,11,10,275.0,0.47071418561267764,0.1359963829364409,336554.9,0.20207892588829104,16.893657684326172,0.2948176860809326,0.2953450679779053,0.0019297599792480469,15.950168132781982,6663,[2929],exhausted,
Basketball_temporal/finer2012,Basketball_finer,K100_A5,712779aad638f619,1787631586.405259,complete,345,7580,0.06386922817660937,709133.5999999999,6744,333077.3,3790,332849.29999999993,0.4693746002163767,2954,10,10,228.0000000000582,0.4693746002163767,0.15080305114809522,332849.29999999993,0.19583754634310752,16.993637800216675,0.31660032272338867,0.272505521774292,0.0019102096557617188,16.027857303619385,6737,[2954],exhausted,
Football_data_England_Premier_League/England_2009_2010,Football_coarse,K100_A5,712779aad638f619,1787631603.4083138,complete,20,215,0.5657894736842105,559.0,100,76.0,56,76.0,0.13595706618962433,44,56,0,0.0,0.13595706618962433,0.4290569441685285,76.0,0.031578947368421054,0.04973268508911133,0.0008597373962402344,0.0005323886871337891,8.869171142578125e-05,0.04468345642089844,45,[44],exhausted,
Football_data_England_Premier_League/England_2010_2011,Football_coarse,K100_A5,712779aad638f619,1787631603.467345,complete,20,219,0.5763157894736842,485.0,125,114.0,74,114.0,0.23505154639175257,51,74,0,0.0,0.23505154639175257,0.5653113535932368,114.0,0.09473684210526316,0.061798095703125,0.0011601448059082031,0.0005629062652587891,8.296966552734375e-05,0.0561985969543457,65,[51],exhausted,
Football_data_England_Premier_League/England_2011_2012,Football_coarse,K100_A5,712779aad638f619,1787631603.5382915,complete,20,226,0.5947368421052631,548.0,110,99.0,70,99.0,0.18065693430656934,40,70,0,0.0,0.18065693430656934,0.5105298240287788,99.0,0.06842105263157895,0.06134963035583496,0.001218557357788086,0.0005071163177490234,8.988380432128906e-05,0.05569171905517578,59,[40],exhausted,
Football_data_England_Premier_League/finerEngland_2009_2010,Football_finer,K100_A5,712779aad638f619,1787631603.6085517,complete,20,380,1.0,1129.0,282,373.9999999999999,191,370.1999999999999,0.3279007971656332,91,100,3,3.8000000000000114,0.32683790965456144,0.19278225789494957,368.9999999999999,0.10526315789473684,0.11836504936218262,0.004761219024658203,0.0008935928344726562,0.00010919570922851562,0.10399127006530762,268,[92],exhausted,
Football_data_England_Premier_League/finerEngland_2010_2011,Football_finer,K100_A5,712779aad638f619,1787631603.7362936,complete,20,380,1.0,1139.0,298,457.9999999999999,190,448.9999999999999,0.3942054433713783,108,100,3,9.0,0.3942054433713783,0.26110521996719516,448.9999999999999,0.13157894736842105,0.12085914611816406,0.005312919616699219,0.0009722709655761719,0.00010514259338378906,0.1053004264831543,281,[108],exhausted,
Football_data_England_Premier_League/finerEngland_2011_2012,Football_finer,K100_A5,712779aad638f619,1787631603.8662949,complete,20,380,1.0,1142.0,292,414.9999999999999,190,407.9999999999999,0.35726795096322234,102,100,3,7.0,0.35726795096322234,0.24186388491705824,407.9999999999999,0.11578947368421053,0.12076568603515625,0.005309104919433594,0.0009379386901855469,0.00010395050048828125,0.10515689849853516,273,[102],exhausted,
FacultyHiringNetworks/Business/Business_FM_Full_,Faculty,K100_A5,712779aad638f619,1787631603.996795,complete,113,1787,0.14119785082174463,3255.0,308,159.0,133,159.0,0.04884792626728111,175,100,0,0.0,0.04884792626728111,0.4879582476096295,159.0,0.09165613147914033,0.9938459396362305,0.0032432079315185547,0.005396842956542969,0.0008289813995361328,0.964841365814209,68,[175],exhausted,
FacultyHiringNetworks/History/History_FM_Full_,Faculty,K100_A5,712779aad638f619,1787631605.0002182,complete,145,1204,0.057662835249042144,1776.0,144,54.0,52,54.0,0.030405405405405407,92,52,0,0.0,0.030405405405405407,0.5170612976755534,54.0,0.11293103448275862,0.4071464538574219,0.0011630058288574219,0.003297567367553711,0.0005900859832763672,0.3884155750274658,26,[92],exhausted,
FacultyHiringNetworks/ComputerScience/ComputerScience_FM_Full_,Faculty,K100_A5,712779aad638f619,1787631605.4168315,complete,206,1407,0.033317546767700684,1957.0,176,66.0,62,66.0,0.03372508942258559,114,62,0,0.0,0.03372508942258559,0.5737833399383746,66.0,0.1369168837319441,0.6514773368835449,0.0018911361694335938,0.005109071731567383,0.0007002353668212891,0.6274962425231934,27,[114],exhausted,
Dryad_animal_society,Animal,K100_A5,712779aad638f619,1787631606.0780706,complete,21,193,0.4595238095238095,939.0,60,74.0,42,74.0,0.07880724174653887,18,42,0,0.0,0.07880724174653887,0.4459050280269133,74.0,0.0380952380952381,0.03521323204040527,0.0007255077362060547,0.0003688335418701172,9.107589721679688e-05,0.030785799026489258,37,[18],exhausted,
Halo2BetaData,Halo,K100_A5,712779aad638f619,1787631606.1223812,complete,602,5010,0.013847352972067595,23953.0,1952,3302.0,1042,3283.0,0.13706007598213168,910,44,10,19.0,0.4305097460746765,0.5514235418490658,10312.0,0.43722256925058456,6.765113592147827,0.08286929130554199,0.32300615310668945,0.0015549659729003906,6.238518238067627,690,[910],exhausted,
finance,Finance,FINANCE_A0,712779aad638f619,1787631612.8972616,complete,1315,1729225,1.0007610350076104,1498901.3242420051,262066,218242.91685840706,262066,218242.91685840706,0.14560192410849498,0,0,0,0.0,0.4999726061783231,0.4988085039256544,749409.601485415,0.0,612.5528061389923,600.0096893310547,0.0002086162567138672,0.5206563472747803,0.0,262066,[0],phase_b_disabled,
finance,Finance,FINANCE_A2,712779aad638f619,1787632225.4616542,complete,1315,1729225,1.0007610350076104,1498901.3242420051,264400,220111.80251624942,264400,220111.80251624942,0.14684876112679401,0,0,0,0.0,0.4999726061783231,0.4988085039256544,749409.601485415,0.0,1214.7641153335571,600.0107569694519,1.783324956893921,0.5113756656646729,0.0,264400,[0],time_limit,
finance,Finance,FINANCE_A4,712779aad638f619,1787633440.2382402,complete,1315,1729225,1.0007610350076104,1498901.3242420051,274750,228690.2130121995,274750,228690.2130121995,0.15257189336852992,0,0,0,0.0,0.4999726061783231,0.4988085039256544,749409.601485415,0.0,1214.573858499527,600.0108060836792,1.7526648044586182,0.5142672061920166,0.0,274750,[0],time_limit,
finance,Finance,FINANCE_A6,712779aad638f619,1787665778.3170958,TIMEOUT_HARD_WALLCLOCK,1315,1729225,1.0007610350076104,,,,,,,,,,,,,,,1800.0987877845764,,,,,,,hard_wallclock_timeout,TIMEOUT_HARD_WALLCLOCK
