dataset,family,config,config_hash,timestamp,status,n,m,density,total_edge_weight,removed_phaseA_count,removed_phaseA_weight,removed_final_count,removed_final_weight,normalized_removed_weight,restored_edge_count,mincut_attempts,mincut_accepted,mincut_gain,upset_simple,upset_ratio,upset_naive,permutation_distance_vs_p1,runtime_total_sec,runtime_phaseA_sec,runtime_phaseB_sec,runtime_phaseC_sec,runtime_mincut_sec,phase1_iterations,reinserted_per_pass,break_reason,terminal_classification
Basketball_temporal/1985,Basketball_coarse,A0,712779aad638f619,1787630193.298617,complete,282,2904,0.03664723252820474,40493.0,1074,7341.0,1074,7341.0,0.1812905934359025,0,0,0,0.0,0.11898352801718816,0.4571296595970426,4818.0,0.0,0.10869979858398438,0.08330774307250977,2.6226043701171875e-06,0.0009860992431640625,0.0,758,[0],phase_b_disabled,
Basketball_temporal/1985,Basketball_coarse,A1,712779aad638f619,1787630207.1329515,complete,282,2904,0.03664723252820474,40493.0,1074,4780.0,762,4780.0,0.11804509421381473,312,0,0,0.0,0.11804509421381473,0.45794183965857993,4780.0,0.015370636783523888,0.196244478225708,0.08244919776916504,0.004442691802978516,0.0010693073272705078,0.0,758,"[305, 7, 0]",no_change,
Basketball_temporal/1985,Basketball_coarse,A2,712779aad638f619,1787630216.2996604,complete,282,2904,0.03664723252820474,40493.0,1074,4031.0,690,4031.0,0.09954807003679648,384,0,0,0.0,0.09954807003679648,0.46287807766192984,4031.0,0.09373816915272204,0.23147010803222656,0.0825357437133789,0.040111541748046875,0.0011959075927734375,0.0,758,[384],exhausted,
Basketball_temporal/1985,Basketball_coarse,A3,712779aad638f619,1787630250.2839947,complete,282,2904,0.03664723252820474,40493.0,1074,4780.0,762,4780.0,0.11804509421381473,312,0,0,0.0,0.11678561726718198,0.45106086472266094,4729.0,0.01557254991040105,0.2982771396636963,0.08380866050720215,0.004440784454345703,0.10310626029968262,0.0,758,"[305, 7, 0]",no_change,
Basketball_temporal/1985,Basketball_coarse,A4,712779aad638f619,1787630262.850036,complete,282,2904,0.03664723252820474,40493.0,1074,4031.0,690,4031.0,0.09954807003679648,384,0,0,0.0,0.09954807003679648,0.4537179485826296,4031.0,0.09373816915272204,0.3315310478210449,0.0835115909576416,0.041046142578125,0.0990300178527832,0.0,758,[384],exhausted,
Basketball_temporal/1985,Basketball_coarse,A5,712779aad638f619,1787630305.9873471,complete,282,2904,0.03664723252820474,40493.0,1074,4031.0,692,3948.0,0.0974983330452177,382,27,10,83.0,0.09717728990195837,0.4652678441069052,3935.0,0.0967921051967391,2.205650806427002,0.0847320556640625,0.04062008857727051,0.0011968612670898438,1.9686884880065918,758,[384],exhausted,
Basketball_temporal/1985,Basketball_coarse,A6,712779aad638f619,1787630475.0950785,complete,282,2904,0.03664723252820474,40493.0,1074,4031.0,692,3948.0,0.0974983330452177,382,27,10,83.0,0.09717728990195837,0.4652678441069052,3935.0,0.0967921051967391,2.3335020542144775,0.08555388450622559,0.04068470001220703,0.10224771499633789,1.989999532699585,758,[384],exhausted,
Basketball_temporal/1986,Basketball_coarse,A0,712779aad638f619,1787630198.2108116,complete,283,2937,0.03680174422975716,42282.0,1081,7659.0,1081,7659.0,0.1811409110259685,0,0,0,0.0,0.11487157655740031,0.4915088615879581,4857.0,0.0,0.11801791191101074,0.09366869926452637,1.9073486328125e-06,0.001008749008178711,0.0,790,[0],phase_b_disabled,
Basketball_temporal/1986,Basketball_coarse,A2,712779aad638f619,1787630228.5836656,complete,283,2937,0.03680174422975716,42282.0,1081,4189.0,684,4189.0,0.09907289153777021,397,0,0,0.0,0.09907289153777021,0.49779485835405946,4189.0,0.12723354133774403,0.2644016742706299,0.09611296653747559,0.04693007469177246,0.0011928081512451172,0.0,790,[397],exhausted,
Basketball_temporal/1986,Basketball_coarse,A4,712779aad638f619,1787630278.4023333,complete,283,2937,0.03680174422975716,42282.0,1081,4189.0,684,4189.0,0.09907289153777021,397,0,0,0.0,0.09907289153777021,0.4905395533266876,4189.0,0.12723354133774403,0.3557884693145752,0.09386563301086426,0.04555964469909668,0.09823179244995117,0.0,790,[397],exhausted,
Basketball_temporal/1986,Basketball_coarse,A6,712779aad638f619,1787630641.050757,complete,283,2937,0.03680174422975716,42282.0,1081,4189.0,685,4147.0,0.09807956104252401,396,14,10,42.0,0.09798495813821484,0.4994677975517096,4143.0,0.12811066837079918,2.1442055702209473,0.09230232238769531,0.04461860656738281,0.09692978858947754,1.7923719882965088,790,[397],exhausted,
Basketball_temporal/1987,Basketball_coarse,A0,712779aad638f619,1787630198.329408,complete,290,3045,0.03633217993079585,43841.0,1107,7864.0,1107,7864.0,0.17937547045003535,0,0,0,0.0,0.12168974247850185,0.4942987992575535,5335.0,0.0,0.12113714218139648,0.0960540771484375,1.430511474609375e-06,0.0009970664978027344,0.0,795,[0],phase_b_disabled,
Basketball_temporal/1987,Basketball_coarse,A2,712779aad638f619,1787630228.8496275,complete,290,3045,0.03633217993079585,43841.0,1107,4480.0,727,4480.0,0.10218745010378413,380,0,0,0.0,0.10218745010378413,0.5003315857552244,4480.0,0.09874716620928291,0.26578354835510254,0.09584379196166992,0.04768776893615723,0.0011773109436035156,0.0,795,[380],exhausted,
Basketball_temporal/1987,Basketball_coarse,A4,712779aad638f619,1787630278.7608287,complete,290,3045,0.03633217993079585,43841.0,1107,4480.0,727,4480.0,0.10218745010378413,380,0,0,0.0,0.10161720763668712,0.4933408696631285,4455.0,0.09879489321083403,0.3726480007171631,0.09626603126525879,0.04762530326843262,0.10769915580749512,0.0,795,[380],exhausted,
Basketball_temporal/1987,Basketball_coarse,A6,712779aad638f619,1787630643.1986735,complete,290,3045,0.03633217993079585,43841.0,1107,4480.0,727,4425.0,0.10093291667617071,380,10,10,55.0,0.10093291667617071,0.5018330204822493,4425.0,0.09831762319532275,2.2824349403381348,0.09460306167602539,0.04737401008605957,0.10552382469177246,1.9131865501403809,795,[380],exhausted,
Basketball_temporal/1988,Basketball_coarse,A0,712779aad638f619,1787630193.4075475,complete,290,3099,0.03697649445173607,47701.0,1155,9054.0,1155,9054.0,0.18980734156516635,0,0,0,0.0,0.12259701054485231,0.4930276935153653,5848.0,0.0,0.11072015762329102,0.08497905731201172,2.1457672119140625e-06,0.0010194778442382812,0.0,821,[0],phase_b_disabled,
Basketball_temporal/1988,Basketball_coarse,A1,712779aad638f619,1787630207.330204,complete,290,3099,0.03697649445173607,47701.0,1155,5783.0,803,5783.0,0.12123435567388524,352,0,0,0.0,0.12123435567388524,0.4869309210884603,5783.0,0.01885216561269538,0.1990489959716797,0.08340311050415039,0.00478363037109375,0.0011458396911621094,0.0,821,"[344, 7, 1]",max_passes,
Basketball_temporal/1988,Basketball_coarse,A2,712779aad638f619,1787630216.532442,complete,290,3099,0.03697649445173607,47701.0,1155,4857.0,730,4857.0,0.1018217647428775,425,0,0,0.0,0.1018217647428775,0.47731721189228,4857.0,0.12735950363918386,0.24891376495361328,0.08431363105773926,0.05185890197753906,0.0012271404266357422,0.0,821,[425],exhausted,
Basketball_temporal/1988,Basketball_coarse,A3,712779aad638f619,1787630250.5843525,complete,290,3099,0.03697649445173607,47701.0,1155,5783.0,803,5783.0,0.12123435567388524,352,0,0,0.0,0.12062640196222302,0.4799318978289564,5754.0,0.0189714831165732,0.30951714515686035,0.08534979820251465,0.004858732223510742,0.10939240455627441,0.0,821,"[344, 7, 1]",max_passes,
Basketball_temporal/1988,Basketball_coarse,A4,712779aad638f619,1787630263.183818,complete,290,3099,0.03697649445173607,47701.0,1155,4857.0,730,4857.0,0.1018217647428775,425,0,0,0.0,0.1018217647428775,0.46823382169098277,4857.0,0.12735950363918386,0.34849095344543457,0.08458662033081055,0.050867557525634766,0.1007380485534668,0.0,821,[425],exhausted,
Basketball_temporal/1988,Basketball_coarse,A5,712779aad638f619,1787630308.1961322,complete,290,3099,0.03697649445173607,47701.0,1155,4857.0,735,4810.0,0.10083646045156286,420,102,10,47.0,0.10075260476719565,0.48064759705566956,4806.0,0.12969812671518913,3.471928834915161,0.08562445640563965,0.052092790603637695,0.0012726783752441406,3.2188451290130615,821,[425],exhausted,
Basketball_temporal/1988,Basketball_coarse,A6,712779aad638f619,1787630477.4320638,complete,290,3099,0.03697649445173607,47701.0,1155,4857.0,735,4810.0,0.10083646045156286,420,102,10,47.0,0.10075260476719565,0.48064759705566956,4806.0,0.12969812671518913,3.7128701210021973,0.08787989616394043,0.05323982238769531,0.10542511940002441,3.356355905532837,821,[425],exhausted,
Basketball_temporal/1989,Basketball_coarse,A0,712779aad638f619,1787630198.451104,complete,293,3162,0.03695824956753471,49151.0,1119,8935.0,1119,8935.0,0.18178673882525279,0,0,0,0.0,0.11997721307806555,0.494609623624423,5897.0,0.0,0.13522005081176758,0.10973548889160156,1.6689300537109375e-06,0.0010552406311035156,0.0,838,[0],phase_b_disabled,
Basketball_temporal/1989,Basketball_coarse,A2,712779aad638f619,1787630229.116998,complete,293,3162,0.03695824956753471,49151.0,1119,4991.0,744,4991.0,0.10154422087037904,375,0,0,0.0,0.10154422087037904,0.5007927900319898,4991.0,0.11477862452662584,0.28970861434936523,0.10837626457214355,0.046152353286743164,0.0012137889862060547,0.0,838,[375],exhausted,
Basketball_temporal/1989,Basketball_coarse,A4,712779aad638f619,1787630279.1360717,complete,293,3162,0.03695824956753471,49151.0,1119,4991.0,744,4991.0,0.10154422087037904,375,0,0,0.0,0.10148318447234034,0.49476108338589164,4988.0,0.11480200102856608,0.39830756187438965,0.10908842086791992,0.046480417251586914,0.10864543914794922,0.0,838,[375],exhausted,
Basketball_temporal/1989,Basketball_coarse,A6,712779aad638f619,1787630645.4848523,complete,293,3162,0.03695824956753471,49151.0,1119,4991.0,745,4939.0,0.10048625663770828,374,39,10,52.0,0.10038452930764379,0.5020282870301574,4934.0,0.11643835616438356,2.772783041000366,0.10802221298217773,0.04560661315917969,0.10869526863098145,2.374894380569458,838,[375],exhausted,
Basketball_temporal/1990,Basketball_coarse,A0,712779aad638f619,1787630198.586894,complete,292,3192,0.03756531563338512,48502.0,1144,9102.0,1144,9102.0,0.18766236443857987,0,0,0,0.0,0.12213929322502165,0.47842395659082626,5924.0,0.0,0.14165735244750977,0.11546993255615234,1.9073486328125e-06,0.0010514259338378906,0.0,808,[0],phase_b_disabled,
Basketball_temporal/1990,Basketball_coarse,A2,712779aad638f619,1787630229.40829,complete,292,3192,0.03756531563338512,48502.0,1144,4954.0,724,4954.0,0.10214011793328111,420,0,0,0.0,0.10214011793328111,0.4708540670957008,4954.0,0.10335169232217671,0.3093597888946533,0.11432027816772461,0.05319929122924805,0.0012445449829101562,0.0,808,[420],exhausted,
Basketball_temporal/1990,Basketball_coarse,A4,712779aad638f619,1787630279.5370135,complete,292,3192,0.03756531563338512,48502.0,1144,4954.0,724,4954.0,0.10214011793328111,420,0,0,0.0,0.10203702940084945,0.46228819723358466,4949.0,0.10337522948736054,0.4185512065887451,0.11569070816040039,0.05333113670349121,0.108734130859375,0.0,808,[420],exhausted,
Basketball_temporal/1990,Basketball_coarse,A6,712779aad638f619,1787630648.2764242,complete,292,3192,0.03756531563338512,48502.0,1144,4954.0,727,4902.0,0.10106799719599192,417,81,10,52.0,0.10049070141437466,0.4703678409030276,4874.0,0.11307254154309655,3.3922221660614014,0.1132516860961914,0.05306363105773926,0.10768985748291016,2.976595401763916,808,[420],exhausted,
Basketball_temporal/1991,Basketball_coarse,A0,712779aad638f619,1787630193.5184946,complete,295,3218,0.03710365502133057,52133.0,1160,9303.0,1160,9303.0,0.17844743252834097,0,0,0,0.0,0.11844704889417451,0.46378504429214873,6175.0,0.0,0.16016507148742676,0.13409042358398438,1.9073486328125e-06,0.0010662078857421875,0.0,875,[0],phase_b_disabled,
Basketball_temporal/1991,Basketball_coarse,A1,712779aad638f619,1787630207.5302951,complete,295,3218,0.03710365502133057,52133.0,1160,6139.0,810,6139.0,0.11775650739454856,350,0,0,0.0,0.11775650739454856,0.4590799850273461,6139.0,0.012729159460394327,0.2994077205657959,0.13350820541381836,0.005103349685668945,0.0012001991271972656,0.0,875,"[345, 5, 0]",no_change,
Basketball_temporal/1991,Basketball_coarse,A2,712779aad638f619,1787630216.7826774,complete,295,3218,0.03710365502133057,52133.0,1160,5308.0,749,5308.0,0.10181650777818273,411,0,0,0.0,0.10181650777818273,0.4577467651395487,5308.0,0.09678312002767209,0.34908556938171387,0.13597440719604492,0.048023223876953125,0.0013380050659179688,0.0,875,[411],exhausted,
Basketball_temporal/1991,Basketball_coarse,A3,712779aad638f619,1787630250.8958507,complete,295,3218,0.03710365502133057,52133.0,1160,6139.0,810,6139.0,0.11775650739454856,350,0,0,0.0,0.11537797556250359,0.4531900842770146,6015.0,0.012982820246742764,0.4140744209289551,0.13635587692260742,0.005069255828857422,0.1102144718170166,0.0,875,"[345, 5, 0]",no_change,
Basketball_temporal/1991,Basketball_coarse,A4,712779aad638f619,1787630263.5346475,complete,295,3218,0.03710365502133057,52133.0,1160,5308.0,749,5308.0,0.10181650777818273,411,0,0,0.0,0.1017589626532139,0.45049485269184525,5305.0,0.09680618009915831,0.45845675468444824,0.13638067245483398,0.04807758331298828,0.11228227615356445,0.0,875,[411],exhausted,
Basketball_temporal/1991,Basketball_coarse,A5,712779aad638f619,1787630311.6862488,complete,295,3218,0.03710365502133057,52133.0,1160,5308.0,749,5250.0,0.10070396869545202,411,10,10,58.0,0.10045460648725375,0.45724612777930007,5237.0,0.0983973250317076,2.5633909702301025,0.13555121421813965,0.048459529876708984,0.0013246536254882812,2.2089035511016846,875,[411],exhausted,
Basketball_temporal/1991,Basketball_coarse,A6,712779aad638f619,1787630481.1483116,complete,295,3218,0.03710365502133057,52133.0,1160,5308.0,749,5250.0,0.10070396869545202,411,10,10,58.0,0.10045460648725375,0.45724612777930007,5237.0,0.0983973250317076,2.5274150371551514,0.13186025619506836,0.0473637580871582,0.11022591590881348,2.0780298709869385,875,[411],exhausted,
Basketball_temporal/1992,Basketball_coarse,A0,712779aad638f619,1787630198.7291856,complete,298,3238,0.036585090276365445,52990.0,1155,9713.0,1155,9713.0,0.18329873561049254,0,0,0,0.0,0.12279675410454803,0.46876093481428904,6507.0,0.0,0.1614091396331787,0.13425898551940918,2.1457672119140625e-06,0.0010716915130615234,0.0,842,[0],phase_b_disabled,
Basketball_temporal/1992,Basketball_coarse,A2,712779aad638f619,1787630229.7192433,complete,298,3238,0.036585090276365445,52990.0,1155,5261.0,734,5261.0,0.09928288356293641,421,0,0,0.0,0.09928288356293641,0.47909289600134536,5261.0,0.1042415203489029,0.34793949127197266,0.13502717018127441,0.05133366584777832,0.0012600421905517578,0.0,842,[421],exhausted,
Basketball_temporal/1992,Basketball_coarse,A4,712779aad638f619,1787630279.9581742,complete,298,3238,0.036585090276365445,52990.0,1155,5261.0,734,5261.0,0.09928288356293641,421,0,0,0.0,0.09924514059256463,0.471111065807879,5259.0,0.10426411768693648,0.4622340202331543,0.14006590843200684,0.05130505561828613,0.10981369018554688,0.0,842,[421],exhausted,
Basketball_temporal/1992,Basketball_coarse,A6,712779aad638f619,1787630651.6723993,complete,298,3238,0.036585090276365445,52990.0,1155,5261.0,738,5208.0,0.09828269484808455,417,53,10,53.0,0.0982260803925269,0.4808155307347145,5205.0,0.1055747632928841,3.0133461952209473,0.13327383995056152,0.051006317138671875,0.10819196701049805,2.5587668418884277,842,[421],exhausted,
Basketball_temporal/1993,Basketball_coarse,A0,712779aad638f619,1787630195.0694327,complete,298,3088,0.03489028992384697,48535.0,1095,8984.0,1095,8984.0,0.1851035335325023,0,0,0,0.0,0.12489955702070671,0.4807220558033008,6062.0,0.0,0.1264479160308838,0.10081124305725098,1.6689300537109375e-06,0.0010290145874023438,0.0,795,[0],phase_b_disabled,
Basketball_temporal/1993,Basketball_coarse,A1,712779aad638f619,1787630210.4506347,complete,298,3088,0.03489028992384697,48535.0,1095,6007.0,790,6007.0,0.12376635417739776,305,0,0,0.0,0.12376635417739776,0.48152638155633837,6007.0,0.019411113370844914,0.23693084716796875,0.1020503044128418,0.004895687103271484,0.0011723041534423828,0.0,795,"[299, 6, 0]",no_change,
Basketball_temporal/1993,Basketball_coarse,A2,712779aad638f619,1787630220.393012,complete,298,3088,0.03489028992384697,48535.0,1095,5035.0,710,5035.0,0.10373956938291955,385,0,0,0.0,0.10373956938291955,0.49449650937971307,5035.0,0.09276207262784444,0.2861497402191162,0.10375666618347168,0.05182313919067383,0.0012094974517822266,0.0,795,[385],exhausted,
Basketball_temporal/1993,Basketball_coarse,A3,712779aad638f619,1787630254.9240847,complete,298,3088,0.03489028992384697,48535.0,1095,6007.0,790,6007.0,0.12376635417739776,305,0,0,0.0,0.12073761203255383,0.47384275147627397,5860.0,0.01970487876528145,0.351088285446167,0.10502886772155762,0.004890918731689453,0.1126399040222168,0.0,795,"[299, 6, 0]",no_change,
Basketball_temporal/1993,Basketball_coarse,A4,712779aad638f619,1787630268.3171144,complete,298,3088,0.03489028992384697,48535.0,1095,5035.0,710,5035.0,0.10373956938291955,385,0,0,0.0,0.10373956938291955,0.48807612884221246,5035.0,0.09276207262784444,0.3958570957183838,0.1047971248626709,0.05312609672546387,0.10853338241577148,0.0,795,[385],exhausted,
Basketball_temporal/1993,Basketball_coarse,A5,712779aad638f619,1787630345.4342325,complete,298,3088,0.03489028992384697,48535.0,1095,5035.0,712,4985.0,0.1027093849799114,383,70,10,50.0,0.1027093849799114,0.49629582303608416,4985.0,0.09511219578333673,3.0460762977600098,0.10199117660522461,0.051857709884643555,0.0012159347534179688,2.759584426879883,795,[385],exhausted,
Basketball_temporal/1993,Basketball_coarse,A6,712779aad638f619,1787630515.0402606,complete,298,3088,0.03489028992384697,48535.0,1095,5035.0,712,4985.0,0.1027093849799114,383,70,10,50.0,0.1027093849799114,0.49629582303608416,4985.0,0.09511219578333673,3.0547683238983154,0.10006856918334961,0.05150246620178223,0.10628342628479004,2.669080972671509,795,[385],exhausted,
Basketball_temporal/1994,Basketball_coarse,A0,712779aad638f619,1787630193.6789274,complete,301,3144,0.03481727574750831,51068.0,1099,9381.0,1099,9381.0,0.18369624813973526,0,0,0,0.0,0.12160256912352158,0.46764444582893633,6210.0,0.0,0.1286015510559082,0.10185527801513672,1.6689300537109375e-06,0.0010986328125,0.0,849,[0],phase_b_disabled,
Basketball_temporal/1994,Basketball_coarse,A1,712779aad638f619,1787630207.830708,complete,301,3144,0.03481727574750831,51068.0,1099,6171.0,786,6171.0,0.12083888149134488,313,0,0,0.0,0.12083888149134488,0.4685511790337731,6171.0,0.010143964562569214,0.2359461784362793,0.10164022445678711,0.005074739456176758,0.0012104511260986328,0.0,849,"[311, 2, 0]",no_change,
Basketball_temporal/1994,Basketball_coarse,A2,712779aad638f619,1787630217.1330814,complete,301,3144,0.03481727574750831,51068.0,1099,5093.0,705,5093.0,0.0997297720686144,394,0,0,0.0,0.0997297720686144,0.4650117971288989,5093.0,0.11362126245847176,0.28629469871520996,0.10355305671691895,0.05325484275817871,0.0012423992156982422,0.0,849,[394],exhausted,
Basketball_temporal/1994,Basketball_coarse,A3,712779aad638f619,1787630251.311946,complete,301,3144,0.03481727574750831,51068.0,1099,6171.0,786,6171.0,0.12083888149134488,313,0,0,0.0,0.11985979478342602,0.46222143593003756,6121.0,0.010276854928017718,0.34720277786254883,0.1033785343170166,0.004962444305419922,0.11079120635986328,0.0,849,"[311, 2, 0]",no_change,
Basketball_temporal/1994,Basketball_coarse,A4,712779aad638f619,1787630263.9955468,complete,301,3144,0.03481727574750831,51068.0,1099,5093.0,705,5093.0,0.0997297720686144,394,0,0,0.0,0.09959269992950576,0.45838042296032355,5086.0,0.11364341085271318,0.40102529525756836,0.1035001277923584,0.05320596694946289,0.11465835571289062,0.0,849,[394],exhausted,
Basketball_temporal/1994,Basketball_coarse,A5,712779aad638f619,1787630314.252936,complete,301,3144,0.03481727574750831,51068.0,1099,5093.0,709,5012.0,0.09814365160178586,390,45,10,81.0,0.09784992558941019,0.46450072260645925,4997.0,0.11357696566998893,2.9434030055999756,0.10862612724304199,0.053685903549194336,0.001314401626586914,2.649719715118408,849,[394],exhausted,
Basketball_temporal/1994,Basketball_coarse,A6,712779aad638f619,1787630483.6790812,complete,301,3144,0.03481727574750831,51068.0,1099,5093.0,709,5012.0,0.09814365160178586,390,45,10,81.0,0.09784992558941019,0.46450072260645925,4997.0,0.11357696566998893,2.758159637451172,0.10069680213928223,0.05200529098510742,0.11203455924987793,2.364725351333618,849,[394],exhausted,
Basketball_temporal/1995,Basketball_coarse,A0,712779aad638f619,1787630198.891221,complete,302,3182,0.03500473036896878,51675.0,1157,9558.0,1157,9558.0,0.18496371552975327,0,0,0,0.0,0.12417997097242381,0.4780382251417253,6417.0,0.0,0.13817214965820312,0.11198067665100098,2.384185791015625e-06,0.00104522705078125,0.0,850,[0],phase_b_disabled,
Basketball_temporal/1995,Basketball_coarse,A2,712779aad638f619,1787630230.0687563,complete,302,3182,0.03500473036896878,51675.0,1157,5390.0,725,5390.0,0.10430575713594581,432,0,0,0.0,0.10430575713594581,0.4600492308049069,5390.0,0.10604827176519768,0.3031046390533447,0.11182975769042969,0.052152395248413086,0.0012421607971191406,0.0,850,[432],exhausted,
Basketball_temporal/1995,Basketball_coarse,A4,712779aad638f619,1787630280.422996,complete,302,3182,0.03500473036896878,51675.0,1157,5390.0,725,5390.0,0.10430575713594581,432,0,0,0.0,0.10430575713594581,0.4520266035391816,5390.0,0.10604827176519768,0.4095480442047119,0.11157464981079102,0.05199575424194336,0.1069328784942627,0.0,850,[432],exhausted,
Basketball_temporal/1995,Basketball_coarse,A6,712779aad638f619,1787630654.6895792,complete,302,3182,0.03500473036896878,51675.0,1157,5390.0,726,5342.0,0.10337687469762942,431,37,10,48.0,0.10335752298016448,0.4600072053329817,5341.0,0.11003058238542607,2.9083709716796875,0.1111762523651123,0.05198407173156738,0.23844408988952637,2.367309331893921,850,[432],exhausted,
Basketball_temporal/1996,Basketball_coarse,A0,712779aad638f619,1787630199.0300252,complete,305,3256,0.03511647972389991,51294.0,1197,10601.0,1197,10601.0,0.20667134557648068,0,0,0,0.0,0.1349865481342847,0.4853264407200022,6924.0,0.0,0.13692855834960938,0.11014318466186523,1.9073486328125e-06,0.0010671615600585938,0.0,889,[0],phase_b_disabled,
Basketball_temporal/1996,Basketball_coarse,A2,712779aad638f619,1787630230.3735673,complete,305,3256,0.03511647972389991,51294.0,1197,5559.0,751,5559.0,0.10837524856708387,446,0,0,0.0,0.10837524856708387,0.48891639004689846,5559.0,0.09915875754961173,0.3039257526397705,0.11030006408691406,0.05557107925415039,0.0012805461883544922,0.0,889,[446],exhausted,
Basketball_temporal/1996,Basketball_coarse,A4,712779aad638f619,1787630280.835191,complete,305,3256,0.03511647972389991,51294.0,1197,5559.0,751,5559.0,0.10837524856708387,446,0,0,0.0,0.10829726673685032,0.4818445980747301,5555.0,0.09920189818809319,0.4154398441314697,0.1111900806427002,0.05550980567932129,0.11111974716186523,0.0,889,[446],exhausted,
Basketball_temporal/1996,Basketball_coarse,A6,712779aad638f619,1787630657.6017628,complete,305,3256,0.03511647972389991,51294.0,1197,5559.0,753,5511.0,0.1074394666042812,444,59,10,48.0,0.10714703474090537,0.4926583371910183,5496.0,0.10133735979292494,3.1968910694122314,0.10981917381286621,0.05536460876464844,0.1096048355102539,2.783759832382202,889,[446],exhausted,
Basketball_temporal/1997,Basketball_coarse,A0,712779aad638f619,1787630193.807785,complete,305,3333,0.035946937014667814,52037.0,1232,10760.0,1232,10760.0,0.20677594788323692,0,0,0,0.0,0.13594173376635854,0.48875371794603417,7074.0,0.0,0.1657121181488037,0.1387956142425537,1.6689300537109375e-06,0.001111745834350586,0.0,948,[0],phase_b_disabled,
Basketball_temporal/1997,Basketball_coarse,A1,712779aad638f619,1787630208.067654,complete,305,3333,0.035946937014667814,52037.0,1232,6921.0,847,6921.0,0.13300151815054673,385,0,0,0.0,0.13300151815054673,0.4841280674034276,6921.0,0.019240724762726487,0.31073999404907227,0.1376204490661621,0.00518798828125,0.0012400150299072266,0.0,948,"[370, 13, 2]",max_passes,
Basketball_temporal/1997,Basketball_coarse,A2,712779aad638f619,1787630217.4206781,complete,305,3333,0.035946937014667814,52037.0,1232,5857.0,787,5857.0,0.11255452850856122,445,0,0,0.0,0.11255452850856122,0.5118884859958043,5857.0,0.12965918895599654,0.3663942813873291,0.13890576362609863,0.05766034126281738,0.0013613700866699219,0.0,948,[445],exhausted,
Basketball_temporal/1997,Basketball_coarse,A3,712779aad638f619,1787630251.6611767,complete,305,3333,0.035946937014667814,52037.0,1232,6921.0,847,6921.0,0.13300151815054673,385,0,0,0.0,0.131022157311144,0.47780339710709147,6818.0,0.01943485763589301,0.42496538162231445,0.14003682136535645,0.005319833755493164,0.11369585990905762,0.0,948,"[370, 13, 2]",max_passes,
Basketball_temporal/1997,Basketball_coarse,A4,712779aad638f619,1787630264.3989346,complete,305,3333,0.035946937014667814,52037.0,1232,5857.0,787,5857.0,0.11255452850856122,445,0,0,0.0,0.11249687722197667,0.503928745818332,5854.0,0.12968075927523728,0.482025146484375,0.13983726501464844,0.05856180191040039,0.11539173126220703,0.0,948,[445],exhausted,
Basketball_temporal/1997,Basketball_coarse,A5,712779aad638f619,1787630317.199523,complete,305,3333,0.035946937014667814,52037.0,1232,5857.0,787,5800.0,0.11145915406345484,445,10,10,57.0,0.11145915406345484,0.5126868410904457,5800.0,0.13257118205349439,2.6278812885284424,0.14028334617614746,0.05756711959838867,0.0013325214385986328,2.261605978012085,948,[445],exhausted,
Basketball_temporal/1997,Basketball_coarse,A6,712779aad638f619,1787630486.4555879,complete,305,3333,0.035946937014667814,52037.0,1232,5857.0,787,5800.0,0.11145915406345484,445,10,10,57.0,0.11145915406345484,0.5126868410904457,5800.0,0.13257118205349439,2.6773314476013184,0.13822340965270996,0.05726170539855957,0.1122586727142334,2.2030887603759766,948,[445],exhausted,
Basketball_temporal/1998,Basketball_coarse,A0,712779aad638f619,1787630199.1676054,complete,306,3321,0.035583413693346194,52490.0,1178,10143.0,1178,10143.0,0.1932368070108592,0,0,0,0.0,0.12114688512097542,0.5181025967357485,6359.0,0.0,0.14350605010986328,0.11602902412414551,1.9073486328125e-06,0.001110076904296875,0.0,869,[0],phase_b_disabled,
Basketball_temporal/1998,Basketball_coarse,A2,712779aad638f619,1787630230.679103,complete,306,3321,0.035583413693346194,52490.0,1178,5383.0,755,5383.0,0.10255286721280243,423,0,0,0.0,0.10255286721280243,0.52049948607162,5383.0,0.10656809171756135,0.3155393600463867,0.11683058738708496,0.05517983436584473,0.0012927055358886719,0.0,869,[423],exhausted,
Basketball_temporal/1998,Basketball_coarse,A4,712779aad638f619,1787630281.253231,complete,306,3321,0.035583413693346194,52490.0,1178,5383.0,755,5383.0,0.10255286721280243,423,0,0,0.0,0.10255286721280243,0.5143655362850964,5383.0,0.10656809171756135,0.4201779365539551,0.11514735221862793,0.05466318130493164,0.10738277435302734,0.0,869,[423],exhausted,
Basketball_temporal/1998,Basketball_coarse,A6,712779aad638f619,1787630660.802453,complete,306,3321,0.035583413693346194,52490.0,1178,5383.0,762,5341.0,0.10175271480281958,416,174,10,42.0,0.10140979234139837,0.5209436155660915,5323.0,0.11042537233472624,4.952137470245361,0.11429786682128906,0.054280757904052734,0.1058812141418457,4.533466815948486,869,[423],exhausted,
Basketball_temporal/1999,Basketball_coarse,A0,712779aad638f619,1787630199.3117373,complete,310,3385,0.03533771792462679,53137.0,1258,11186.0,1258,11186.0,0.21051244895270715,0,0,0,0.0,0.13679733519016882,0.5193990472591065,7269.0,0.0,0.14032602310180664,0.11287236213684082,1.9073486328125e-06,0.0010941028594970703,0.0,915,[0],phase_b_disabled,
Basketball_temporal/1999,Basketball_coarse,A2,712779aad638f619,1787630231.0044756,complete,310,3385,0.03533771792462679,53137.0,1258,5801.0,777,5801.0,0.10917063439787719,481,0,0,0.0,0.10917063439787719,0.5327121783191459,5801.0,0.13076521557573859,0.316089391708374,0.11249041557312012,0.061411380767822266,0.0013248920440673828,0.0,915,[481],exhausted,
Basketball_temporal/1999,Basketball_coarse,A4,712779aad638f619,1787630281.6760552,complete,310,3385,0.03533771792462679,53137.0,1258,5801.0,777,5801.0,0.10917063439787719,481,0,0,0.0,0.10915181511940832,0.5225606155722685,5800.0,0.1307860945818979,0.42891526222229004,0.11357522010803223,0.0617365837097168,0.11292362213134766,0.0,915,[481],exhausted,
Basketball_temporal/1999,Basketball_coarse,A6,712779aad638f619,1787630665.7584014,complete,310,3385,0.03533771792462679,53137.0,1258,5801.0,777,5726.0,0.10775918851271242,481,10,10,75.0,0.10775918851271242,0.5311772682609402,5726.0,0.13086961060653513,2.828864812850952,0.1120297908782959,0.06127738952636719,0.11110305786132812,2.3994288444519043,915,[481],exhausted,
Basketball_temporal/2000,Basketball_coarse,A0,712779aad638f619,1787630193.973763,complete,318,3475,0.03447215443525187,55092.0,1189,10117.0,1189,10117.0,0.18363827778987873,0,0,0,0.0,0.11705873811079649,0.508771370693921,6449.0,0.0,0.15813088417053223,0.13036155700683594,1.9073486328125e-06,0.0011837482452392578,0.0,888,[0],phase_b_disabled,
Basketball_temporal/2000,Basketball_coarse,A1,712779aad638f619,1787630208.379416,complete,318,3475,0.03447215443525187,55092.0,1189,6382.0,811,6382.0,0.11584259057576418,378,0,0,0.0,0.11584259057576418,0.5053965645111415,6382.0,0.014443584707259488,0.3010709285736084,0.13198637962341309,0.005551338195800781,0.0013420581817626953,0.0,888,"[369, 7, 2]",max_passes,
Basketball_temporal/2000,Basketball_coarse,A2,712779aad638f619,1787630217.7884157,complete,318,3475,0.03447215443525187,55092.0,1189,5183.0,742,5183.0,0.09407899513540986,447,0,0,0.0,0.09407899513540986,0.5192976220189989,5183.0,0.09953772592901217,0.390744686126709,0.13935399055480957,0.07037973403930664,0.002862691879272461,0.0,888,[447],exhausted,
Basketball_temporal/2000,Basketball_coarse,A3,712779aad638f619,1787630252.0881824,complete,318,3475,0.03447215443525187,55092.0,1189,6382.0,811,6382.0,0.11584259057576418,378,0,0,0.0,0.11371887025339432,0.49715603835360206,6265.0,0.014681665773862667,0.4143352508544922,0.13135480880737305,0.005437374114990234,0.11748671531677246,0.0,888,"[369, 7, 2]",max_passes,
Basketball_temporal/2000,Basketball_coarse,A4,712779aad638f619,1787630264.8834825,complete,318,3475,0.03447215443525187,55092.0,1189,5183.0,742,5183.0,0.09407899513540986,447,0,0,0.0,0.09407899513540986,0.5113405684614751,5183.0,0.09953772592901217,0.4833829402923584,0.13577985763549805,0.06257152557373047,0.11835289001464844,0.0,888,[447],exhausted,
Basketball_temporal/2000,Basketball_coarse,A5,712779aad638f619,1787630319.8305242,complete,318,3475,0.03447215443525187,55092.0,1189,5183.0,744,5146.0,0.09340739127278008,445,213,10,37.0,0.09311696798083206,0.519166204293866,5130.0,0.09898220344027141,5.968271493911743,0.13068819046020508,0.06049489974975586,0.0014255046844482422,5.61333703994751,888,[447],exhausted,
Basketball_temporal/2000,Basketball_coarse,A6,712779aad638f619,1787630489.136355,complete,318,3475,0.03447215443525187,55092.0,1189,5183.0,744,5146.0,0.09340739127278008,445,213,10,37.0,0.09311696798083206,0.519166204293866,5130.0,0.09898220344027141,6.186859369277954,0.13025259971618652,0.060278892517089844,0.11444759368896484,5.7223052978515625,888,[447],exhausted,
Basketball_temporal/2001,Basketball_coarse,A0,712779aad638f619,1787630199.4526908,complete,318,3405,0.033777751324325936,53482.0,1171,10041.0,1171,10041.0,0.18774540967054337,0,0,0,0.0,0.11899330615908156,0.4848366163218572,6364.0,0.0,0.15309739112854004,0.12500309944152832,1.9073486328125e-06,0.0011539459228515625,0.0,853,[0],phase_b_disabled,
Basketball_temporal/2001,Basketball_coarse,A2,712779aad638f619,1787630231.32219,complete,318,3405,0.033777751324325936,53482.0,1171,5320.0,707,5320.0,0.09947271979357541,464,0,0,0.0,0.09947271979357541,0.49641973739367024,5320.0,0.10423982699442494,0.34054994583129883,0.12471389770507812,0.06093764305114746,0.0013675689697265625,0.0,853,[464],exhausted,
Basketball_temporal/2001,Basketball_coarse,A4,712779aad638f619,1787630282.1076186,complete,318,3405,0.033777751324325936,53482.0,1171,5320.0,707,5320.0,0.09947271979357541,464,0,0,0.0,0.09947271979357541,0.4892993733421754,5320.0,0.10423982699442494,0.45178699493408203,0.12504124641418457,0.06107282638549805,0.11253571510314941,0.0,853,[464],exhausted,
Basketball_temporal/2001,Basketball_coarse,A6,712779aad638f619,1787630668.5912986,complete,318,3405,0.033777751324325936,53482.0,1171,5320.0,707,5271.0,0.09855652369021353,464,23,10,49.0,0.0984256385325904,0.4991614762918823,5264.0,0.10802928397119219,2.7109155654907227,0.12736248970031738,0.06215977668762207,0.1129765510559082,2.253959894180298,853,[464],exhausted,
Basketball_temporal/2002,Basketball_coarse,A0,712779aad638f619,1787630199.6064472,complete,321,3505,0.034121884735202494,55154.0,1263,10981.0,1263,10981.0,0.19909707364833013,0,0,0,0.0,0.13208470827138558,0.5096625617558053,7285.0,0.0,0.1443190574645996,0.11576652526855469,1.6689300537109375e-06,0.0011899471282958984,0.0,936,[0],phase_b_disabled,
Basketball_temporal/2002,Basketball_coarse,A2,712779aad638f619,1787630231.6643648,complete,321,3505,0.034121884735202494,55154.0,1263,5947.0,801,5947.0,0.1078253617144722,462,0,0,0.0,0.1078253617144722,0.5091947790425694,5947.0,0.12628504672897195,0.32946228981018066,0.11582016944885254,0.06764459609985352,0.0014040470123291016,0.0,936,[462],exhausted,
Basketball_temporal/2002,Basketball_coarse,A4,712779aad638f619,1787630282.56206,complete,321,3505,0.034121884735202494,55154.0,1263,5947.0,801,5947.0,0.1078253617144722,462,0,0,0.0,0.1078253617144722,0.5024640734830979,5947.0,0.12628504672897195,0.44599270820617676,0.11603808403015137,0.06742596626281738,0.11771273612976074,0.0,936,[462],exhausted,
Basketball_temporal/2002,Basketball_coarse,A6,712779aad638f619,1787630671.3060853,complete,321,3505,0.034121884735202494,55154.0,1263,5947.0,801,5903.0,0.10702759545998478,462,61,10,44.0,0.10702759545998478,0.5064476735769675,5903.0,0.12774532710280373,3.721022844314575,0.1149909496307373,0.06719708442687988,0.11718440055847168,3.2753794193267822,936,[462],exhausted,
Basketball_temporal/2003,Basketball_coarse,A0,712779aad638f619,1787630194.1321752,complete,327,3560,0.03339524586780736,54489.0,1297,11034.0,1297,11034.0,0.20249958707262017,0,0,0,0.0,0.12958578795720238,0.5108512596475314,7061.0,0.0,0.14913249015808105,0.12074971199035645,2.1457672119140625e-06,0.0011959075927734375,0.0,919,[0],phase_b_disabled,
Basketball_temporal/2003,Basketball_coarse,A1,712779aad638f619,1787630208.6815464,complete,327,3560,0.03339524586780736,54489.0,1297,6978.0,862,6978.0,0.1280625447337995,435,0,0,0.0,0.1280625447337995,0.5120650169235849,6978.0,0.01956811316860847,0.27779197692871094,0.12146472930908203,0.005658864974975586,0.0013844966888427734,0.0,919,"[425, 9, 1]",max_passes,
Basketball_temporal/2003,Basketball_coarse,A2,712779aad638f619,1787630218.1805334,complete,327,3560,0.03339524586780736,54489.0,1297,5833.0,785,5833.0,0.10704912918203674,512,0,0,0.0,0.10704912918203674,0.5062924422416042,5833.0,0.10759648036622202,0.3624603748321533,0.1274726390838623,0.08078813552856445,0.0014789104461669922,0.0,919,[512],exhausted,
Basketball_temporal/2003,Basketball_coarse,A3,712779aad638f619,1787630252.504533,complete,327,3560,0.03339524586780736,54489.0,1297,6978.0,862,6978.0,0.1280625447337995,435,0,0,0.0,0.12747527023802968,0.5056468611072997,6946.0,0.019699442787189735,0.399228572845459,0.12063074111938477,0.0057201385498046875,0.12308263778686523,0.0,919,"[425, 9, 1]",max_passes,
Basketball_temporal/2003,Basketball_coarse,A4,712779aad638f619,1787630265.3692305,complete,327,3560,0.03339524586780736,54489.0,1297,5833.0,785,5833.0,0.10704912918203674,512,0,0,0.0,0.10699407219805833,0.500897334106028,5830.0,0.10761524174030505,0.5551548004150391,0.16498303413391113,0.07934784889221191,0.1259751319885254,0.0,919,[512],exhausted,
Basketball_temporal/2003,Basketball_coarse,A5,712779aad638f619,1787630325.8019392,complete,327,3560,0.03339524586780736,54489.0,1297,5833.0,785,5793.0,0.10631503606232451,512,10,10,40.0,0.10631503606232451,0.5062841475050893,5793.0,0.10810303746646405,2.9857332706451416,0.12432241439819336,0.07788491249084473,0.0014951229095458984,2.6298716068267822,919,[512],exhausted,
Basketball_temporal/2003,Basketball_coarse,A6,712779aad638f619,1787630495.326726,complete,327,3560,0.03339524586780736,54489.0,1297,5833.0,785,5793.0,0.10631503606232451,512,10,10,40.0,0.10631503606232451,0.5062841475050893,5793.0,0.10810303746646405,3.002959966659546,0.11919736862182617,0.07744455337524414,0.12008380889892578,2.5366408824920654,919,[512],exhausted,
Basketball_temporal/2004,Basketball_coarse,A0,712779aad638f619,1787630199.7514284,complete,326,3527,0.03328928739971685,53591.0,1208,10619.0,1208,10619.0,0.19814894291952007,0,0,0,0.0,0.12393872105390831,0.48660437880553664,6642.0,0.0,0.14661765098571777,0.117919921875,1.9073486328125e-06,0.0011944770812988281,0.0,898,[0],phase_b_disabled,
Basketball_temporal/2004,Basketball_coarse,A2,712779aad638f619,1787630231.99546,complete,326,3527,0.03328928739971685,53591.0,1208,5736.0,749,5736.0,0.10703289731484764,459,0,0,0.0,0.10703289731484764,0.5003998529252239,5736.0,0.10948560641812176,0.33118486404418945,0.11719489097595215,0.06688404083251953,0.001409769058227539,0.0,898,[459],exhausted,
Basketball_temporal/2004,Basketball_coarse,A4,712779aad638f619,1787630283.0108185,complete,326,3527,0.03328928739971685,53591.0,1208,5736.0,749,5736.0,0.10703289731484764,459,0,0,0.0,0.10703289731484764,0.49367100366651545,5736.0,0.10948560641812176,0.47967028617858887,0.1170656681060791,0.06719756126403809,0.11559629440307617,0.0,898,[459],exhausted,
Basketball_temporal/2004,Basketball_coarse,A6,712779aad638f619,1787630675.030977,complete,326,3527,0.03328928739971685,53591.0,1208,5736.0,751,5652.0,0.10546546994831221,457,41,10,84.0,0.10522289190349125,0.5013808619189396,5639.0,0.11390278433223218,3.2906179428100586,0.11661076545715332,0.0666799545288086,0.11322617530822754,2.84686279296875,898,[459],exhausted,
Basketball_temporal/2005,Basketball_coarse,A0,712779aad638f619,1787630199.8987002,complete,330,3622,0.03336096527585889,55251.0,1244,10509.0,1244,10509.0,0.19020470217733615,0,0,0,0.0,0.12559048705000814,0.5142016611329306,6939.0,0.0,0.17820358276367188,0.14968514442443848,1.6689300537109375e-06,0.0012466907501220703,0.0,924,[0],phase_b_disabled,
Basketball_temporal/2005,Basketball_coarse,A2,712779aad638f619,1787630232.3282688,complete,330,3622,0.03336096527585889,55251.0,1244,5639.0,778,5639.0,0.10206150114930046,466,0,0,0.0,0.10206150114930046,0.5151460821660918,5639.0,0.10962512664640324,0.4012598991394043,0.14886236190795898,0.07344412803649902,0.0014388561248779297,0.0,924,[466],exhausted,
Basketball_temporal/2005,Basketball_coarse,A4,712779aad638f619,1787630283.4950416,complete,330,3622,0.03336096527585889,55251.0,1244,5639.0,778,5639.0,0.10206150114930046,466,0,0,0.0,0.10206150114930046,0.5080352345619474,5639.0,0.10962512664640324,0.5709841251373291,0.1618802547454834,0.07640910148620605,0.14992856979370117,0.0,924,[466],exhausted,
Basketball_temporal/2005,Basketball_coarse,A6,712779aad638f619,1787630678.3254213,complete,330,3622,0.03336096527585889,55251.0,1244,5639.0,779,5586.0,0.10110224249334854,465,34,10,53.0,0.1010660440535013,0.514900676427757,5584.0,0.1104909275122041,3.4541749954223633,0.14888739585876465,0.07406425476074219,0.11694717407226562,2.933408737182617,924,[466],exhausted,
Basketball_temporal/2006,Basketball_coarse,A0,712779aad638f619,1787630194.2815902,complete,334,3695,0.03322184459909011,55402.0,1312,11703.0,1312,11703.0,0.21123786144904516,0,0,0,0.0,0.13526587487816324,0.511888407476773,7494.0,0.0,0.17493844032287598,0.1459054946899414,2.1457672119140625e-06,0.0012540817260742188,0.0,942,[0],phase_b_disabled,
Basketball_temporal/2006,Basketball_coarse,A1,712779aad638f619,1787630208.9603755,complete,334,3695,0.03322184459909011,55402.0,1312,7429.0,873,7429.0,0.1340926320349446,439,0,0,0.0,0.1340926320349446,0.5145442320726015,7429.0,0.01945658233083383,0.3296644687652588,0.14602422714233398,0.005982875823974609,0.0014653205871582031,0.0,942,"[431, 7, 1]",max_passes,
Basketball_temporal/2006,Basketball_coarse,A2,712779aad638f619,1787630218.5443451,complete,334,3695,0.03322184459909011,55402.0,1312,6106.0,798,6106.0,0.11021262770297101,514,0,0,0.0,0.11021262770297101,0.5244518797758679,6106.0,0.12378845911780044,0.41161084175109863,0.14830374717712402,0.08330988883972168,0.0015304088592529297,0.0,942,[514],exhausted,
Basketball_temporal/2006,Basketball_coarse,A3,712779aad638f619,1787630252.9058802,complete,334,3695,0.03322184459909011,55402.0,1312,7429.0,873,7429.0,0.1340926320349446,439,0,0,0.0,0.1326305909533952,0.5080362340353377,7348.0,0.019654384923846,0.4577960968017578,0.1504650115966797,0.005950450897216797,0.12452816963195801,0.0,942,"[431, 7, 1]",max_passes,
Basketball_temporal/2006,Basketball_coarse,A4,712779aad638f619,1787630265.9267879,complete,334,3695,0.03322184459909011,55402.0,1312,6106.0,798,6106.0,0.11021262770297101,514,0,0,0.0,0.11012237825349265,0.5184200861286395,6101.0,0.12380644117171064,0.5363562107086182,0.1495041847229004,0.0837869644165039,0.1245267391204834,0.0,942,[514],exhausted,
Basketball_temporal/2006,Basketball_coarse,A5,712779aad638f619,1787630328.790828,complete,334,3695,0.03322184459909011,55402.0,1312,6106.0,799,6076.0,0.10967113100610086,513,10,10,30.0,0.10963503122630952,0.5257378313334228,6074.0,0.12598226969484455,2.9860024452209473,0.1456434726715088,0.08228635787963867,0.0015494823455810547,2.5761117935180664,942,[514],exhausted,
Basketball_temporal/2006,Basketball_coarse,A6,712779aad638f619,1787630498.3331854,complete,334,3695,0.03322184459909011,55402.0,1312,6106.0,799,6076.0,0.10967113100610086,513,10,10,30.0,0.10963503122630952,0.5257378313334228,6074.0,0.12598226969484455,3.048842668533325,0.14372014999389648,0.081268310546875,0.12006378173828125,2.527432441711426,942,[514],exhausted,
Basketball_temporal/2007,Basketball_coarse,A0,712779aad638f619,1787630200.077566,complete,336,3974,0.035305614783226726,59599.0,1362,11348.0,1362,11348.0,0.19040587929327674,0,0,0,0.0,0.12178056678803335,0.5209389892289127,7258.0,0.0,0.19622063636779785,0.16547012329101562,4.0531158447265625e-06,0.0013427734375,0.0,980,[0],phase_b_disabled,
Basketball_temporal/2007,Basketball_coarse,A2,712779aad638f619,1787630232.731172,complete,336,3974,0.035305614783226726,59599.0,1362,5785.0,820,5785.0,0.09706538700313763,542,0,0,0.0,0.09706538700313763,0.509570916147526,5785.0,0.1060589907604833,0.4539504051208496,0.1683056354522705,0.0888981819152832,0.0015749931335449219,0.0,980,[542],exhausted,
Basketball_temporal/2007,Basketball_coarse,A4,712779aad638f619,1787630284.0686948,complete,336,3974,0.035305614783226726,59599.0,1362,5785.0,820,5785.0,0.09706538700313763,542,0,0,0.0,0.09706538700313763,0.5018254394507465,5785.0,0.1060589907604833,0.5904037952423096,0.16873955726623535,0.09016299247741699,0.12548017501831055,0.0,980,[542],exhausted,
Basketball_temporal/2007,Basketball_coarse,A6,712779aad638f619,1787630681.783506,complete,336,3974,0.035305614783226726,59599.0,1362,5785.0,820,5735.0,0.0962264467524623,542,10,10,50.0,0.09605865870232722,0.5092243160044746,5725.0,0.10927505330490406,3.5101847648620605,0.16301488876342773,0.08868169784545898,0.12186837196350098,2.9387190341949463,980,[542],exhausted,
Basketball_temporal/2008,Basketball_coarse,A0,712779aad638f619,1787630200.2825003,complete,342,4051,0.03473615612834628,61555.0,1485,13012.0,1485,13012.0,0.21138818942409227,0,0,0,0.0,0.12946145723336852,0.5114764445478518,7969.0,0.0,0.17309808731079102,0.1412057876586914,1.9073486328125e-06,0.0013527870178222656,0.0,1059,[0],phase_b_disabled,
Basketball_temporal/2008,Basketball_coarse,A2,712779aad638f619,1787630233.186806,complete,342,4051,0.03473615612834628,61555.0,1485,6596.0,888,6596.0,0.1071562017707741,597,0,0,0.0,0.1071562017707741,0.5166196458726472,6596.0,0.1287235684519216,0.4140172004699707,0.14201903343200684,0.09760618209838867,0.0016252994537353516,0.0,1059,[597],exhausted,
Basketball_temporal/2008,Basketball_coarse,A4,712779aad638f619,1787630284.6624584,complete,342,4051,0.03473615612834628,61555.0,1485,6596.0,888,6596.0,0.1071562017707741,597,0,0,0.0,0.1071074648688165,0.5051778027654087,6593.0,0.1287407178748435,0.6342606544494629,0.16919422149658203,0.1098334789276123,0.1344282627105713,0.0,1059,[597],exhausted,
Basketball_temporal/2008,Basketball_coarse,A6,712779aad638f619,1787630685.297776,complete,342,4051,0.03473615612834628,61555.0,1485,6596.0,888,6548.0,0.10637641133945253,597,78,10,48.0,0.10611648119567867,0.5174571472345995,6532.0,0.12959818902093945,4.989521265029907,0.14460229873657227,0.09683036804199219,0.12500929832458496,4.4483091831207275,1059,[597],exhausted,
Basketball_temporal/2009,Basketball_coarse,A0,712779aad638f619,1787630194.456814,complete,347,4155,0.034607119654844996,61946.0,1424,11917.0,1424,11917.0,0.19237723178252025,0,0,0,0.0,0.1246892454718626,0.48885300364503964,7724.0,0.0,0.22005796432495117,0.1870739459991455,1.9073486328125e-06,0.0014102458953857422,0.0,1039,[0],phase_b_disabled,
Basketball_temporal/2009,Basketball_coarse,A1,712779aad638f619,1787630209.291099,complete,347,4155,0.034607119654844996,61946.0,1424,7556.0,977,7556.0,0.12197720595357246,447,0,0,0.0,0.12197720595357246,0.4829944798618516,7556.0,0.022421748763139043,0.418881893157959,0.18794584274291992,0.0066492557525634766,0.001596689224243164,0.0,1039,"[430, 16, 1]",max_passes,
Basketball_temporal/2009,Basketball_coarse,A2,712779aad638f619,1787630218.9572783,complete,347,4155,0.034607119654844996,61946.0,1424,6309.0,902,6309.0,0.10184676976721661,522,0,0,0.0,0.10184676976721661,0.484777546401147,6309.0,0.10189735303426563,0.5037810802459717,0.19103360176086426,0.08876323699951172,0.0016973018646240234,0.0,1039,[522],exhausted,
Basketball_temporal/2009,Basketball_coarse,A3,712779aad638f619,1787630253.3658829,complete,347,4155,0.034607119654844996,61946.0,1424,7556.0,977,7556.0,0.12197720595357246,447,0,0,0.0,0.12018532270041649,0.47716862200042637,7445.0,0.022571671303160033,0.5518574714660645,0.19003582000732422,0.006619930267333984,0.13146495819091797,0.0,1039,"[430, 16, 1]",max_passes,
Basketball_temporal/2009,Basketball_coarse,A4,712779aad638f619,1787630266.4656456,complete,347,4155,0.034607119654844996,61946.0,1424,6309.0,902,6309.0,0.10184676976721661,522,0,0,0.0,0.10184676976721661,0.4790352369295716,6309.0,0.10189735303426563,0.6444449424743652,0.19485950469970703,0.09119868278503418,0.13074183464050293,0.0,1039,[522],exhausted,
Basketball_temporal/2009,Basketball_coarse,A5,712779aad638f619,1787630331.7799764,complete,347,4155,0.034607119654844996,61946.0,1424,6309.0,903,6269.0,0.10120104607238563,521,19,10,40.0,0.1011526167952733,0.4860871208862313,6266.0,0.10176408855424697,4.135816335678101,0.18971705436706543,0.08983469009399414,0.0018870830535888672,3.6307642459869385,1039,[522],exhausted,
Basketball_temporal/2009,Basketball_coarse,A6,712779aad638f619,1787630501.3854566,complete,347,4155,0.034607119654844996,61946.0,1424,6309.0,903,6269.0,0.10120104607238563,521,19,10,40.0,0.1011526167952733,0.4860871208862313,6266.0,0.10176408855424697,4.141282558441162,0.18581867218017578,0.08723759651184082,0.1239933967590332,3.523216485977173,1039,[522],exhausted,
Basketball_temporal/2010,Basketball_coarse,A0,712779aad638f619,1787630200.4562962,complete,347,4133,0.03442388099481934,62804.0,1382,11341.0,1382,11341.0,0.1805776702120884,0,0,0,0.0,0.11800203808674607,0.49839196288733406,7411.0,0.0,0.18632864952087402,0.15245914459228516,1.9073486328125e-06,0.0014407634735107422,0.0,973,[0],phase_b_disabled,
Basketball_temporal/2010,Basketball_coarse,A2,712779aad638f619,1787630233.6025438,complete,347,4133,0.03442388099481934,62804.0,1382,6107.0,836,6107.0,0.09723902936118718,546,0,0,0.0,0.09723902936118718,0.5130510528845686,6107.0,0.10203061751428429,0.428957462310791,0.1517653465270996,0.0917060375213623,0.0016655921936035156,0.0,973,[546],exhausted,
Basketball_temporal/2010,Basketball_coarse,A4,712779aad638f619,1787630285.299437,complete,347,4133,0.03442388099481934,62804.0,1382,6107.0,836,6107.0,0.09723902936118718,546,0,0,0.0,0.09723902936118718,0.5073117654977307,6107.0,0.10203061751428429,0.6764535903930664,0.1563863754272461,0.09465837478637695,0.23401975631713867,0.0,973,[546],exhausted,
Basketball_temporal/2010,Basketball_coarse,A6,712779aad638f619,1787630690.291174,complete,347,4133,0.03442388099481934,62804.0,1382,6107.0,838,6049.0,0.09631552130437551,544,49,10,58.0,0.09579007706515509,0.5153318511011301,6016.0,0.10581199713481368,4.463343143463135,0.15029621124267578,0.09093403816223145,0.1223897933959961,3.9135308265686035,973,[546],exhausted,
Basketball_temporal/2011,Basketball_coarse,A0,712779aad638f619,1787630200.6433423,complete,345,4086,0.034428715874620826,60955.0,1428,11660.0,1428,11660.0,0.19128865556558117,0,0,0,0.0,0.12227052743827414,0.5010434515772375,7453.0,0.0,0.18644213676452637,0.15308260917663574,1.6689300537109375e-06,0.0014183521270751953,0.0,983,[0],phase_b_disabled,
Basketball_temporal/2011,Basketball_coarse,A2,712779aad638f619,1787630234.0331743,complete,345,4086,0.034428715874620826,60955.0,1428,6055.0,854,6055.0,0.09933557542449348,574,0,0,0.0,0.09933557542449348,0.5177672199960001,6055.0,0.10439838220424671,0.43306994438171387,0.15209317207336426,0.09547281265258789,0.00164031982421875,0.0,983,[574],exhausted,
Basketball_temporal/2011,Basketball_coarse,A4,712779aad638f619,1787630285.978654,complete,345,4086,0.034428715874620826,60955.0,1428,6055.0,854,6055.0,0.09933557542449348,574,0,0,0.0,0.09933557542449348,0.5112383520393426,6055.0,0.10439838220424671,0.5686798095703125,0.15837693214416504,0.09583830833435059,0.12636733055114746,0.0,983,[574],exhausted,
Basketball_temporal/2011,Basketball_coarse,A6,712779aad638f619,1787630694.758448,complete,345,4086,0.034428715874620826,60955.0,1428,6055.0,856,6004.0,0.09849889262570749,572,75,10,51.0,0.09812156508900008,0.5181140261246494,5981.0,0.1070778564206269,4.892117023468018,0.15080642700195312,0.09391093254089355,0.12333202362060547,4.338396310806274,983,[574],exhausted,
Basketball_temporal/2012,Basketball_coarse,A0,712779aad638f619,1787630194.6771646,complete,345,4126,0.034765756656555444,61534.0,1389,11583.0,1389,11583.0,0.1882373972112978,0,0,0,0.0,0.11998244872753275,0.47870303606381914,7383.0,0.0,0.18720602989196777,0.15453100204467773,2.1457672119140625e-06,0.0014312267303466797,0.0,969,[0],phase_b_disabled,
Basketball_temporal/2012,Basketball_coarse,A1,712779aad638f619,1787630209.711053,complete,345,4126,0.034765756656555444,61534.0,1389,7278.0,925,7278.0,0.11827607501543862,464,0,0,0.0,0.11808106087691357,0.47780483405192264,7266.0,0.01098752949106842,0.3492298126220703,0.15593767166137695,0.006695270538330078,0.0016489028930664062,0.0,969,"[455, 7, 2]",max_passes,
Basketball_temporal/2012,Basketball_coarse,A2,712779aad638f619,1787630219.4624221,complete,345,4126,0.034765756656555444,61534.0,1389,5988.0,827,5988.0,0.09731205512399649,562,0,0,0.0,0.09731205512399649,0.49822388711455895,5988.0,0.10107853050219076,0.4325292110443115,0.15175366401672363,0.09403276443481445,0.0016622543334960938,0.0,969,[562],exhausted,
Basketball_temporal/2012,Basketball_coarse,A3,712779aad638f619,1787630253.919831,complete,345,4126,0.034765756656555444,61534.0,1389,7278.0,925,7278.0,0.11827607501543862,464,0,0,0.0,0.11627718009555693,0.4708736379195675,7155.0,0.011206605999325919,0.47989535331726074,0.15621328353881836,0.006697654724121094,0.12788176536560059,0.0,969,"[455, 7, 2]",max_passes,
Basketball_temporal/2012,Basketball_coarse,A4,712779aad638f619,1787630267.1124544,complete,345,4126,0.034765756656555444,61534.0,1389,5988.0,827,5988.0,0.09731205512399649,562,0,0,0.0,0.09731205512399649,0.492115364842966,5988.0,0.10107853050219076,0.5631849765777588,0.15479445457458496,0.0937042236328125,0.1255042552947998,0.0,969,[562],exhausted,
Basketball_temporal/2012,Basketball_coarse,A5,712779aad638f619,1787630335.919105,complete,345,4126,0.034765756656555444,61534.0,1389,5988.0,830,5925.0,0.09628823089674002,559,98,10,63.0,0.09628823089674002,0.4959479687206768,5925.0,0.1017020559487698,5.4656007289886475,0.15378713607788086,0.09360766410827637,0.0018734931945800781,5.027477741241455,969,[562],exhausted,
Basketball_temporal/2012,Basketball_coarse,A6,712779aad638f619,1787630505.5303037,complete,345,4126,0.034765756656555444,61534.0,1389,5988.0,830,5925.0,0.09628823089674002,559,98,10,63.0,0.09628823089674002,0.4959479687206768,5925.0,0.1017020559487698,5.423465251922607,0.15054059028625488,0.09255814552307129,0.12181830406188965,4.873133659362793,969,[562],exhausted,
Basketball_temporal/2013,Basketball_coarse,A0,712779aad638f619,1787630200.8305156,complete,347,4153,0.034590461594842664,62047.0,1445,11942.0,1445,11942.0,0.19246700082195756,0,0,0,0.0,0.12330974906119554,0.5175490046777402,7651.0,0.0,0.18978190422058105,0.15684819221496582,1.430511474609375e-06,0.0013828277587890625,0.0,1000,[0],phase_b_disabled,
Basketball_temporal/2013,Basketball_coarse,A2,712779aad638f619,1787630234.4679482,complete,347,4153,0.034590461594842664,62047.0,1445,6286.0,875,6286.0,0.10131029703289442,570,0,0,0.0,0.10131029703289442,0.5197326782579347,6286.0,0.0934350585530809,0.44792962074279785,0.15469145774841309,0.09952020645141602,0.0016510486602783203,0.0,1000,[570],exhausted,
Basketball_temporal/2013,Basketball_coarse,A4,712779aad638f619,1787630286.5500176,complete,347,4153,0.034590461594842664,62047.0,1445,6286.0,875,6286.0,0.10131029703289442,570,0,0,0.0,0.10126194658887618,0.511103114038871,6283.0,0.09345171661308324,0.5802896022796631,0.15509939193725586,0.09982514381408691,0.13349151611328125,0.0,1000,[570],exhausted,
Basketball_temporal/2013,Basketball_coarse,A6,712779aad638f619,1787630699.6545587,complete,347,4153,0.034590461594842664,62047.0,1445,6286.0,876,6216.0,0.10018212000580205,569,68,10,70.0,0.10016600319112931,0.5201223022604381,6215.0,0.09531741933334444,4.9516754150390625,0.1536555290222168,0.0986478328704834,0.13645315170288086,4.373944044113159,1000,[570],exhausted,
Basketball_temporal/2014,Basketball_coarse,A0,712779aad638f619,1787630194.8647301,complete,351,4196,0.03415547415547415,60897.0,1471,12221.0,1471,12221.0,0.2006831206791796,0,0,0,0.0,0.12678785490254035,0.49989785637465345,7721.0,0.0,0.20436620712280273,0.17125749588012695,2.1457672119140625e-06,0.0014011859893798828,0.0,1019,[0],phase_b_disabled,
Basketball_temporal/2014,Basketball_coarse,A1,712779aad638f619,1787630210.0613952,complete,351,4196,0.03415547415547415,60897.0,1471,7648.0,979,7648.0,0.12558910947994154,492,0,0,0.0,0.12558910947994154,0.4955068737382105,7648.0,0.012942612942612943,0.38808226585388184,0.1730940341949463,0.006926059722900391,0.0016796588897705078,0.0,1019,"[483, 9, 0]",no_change,
Basketball_temporal/2014,Basketball_coarse,A2,712779aad638f619,1787630219.8963408,complete,351,4196,0.03415547415547415,60897.0,1471,6400.0,874,6400.0,0.10509548910455359,597,0,0,0.0,0.10509548910455359,0.5102001039406111,6400.0,0.09507529507529508,0.495272159576416,0.1786665916442871,0.10760807991027832,0.001775979995727539,0.0,1019,[597],exhausted,
Basketball_temporal/2014,Basketball_coarse,A3,712779aad638f619,1787630254.4018333,complete,351,4196,0.03415547415547415,60897.0,1471,7648.0,979,7648.0,0.12558910947994154,492,0,0,0.0,0.12337225150664237,0.4888780160805523,7513.0,0.013219373219373219,0.5201003551483154,0.1733865737915039,0.006613492965698242,0.13222575187683105,0.0,1019,"[483, 9, 0]",no_change,
Basketball_temporal/2014,Basketball_coarse,A4,712779aad638f619,1787630267.6840863,complete,351,4196,0.03415547415547415,60897.0,1471,6400.0,874,6400.0,0.10509548910455359,597,0,0,0.0,0.10502980442386324,0.5046936609697489,6396.0,0.09509157509157509,0.6306684017181396,0.17804479598999023,0.1096491813659668,0.13341283798217773,0.0,1019,[597],exhausted,
Basketball_temporal/2014,Basketball_coarse,A5,712779aad638f619,1787630341.387917,complete,351,4196,0.03415547415547415,60897.0,1471,6400.0,874,6373.0,0.10465211750989376,597,17,10,27.0,0.10455359048885823,0.5109577293161093,6367.0,0.09649165649165649,4.0431060791015625,0.1726851463317871,0.10622787475585938,0.0017194747924804688,3.5512912273406982,1019,[597],exhausted,
Basketball_temporal/2014,Basketball_coarse,A6,712779aad638f619,1787630510.9654737,complete,351,4196,0.03415547415547415,60897.0,1471,6400.0,874,6373.0,0.10465211750989376,597,17,10,27.0,0.10455359048885823,0.5109577293161093,6367.0,0.09649165649165649,4.071272611618042,0.17010903358459473,0.10543966293334961,0.12967205047607422,3.4602272510528564,1019,[597],exhausted,
Basketball_temporal/finer1985,Basketball_finer,A0,712779aad638f619,1787630195.1962187,complete,282,4814,0.06075061204916585,518633.4,4254,457197.19999999995,4254,457197.19999999995,0.8815421451838619,0,0,0,0.0,0.4801979587122619,0.16460985124327354,249046.7,0.0,0.2080845832824707,0.1632366180419922,1.9073486328125e-06,0.0003612041473388672,0.0,4244,[0],phase_b_disabled,
Basketball_temporal/finer1985,Basketball_finer,A1,712779aad638f619,1787630210.696891,complete,282,4814,0.06075061204916585,518633.4,4254,249046.7,2407,249046.7,0.4801979587122619,1847,0,0,0.0,0.4801979587122619,0.16461180075190315,249046.7,0.05449130511597385,0.3716011047363281,0.1650838851928711,0.004112958908081055,0.001207113265991211,0.0,4244,"[1847, 0]",no_change,
Basketball_temporal/finer1985,Basketball_finer,A2,712779aad638f619,1787630220.6805668,complete,282,4814,0.06075061204916585,518633.4,4254,245469.7,2407,245469.7,0.4733009867856563,1847,0,0,0.0,0.4733009867856563,0.15586978403366397,245469.7,0.2374750763484011,0.48259425163269043,0.1661818027496338,0.11295485496520996,0.001232147216796875,0.0,4244,[1847],exhausted,
Basketball_temporal/finer1985,Basketball_finer,A3,712779aad638f619,1787630255.285625,complete,282,4814,0.06075061204916585,518633.4,4254,249046.7,2407,249046.7,0.4801979587122619,1847,0,0,0.0,0.4801979587122619,0.13819782081075352,249046.7,0.05449130511597385,0.48105764389038086,0.1633296012878418,0.004128694534301758,0.11180543899536133,0.0,4244,"[1847, 0]",no_change,
Basketball_temporal/finer1985,Basketball_finer,A4,712779aad638f619,1787630268.7154279,complete,282,4814,0.06075061204916585,518633.4,4254,245469.7,2407,245469.7,0.4733009867856563,1847,0,0,0.0,0.4728093100058731,0.1283160959895218,245214.7,0.2378031851795765,0.6062853336334229,0.16460466384887695,0.11092519760131836,0.12631654739379883,0.0,4244,[1847],exhausted,
Basketball_temporal/finer1985,Basketball_finer,A5,712779aad638f619,1787630348.483465,complete,282,4814,0.06075061204916585,518633.4,4254,245469.7,2407,245265.7,0.4729076453618298,1847,10,10,204.0,0.4729076453618298,0.15234186255636933,245265.7,0.2353549885161909,7.0272626876831055,0.16555023193359375,0.11072278022766113,0.0012700557708740234,6.547433137893677,4244,[1847],exhausted,
Basketball_temporal/finer1985,Basketball_finer,A6,712779aad638f619,1787630518.098491,complete,282,4814,0.06075061204916585,518633.4,4254,245469.7,2407,245265.7,0.4729076453618298,1847,10,10,204.0,0.4729076453618298,0.15234186255636933,245265.7,0.2353549885161909,6.719052076339722,0.15998125076293945,0.10883116722106934,0.12043404579162598,6.129421710968018,4244,[1847],exhausted,
Basketball_temporal/finer1986,Basketball_finer,A0,712779aad638f619,1787630201.0210822,complete,283,4862,0.060922737638774024,524503.6000000001,4273,457120.5,4273,457120.5,0.871529766430583,0,0,0,0.0,0.4770497285433312,0.1559447149321494,250214.30000000002,0.0,0.20429515838623047,0.1668989658355713,1.430511474609375e-06,0.00037932395935058594,0.0,4260,[0],phase_b_disabled,
Basketball_temporal/finer1986,Basketball_finer,A2,712779aad638f619,1787630234.9176023,complete,283,4862,0.060922737638774024,524503.6000000001,4273,246650.3,2431,246650.3,0.47025473228401093,1842,0,0,0.0,0.47025473228401093,0.13769561461077948,246650.3,0.1917149086534847,0.4725189208984375,0.1670970916748047,0.09978723526000977,0.0012247562408447266,0.0,4260,[1842],exhausted,
Basketball_temporal/finer1986,Basketball_finer,A4,712779aad638f619,1787630287.1330256,complete,283,4862,0.060922737638774024,524503.6000000001,4273,246650.3,2431,246650.3,0.47025473228401093,1842,0,0,0.0,0.4702051616042291,0.11792212270306882,246624.3,0.19181515174297672,0.5953209400177002,0.17026281356811523,0.10022449493408203,0.12068009376525879,0.0,4260,[1842],exhausted,
Basketball_temporal/finer1986,Basketball_finer,A6,712779aad638f619,1787630704.6101503,complete,283,4862,0.060922737638774024,524503.6000000001,4273,246650.3,2431,246433.30000000002,0.46984100776429366,1842,10,10,216.9999999999709,0.46984100776429366,0.13680643606383144,246433.30000000002,0.19319349422349197,6.986052513122559,0.16489863395690918,0.09820151329040527,0.11804699897766113,6.401533126831055,4260,[1842],exhausted,
Basketball_temporal/finer1987,Basketball_finer,A0,712779aad638f619,1787630201.2261283,complete,290,5088,0.060708745973034245,567536.0,4511,501812.4,4511,501812.4,0.8841948352175016,0,0,0,0.0,0.47910881424262075,0.16070470481626548,271911.5,0.0,0.21410036087036133,0.1751706600189209,2.1457672119140625e-06,0.00037980079650878906,0.0,4503,[0],phase_b_disabled,
Basketball_temporal/finer1987,Basketball_finer,A2,712779aad638f619,1787630235.391829,complete,290,5088,0.060708745973034245,567536.0,4511,268497.5,2544,268497.5,0.4730933368103521,1967,0,0,0.0,0.4730933368103521,0.14351358386622676,268497.5,0.1921011812432884,0.5072576999664307,0.17149829864501953,0.12229299545288086,0.0013532638549804688,0.0,4503,[1967],exhausted,
Basketball_temporal/finer1987,Basketball_finer,A4,712779aad638f619,1787630287.7311423,complete,290,5088,0.060708745973034245,567536.0,4511,268497.5,2544,268497.5,0.4730933368103521,1967,0,0,0.0,0.4728924684953906,0.12019151651319208,268383.5,0.19233981625104402,0.6393730640411377,0.173095703125,0.1238260269165039,0.1288926601409912,0.0,4503,[1967],exhausted,
Basketball_temporal/finer1987,Basketball_finer,A6,712779aad638f619,1787630711.6001549,complete,290,5088,0.060708745973034245,567536.0,4511,268497.5,2544,268302.5,0.47274974627160216,1967,10,10,195.0,0.47274974627160216,0.14163401771785344,268302.5,0.19432048681541583,7.610612869262695,0.17052197456359863,0.12075400352478027,0.12666749954223633,6.9787023067474365,4503,[1967],exhausted,
Basketball_temporal/finer1988,Basketball_finer,A0,712779aad638f619,1787630195.4046633,complete,290,5170,0.06168714950483236,584038.0,4564,513545.10000000003,4564,513545.10000000003,0.8793008331649653,0,0,0,0.0,0.4782642567778124,0.16171459599363527,279324.5,0.0,0.2114722728729248,0.17156410217285156,1.9073486328125e-06,0.000392913818359375,0.0,4554,[0],phase_b_disabled,
Basketball_temporal/finer1988,Basketball_finer,A1,712779aad638f619,1787630211.0696058,complete,290,5170,0.06168714950483236,584038.0,4564,279324.5,2585,279324.5,0.4782642567778124,1979,0,0,0.0,0.4782642567778124,0.16392431426369763,279324.5,0.050017897625581675,0.3963029384613037,0.17534518241882324,0.0045473575592041016,0.0013270378112792969,0.0,4554,"[1979, 0]",no_change,
Basketball_temporal/finer1988,Basketball_finer,A2,712779aad638f619,1787630221.164569,complete,290,5170,0.06168714950483236,584038.0,4564,275802.5,2585,275802.5,0.4722338272509665,1979,0,0,0.0,0.4722338272509665,0.14449769790454048,275802.5,0.23772819472616633,0.5182962417602539,0.17572498321533203,0.12597036361694336,0.0013613700866699219,0.0,4554,[1979],exhausted,
Basketball_temporal/finer1988,Basketball_finer,A3,712779aad638f619,1787630255.768764,complete,290,5170,0.06168714950483236,584038.0,4564,279324.5,2585,279324.5,0.4782642567778124,1979,0,0,0.0,0.4782642567778124,0.13818610263405598,279324.5,0.050017897625581675,0.512744665145874,0.1737520694732666,0.004427909851074219,0.12014055252075195,0.0,4554,"[1979, 0]",no_change,
Basketball_temporal/finer1988,Basketball_finer,A4,712779aad638f619,1787630269.3241177,complete,290,5170,0.06168714950483236,584038.0,4564,275802.5,2585,275802.5,0.4722338272509665,1979,0,0,0.0,0.4716996154359819,0.11920099473811667,275490.5,0.23806228373702423,0.6525883674621582,0.17707085609436035,0.12832999229431152,0.12990880012512207,0.0,4554,[1979],exhausted,
Basketball_temporal/finer1988,Basketball_finer,A5,712779aad638f619,1787630355.5139754,complete,290,5170,0.06168714950483236,584038.0,4564,275802.5,2585,275519.5,0.47174926973929776,1979,10,10,283.0,0.47174926973929776,0.14149848703496465,275519.5,0.23519866364395656,7.875237941741943,0.17515182495117188,0.12556076049804688,0.0013687610626220703,7.354628801345825,4554,[1979],exhausted,
Basketball_temporal/finer1988,Basketball_finer,A6,712779aad638f619,1787630524.8210733,complete,290,5170,0.06168714950483236,584038.0,4564,275802.5,2585,275519.5,0.47174926973929776,1979,10,10,283.0,0.47174926973929776,0.14149848703496465,275519.5,0.23519866364395656,8.005380153656006,0.1729435920715332,0.12426590919494629,0.12748384475708008,7.368229389190674,4554,[1979],exhausted,
Basketball_temporal/finer1989,Basketball_finer,A0,712779aad638f619,1787630201.4410124,complete,293,5318,0.06215811865912385,611441.3999999999,4712,538340.8999999999,4712,538340.8999999999,0.8804456158840406,0,0,0,0.0,0.4786520834212404,0.15183100921359982,292667.69999999995,0.0,0.22580599784851074,0.1846480369567871,1.9073486328125e-06,0.000400543212890625,0.0,4702,[0],phase_b_disabled,
Basketball_temporal/finer1989,Basketball_finer,A2,712779aad638f619,1787630235.9008076,complete,293,5318,0.06215811865912385,611441.3999999999,4712,288857.7,2659,288857.7,0.47242090574828605,2053,0,0,0.0,0.47242090574828605,0.12071934993555469,288857.7,0.21497031184253587,0.5558779239654541,0.18361926078796387,0.14449214935302734,0.0013546943664550781,0.0,4702,[2053],exhausted,
Basketball_temporal/finer1989,Basketball_finer,A4,712779aad638f619,1787630288.3732,complete,293,5318,0.06215811865912385,611441.3999999999,4712,288857.7,2659,288857.7,0.47242090574828605,2053,0,0,0.0,0.4721968450288123,0.10228448063111878,288720.7,0.21522745336387863,0.687067985534668,0.18422985076904297,0.14532732963562012,0.1289677619934082,0.0,4702,[2053],exhausted,
Basketball_temporal/finer1989,Basketball_finer,A6,712779aad638f619,1787630719.2147315,complete,293,5318,0.06215811865912385,611441.3999999999,4712,288857.7,2659,288577.7,0.47196297143111354,2053,10,10,280.0,0.47196297143111354,0.12032968570221844,288577.7,0.21588199541820563,8.389246940612793,0.1837475299835205,0.14375710487365723,0.12518787384033203,7.7115478515625,4702,[2053],exhausted,
Basketball_temporal/finer1990,Basketball_finer,A0,712779aad638f619,1787630201.6675663,complete,292,5350,0.06296191686673257,606265.0,4753,537621.1000000001,4753,537621.1000000001,0.8867757498783537,0,0,0,0.0,0.47885248200044533,0.15724782926780806,290311.5,0.0,0.22576570510864258,0.1843888759613037,2.384185791015625e-06,0.0004012584686279297,0.0,4746,[0],phase_b_disabled,
Basketball_temporal/finer1990,Basketball_finer,A2,712779aad638f619,1787630236.46654,complete,292,5350,0.06296191686673257,606265.0,4753,286508.5,2675,286508.5,0.47257964751387593,2078,0,0,0.0,0.47257964751387593,0.1418305626692336,286508.5,0.2043496681259709,0.5516114234924316,0.1817777156829834,0.1438281536102295,0.001432657241821289,0.0,4746,[2078],exhausted,
Basketball_temporal/finer1990,Basketball_finer,A4,712779aad638f619,1787630289.0630438,complete,292,5350,0.06296191686673257,606265.0,4753,286508.5,2675,286508.5,0.47257964751387593,2078,0,0,0.0,0.4723817142668635,0.12552401515639358,286388.5,0.20453796544744152,0.6808476448059082,0.18465423583984375,0.1437675952911377,0.12839055061340332,0.0,4746,[2078],exhausted,
Basketball_temporal/finer1990,Basketball_finer,A6,712779aad638f619,1787630727.608066,complete,292,5350,0.06296191686673257,606265.0,4753,286508.5,2675,286287.5,0.472215120450628,2078,10,10,221.0,0.472215120450628,0.14100795736324362,286287.5,0.20218424892905898,8.477797031402588,0.18146300315856934,0.14236807823181152,0.12688755989074707,7.803540229797363,4746,[2078],exhausted,
Basketball_temporal/finer1991,Basketball_finer,A0,712779aad638f619,1787630195.6165075,complete,295,5420,0.062492793727660555,630782.6,4751,549105.5,4751,549105.5,0.8705146590917379,0,0,0,0.0,0.47755962196801244,0.1628823225125111,301236.3,0.0,0.23966717720031738,0.19793105125427246,1.430511474609375e-06,0.00041937828063964844,0.0,4743,[0],phase_b_disabled,
Basketball_temporal/finer1991,Basketball_finer,A1,712779aad638f619,1787630211.4670014,complete,295,5420,0.062492793727660555,630782.6,4751,301236.3,2710,301236.3,0.47755962196801244,2041,0,0,0.0,0.47755962196801244,0.16742932942184155,301236.3,0.05693531649948115,0.44822168350219727,0.20139288902282715,0.004744529724121094,0.001344919204711914,0.0,4743,"[2041, 0]",no_change,
Basketball_temporal/finer1991,Basketball_finer,A2,712779aad638f619,1787630221.6842735,complete,295,5420,0.062492793727660555,630782.6,4751,297366.3,2710,297366.3,0.47142438615142523,2041,0,0,0.0,0.47142438615142523,0.13622431434504015,297366.3,0.19647180906260808,0.5922360420227051,0.20417451858520508,0.14072823524475098,0.0014600753784179688,0.0,4743,[2041],exhausted,
Basketball_temporal/finer1991,Basketball_finer,A3,712779aad638f619,1787630256.2837985,complete,295,5420,0.062492793727660555,630782.6,4751,301236.3,2710,301236.3,0.47755962196801244,2041,0,0,0.0,0.47755962196801244,0.14200995138053585,301236.3,0.05693531649948115,0.5617399215698242,0.19945406913757324,0.0046138763427734375,0.11440134048461914,0.0,4743,"[2041, 0]",no_change,
Basketball_temporal/finer1991,Basketball_finer,A4,712779aad638f619,1787630269.9791105,complete,295,5420,0.062492793727660555,630782.6,4751,297366.3,2710,297366.3,0.47142438615142523,2041,0,0,0.0,0.4712785355842091,0.12240264038768793,297274.29999999993,0.19667934970598408,0.7073976993560791,0.20148706436157227,0.14183759689331055,0.11952662467956543,0.0,4743,[2041],exhausted,
Basketball_temporal/finer1991,Basketball_finer,A5,712779aad638f619,1787630363.3923788,complete,295,5420,0.062492793727660555,630782.6,4751,297366.3,2710,297079.3,0.4709693957950013,2041,10,10,287.0,0.4709693957950013,0.1361804642686239,297079.3,0.19910065721203735,8.811278581619263,0.20351696014404297,0.14118576049804688,0.0014278888702392578,8.213993787765503,4743,[2041],exhausted,
Basketball_temporal/finer1991,Basketball_finer,A6,712779aad638f619,1787630532.8299387,complete,295,5420,0.062492793727660555,630782.6,4751,297366.3,2710,297079.3,0.4709693957950013,2041,10,10,287.0,0.4709693957950013,0.1361804642686239,297079.3,0.19910065721203735,8.66037631034851,0.19619035720825195,0.1388850212097168,0.11648726463317871,7.968379497528076,4743,[2041],exhausted,
Basketball_temporal/finer1992,Basketball_finer,A0,712779aad638f619,1787630201.8941429,complete,298,5444,0.061509954127403794,608058.4,4798,533098.6,4798,533098.6,0.8767226963725852,0,0,0,0.0,0.47682377219030275,0.15089355062015639,289936.7,0.0,0.2361311912536621,0.19443631172180176,2.1457672119140625e-06,0.00041222572326660156,0.0,4789,[0],phase_b_disabled,
Basketball_temporal/finer1992,Basketball_finer,A2,712779aad638f619,1787630237.0199938,complete,298,5444,0.061509954127403794,608058.4,4798,285736.69999999995,2722,285736.69999999995,0.46991654091120183,2076,0,0,0.0,0.46991654091120183,0.13351128252746286,285736.69999999995,0.1981560572164599,0.5715353488922119,0.1932847499847412,0.14187312126159668,0.0013723373413085938,0.0,4789,[2076],exhausted,
Basketball_temporal/finer1992,Basketball_finer,A4,712779aad638f619,1787630289.7466502,complete,298,5444,0.061509954127403794,608058.4,4798,285736.69999999995,2722,285736.69999999995,0.46991654091120183,2076,0,0,0.0,0.4696221612924022,0.1149124434653154,285557.7,0.1983820305967957,0.699941873550415,0.19514107704162598,0.14047741889953613,0.12877511978149414,0.0,4789,[2076],exhausted,
Basketball_temporal/finer1992,Basketball_finer,A6,712779aad638f619,1787630736.0899098,complete,298,5444,0.061509954127403794,608058.4,4798,285736.69999999995,2722,285448.7,0.46944290219492074,2076,10,10,287.9999999999418,0.46944290219492074,0.13415513770162962,285448.7,0.1977267077938219,8.711107969284058,0.19120430946350098,0.1384427547454834,0.1274886131286621,8.017202854156494,4789,[2076],exhausted,
Basketball_temporal/finer1993,Basketball_finer,A0,712779aad638f619,1787630202.1311023,complete,298,5160,0.058301132126635485,585396.4,4544,511909.7,4544,511909.7,0.8744667715756366,0,0,0,0.0,0.4777193710108227,0.15792640000294514,279655.19999999995,0.0,0.22008728981018066,0.18023347854614258,1.9073486328125e-06,0.0003962516784667969,0.0,4529,[0],phase_b_disabled,
Basketball_temporal/finer1993,Basketball_finer,A2,712779aad638f619,1787630237.5933025,complete,298,5160,0.058301132126635485,585396.4,4544,275534.20000000007,2580,275534.20000000007,0.47067969669782744,1964,0,0,0.0,0.47067969669782744,0.14105236912057204,275534.20000000007,0.2036924050346869,0.5195281505584717,0.17992949485778809,0.11966252326965332,0.0013072490692138672,0.0,4529,[1964],exhausted,
Basketball_temporal/finer1993,Basketball_finer,A4,712779aad638f619,1787630290.4492955,complete,298,5160,0.058301132126635485,585396.4,4544,275534.20000000007,2580,275534.20000000007,0.47067969669782744,1964,0,0,0.0,0.47060624219759467,0.12465629222799113,275491.2,0.20378279438682123,0.6414239406585693,0.18021011352539062,0.11954140663146973,0.11928153038024902,0.0,4529,[1964],exhausted,
Basketball_temporal/finer1993,Basketball_finer,A6,712779aad638f619,1787630744.8050425,complete,298,5160,0.058301132126635485,585396.4,4544,275534.20000000007,2580,275266.2,0.47022188725451675,1964,10,10,268.0000000000582,0.47022188725451675,0.14154031551114588,275266.2,0.20586174948591057,8.005881786346436,0.1802206039428711,0.11879444122314453,0.126692533493042,7.360787391662598,4529,[1964],exhausted,
Basketball_temporal/finer1994,Basketball_finer,A0,712779aad638f619,1787630195.8565722,complete,301,5252,0.058161683277962346,608682.0,4644,537429.2,4644,537429.2,0.882939203064983,0,0,0,0.0,0.47812979519683513,0.16741347189018663,291029.0,0.0,0.2238781452178955,0.18363142013549805,2.1457672119140625e-06,0.0003917217254638672,0.0,4634,[0],phase_b_disabled,
Basketball_temporal/finer1994,Basketball_finer,A1,712779aad638f619,1787630211.9163723,complete,301,5252,0.058161683277962346,608682.0,4644,291029.0,2626,291029.0,0.47812979519683513,2018,0,0,0.0,0.47812979519683513,0.16609559542156405,291029.0,0.07572535991140643,0.41785264015197754,0.18499755859375,0.004549503326416016,0.0013308525085449219,0.0,4634,"[2018, 0]",no_change,
Basketball_temporal/finer1994,Basketball_finer,A2,712779aad638f619,1787630222.2779467,complete,301,5252,0.058161683277962346,608682.0,4644,287064.0,2626,287064.0,0.47161572052401746,2018,0,0,0.0,0.47161572052401746,0.14357569367623405,287064.0,0.21794019933554817,0.5680575370788574,0.19562554359436035,0.13831543922424316,0.0013394355773925781,0.0,4634,[2018],exhausted,
Basketball_temporal/finer1994,Basketball_finer,A3,712779aad638f619,1787630256.847651,complete,301,5252,0.058161683277962346,608682.0,4644,291029.0,2626,291029.0,0.47812979519683513,2018,0,0,0.0,0.47810186599899457,0.14361781033214616,291012.0,0.07574750830564785,0.5399315357208252,0.18669700622558594,0.004461765289306641,0.11839985847473145,0.0,4634,"[2018, 0]",no_change,
Basketball_temporal/finer1994,Basketball_finer,A4,712779aad638f619,1787630270.6889129,complete,301,5252,0.058161683277962346,608682.0,4644,287064.0,2626,287064.0,0.47161572052401746,2018,0,0,0.0,0.4711097091749058,0.11848554236812299,286756.0,0.218250276854928,0.6920342445373535,0.18807625770568848,0.13618993759155273,0.13745498657226562,0.0,4634,[2018],exhausted,
Basketball_temporal/finer1994,Basketball_finer,A5,712779aad638f619,1787630372.2069833,complete,301,5252,0.058161683277962346,608682.0,4644,287064.0,2626,286776.0,0.47114256705471824,2018,10,10,288.0,0.47114256705471824,0.1400517334492636,286776.0,0.21984496124031008,8.521322250366211,0.18990111351013184,0.13733196258544922,0.0014045238494873047,7.955305814743042,4634,[2018],exhausted,
Basketball_temporal/finer1994,Basketball_finer,A6,712779aad638f619,1787630541.4938788,complete,301,5252,0.058161683277962346,608682.0,4644,287064.0,2626,286776.0,0.47114256705471824,2018,10,10,288.0,0.47114256705471824,0.1400517334492636,286776.0,0.21984496124031008,8.232489824295044,0.18193960189819336,0.133056640625,0.13198590278625488,7.561353921890259,4634,[2018],exhausted,
Basketball_temporal/finer1995,Basketball_finer,A0,712779aad638f619,1787630202.3519611,complete,302,5336,0.05870057864513432,602136.4,4700,528277.3,4700,528277.3,0.877338257577519,0,0,0,0.0,0.47762716221773005,0.1624397712036988,287596.7,0.0,0.2209486961364746,0.17893743515014648,1.6689300537109375e-06,0.0004248619079589844,0.0,4692,[0],phase_b_disabled,
Basketball_temporal/finer1995,Basketball_finer,A2,712779aad638f619,1787630238.1145906,complete,302,5336,0.05870057864513432,602136.4,4700,283117.7,2668,283117.7,0.4701886482863351,2032,0,0,0.0,0.4701886482863351,0.14044250626821914,283117.7,0.20829024663923787,0.5298454761505127,0.17814302444458008,0.13373732566833496,0.0014252662658691406,0.0,4692,[2032],exhausted,
Basketball_temporal/finer1995,Basketball_finer,A4,712779aad638f619,1787630291.0935285,complete,302,5336,0.05870057864513432,602136.4,4700,283117.7,2668,283117.7,0.4701886482863351,2032,0,0,0.0,0.47000430467249615,0.12033646254484404,283006.7,0.20844425865217486,0.672555685043335,0.18596529960632324,0.1365349292755127,0.13146662712097168,0.0,4692,[2032],exhausted,
Basketball_temporal/finer1995,Basketball_finer,A6,712779aad638f619,1787630752.814909,complete,302,5336,0.05870057864513432,602136.4,4700,283117.7,2668,282802.7,0.4696655110038191,2032,10,10,315.0,0.4696655110038191,0.14049617333630723,282802.7,0.20950034102660006,8.456287384033203,0.17464494705200195,0.13123011589050293,0.12973618507385254,7.803051948547363,4692,[2032],exhausted,
Basketball_temporal/finer1996,Basketball_finer,A0,712779aad638f619,1787630202.5736785,complete,305,5498,0.059296807592752375,594157.3999999999,4886,525969.4,4886,525969.4,0.8852357977869165,0,0,0,0.0,0.47798142377760505,0.15583836612505597,283996.19999999995,0.0,0.23849844932556152,0.19585108757019043,1.9073486328125e-06,0.0004069805145263672,0.0,4878,[0],phase_b_disabled,
Basketball_temporal/finer1996,Basketball_finer,A2,712779aad638f619,1787630238.6463602,complete,305,5498,0.059296807592752375,594157.3999999999,4886,280306.2,2749,280306.2,0.47177094823694876,2137,0,0,0.0,0.47177094823694876,0.12943853859975274,280306.2,0.20916738567730803,0.5810708999633789,0.19488120079040527,0.14949870109558105,0.0013813972473144531,0.0,4878,[2137],exhausted,
Basketball_temporal/finer1996,Basketball_finer,A4,712779aad638f619,1787630291.768779,complete,305,5498,0.059296807592752375,594157.3999999999,4886,280306.2,2749,280306.2,0.47177094823694876,2137,0,0,0.0,0.471414140428109,0.1157995624573879,280094.20000000007,0.20955565142364108,0.7099428176879883,0.19378972053527832,0.15086603164672852,0.12818431854248047,0.0,4878,[2137],exhausted,
Basketball_temporal/finer1996,Basketball_finer,A6,712779aad638f619,1787630761.2752342,complete,305,5498,0.059296807592752375,594157.3999999999,4886,280306.2,2749,280084.2,0.47139730987108813,2137,10,10,222.0,0.47139730987108813,0.12830826816334123,280084.2,0.21257549611734253,8.899759292602539,0.19130587577819824,0.14837193489074707,0.12648987770080566,8.1975679397583,4878,[2137],exhausted,
Basketball_temporal/finer1997,Basketball_finer,A0,712779aad638f619,1787630196.080873,complete,305,5628,0.06069887834339948,582710.0,4983,514409.30000000005,4983,514409.30000000005,0.8827878361449092,0,0,0,0.0,0.47841035849736574,0.163471621573517,278774.5,0.0,0.24380898475646973,0.20095109939575195,2.384185791015625e-06,0.00043654441833496094,0.0,4975,[0],phase_b_disabled,
Basketball_temporal/finer1997,Basketball_finer,A1,712779aad638f619,1787630212.3353343,complete,305,5628,0.06069887834339948,582710.0,4983,278774.5,2814,278774.5,0.47841035849736574,2169,0,0,0.0,0.47841035849736574,0.16623644036943286,278774.5,0.05597497842968076,0.4553518295288086,0.20090818405151367,0.004885435104370117,0.0014653205871582031,0.0,4975,"[2169, 0]",no_change,
Basketball_temporal/finer1997,Basketball_finer,A2,712779aad638f619,1787630222.8476007,complete,305,5628,0.06069887834339948,582710.0,4983,274410.5,2814,274410.5,0.47092121295327005,2169,0,0,0.0,0.47092121295327005,0.14324740812947453,274410.5,0.23352027610008627,0.6130414009094238,0.20499372482299805,0.1551380157470703,0.0014503002166748047,0.0,4975,[2169],exhausted,
Basketball_temporal/finer1997,Basketball_finer,A3,712779aad638f619,1787630257.389756,complete,305,5628,0.06069887834339948,582710.0,4983,278774.5,2814,278774.5,0.47841035849736574,2169,0,0,0.0,0.4784034940193235,0.1499928338456238,278770.5,0.05599654874892149,0.6632931232452393,0.23689055442810059,0.009572744369506836,0.13508844375610352,0.0,4975,"[2169, 0]",no_change,
Basketball_temporal/finer1997,Basketball_finer,A4,712779aad638f619,1787630271.3834467,complete,305,5628,0.06069887834339948,582710.0,4983,274410.5,2814,274410.5,0.47092121295327005,2169,0,0,0.0,0.47060029860479485,0.12989884351136005,274223.5,0.23373597929249354,0.7394981384277344,0.20379304885864258,0.15387558937072754,0.13222956657409668,0.0,4975,[2169],exhausted,
Basketball_temporal/finer1997,Basketball_finer,A5,712779aad638f619,1787630380.73165,complete,305,5628,0.06069887834339948,582710.0,4983,274410.5,2814,274151.5,0.4704767380000343,2169,10,10,259.0,0.4704767380000343,0.13986389220615153,274151.5,0.2343183779119931,9.821460962295532,0.20716500282287598,0.15807366371154785,0.0014858245849609375,9.197956323623657,4975,[2169],exhausted,
Basketball_temporal/finer1997,Basketball_finer,A6,712779aad638f619,1787630549.72987,complete,305,5628,0.06069887834339948,582710.0,4983,274410.5,2814,274151.5,0.4704767380000343,2169,10,10,259.0,0.4704767380000343,0.13986389220615153,274151.5,0.2343183779119931,9.245021343231201,0.19829130172729492,0.152388334274292,0.12937641143798828,8.519588947296143,4975,[2169],exhausted,
Basketball_temporal/finer1998,Basketball_finer,A0,712779aad638f619,1787630202.8129666,complete,306,5684,0.06090217507768134,591892.3999999999,5018,519368.1,5018,519368.1,0.8774704659157645,0,0,0,0.0,0.4766857962697275,0.14934326559873976,282146.7,0.0,0.2558326721191406,0.21185588836669922,1.9073486328125e-06,0.0004315376281738281,0.0,5012,[0],phase_b_disabled,
Basketball_temporal/finer1998,Basketball_finer,A2,712779aad638f619,1787630239.2293632,complete,306,5684,0.06090217507768134,591892.3999999999,5018,278033.69999999995,2842,278033.69999999995,0.46973689812540254,2176,0,0,0.0,0.46973689812540254,0.13845285520946193,278033.69999999995,0.18296367727418836,0.6120169162750244,0.209625244140625,0.1485292911529541,0.0014939308166503906,0.0,5012,[2176],exhausted,
Basketball_temporal/finer1998,Basketball_finer,A4,712779aad638f619,1787630292.4815352,complete,306,5684,0.06090217507768134,591892.3999999999,5018,278033.69999999995,2842,278033.69999999995,0.46973689812540254,2176,0,0,0.0,0.46943785728622295,0.11623914078828597,277856.69999999995,0.1831565413050466,0.7637796401977539,0.2106184959411621,0.1496586799621582,0.13926005363464355,0.0,5012,[2176],exhausted,
Basketball_temporal/finer1998,Basketball_finer,A6,712779aad638f619,1787630770.1790614,complete,306,5684,0.06090217507768134,591892.3999999999,5018,278033.69999999995,2842,277813.69999999995,0.46936520894676126,2176,10,10,220.0,0.46936520894676126,0.13434350068592177,277813.69999999995,0.18742097932069002,9.597313165664673,0.20674562454223633,0.1490345001220703,0.13535070419311523,8.85500693321228,5012,[2176],exhausted,
Basketball_temporal/finer1999,Basketball_finer,A0,712779aad638f619,1787630203.069606,complete,310,5788,0.06042384382503393,589693.4,5113,519307.00000000006,5113,519307.00000000006,0.8806389896851483,0,0,0,0.0,0.4772042556352165,0.1495559766140532,281404.2,0.0,0.26068878173828125,0.21661043167114258,1.6689300537109375e-06,0.00042891502380371094,0.0,5105,[0],phase_b_disabled,
Basketball_temporal/finer1999,Basketball_finer,A2,712779aad638f619,1787630239.843203,complete,310,5788,0.06042384382503393,589693.4,5113,277294.2,2894,277294.2,0.4702345320466534,2219,0,0,0.0,0.4702345320466534,0.1345782673230825,277294.2,0.21735045411838397,0.630772590637207,0.21399474143981934,0.1575782299041748,0.0014443397521972656,0.0,5105,[2219],exhausted,
Basketball_temporal/finer1999,Basketball_finer,A4,712779aad638f619,1787630293.2481837,complete,310,5788,0.06042384382503393,589693.4,5113,277294.2,2894,277294.2,0.4702345320466534,2219,0,0,0.0,0.4699564214217083,0.11173015583393141,277130.2,0.21762188119845496,0.7777316570281982,0.21916580200195312,0.15922331809997559,0.1387319564819336,0.0,5105,[2219],exhausted,
Basketball_temporal/finer1999,Basketball_finer,A6,712779aad638f619,1787630779.780412,complete,310,5788,0.06042384382503393,589693.4,5113,277294.2,2894,277067.2,0.4698495862426135,2219,10,10,227.0,0.4698495862426135,0.13351053368457835,277067.2,0.21847792045098655,9.953252792358398,0.2113795280456543,0.1566460132598877,0.1357264518737793,9.19080924987793,5105,[2219],exhausted,
Basketball_temporal/finer2000,Basketball_finer,A0,712779aad638f619,1787630196.3250966,complete,318,6274,0.06223835882784755,634382.8,5565,559347.3,5565,559347.3,0.8817188927568654,0,0,0,0.0,0.4770461935601028,0.15983473550297636,302629.9,0.0,0.3083648681640625,0.2601628303527832,1.9073486328125e-06,0.0004496574401855469,0.0,5563,[0],phase_b_disabled,
Basketball_temporal/finer2000,Basketball_finer,A1,712779aad638f619,1787630212.7918305,complete,318,6274,0.06223835882784755,634382.8,5565,302629.9,3137,302629.9,0.4770461935601028,2428,0,0,0.0,0.4770461935601028,0.1658962276484227,302629.9,0.05297303731920719,0.5809364318847656,0.2629542350769043,0.005290985107421875,0.0015490055084228516,0.0,5563,"[2428, 0]",no_change,
Basketball_temporal/finer2000,Basketball_finer,A2,712779aad638f619,1787630223.4621277,complete,318,6274,0.06223835882784755,634382.8,5565,298067.9,3137,298067.9,0.46985495193123145,2428,0,0,0.0,0.46985495193123145,0.1377943847595876,298067.9,0.1936987877705692,0.7920677661895752,0.2713003158569336,0.20028400421142578,0.0016846656799316406,0.0,5563,[2428],exhausted,
Basketball_temporal/finer2000,Basketball_finer,A3,712779aad638f619,1787630258.0552108,complete,318,6274,0.06223835882784755,634382.8,5565,302629.9,3137,302629.9,0.4770461935601028,2428,0,0,0.0,0.4770461935601028,0.1480363189716065,302629.9,0.05297303731920719,0.7289583683013916,0.2699923515319824,0.005564212799072266,0.1350080966949463,0.0,5563,"[2428, 0]",no_change,
Basketball_temporal/finer2000,Basketball_finer,A4,712779aad638f619,1787630272.1254232,complete,318,6274,0.06223835882784755,634382.8,5565,298067.9,3137,298067.9,0.46985495193123145,2428,0,0,0.0,0.46960746728946623,0.11973870437395276,297910.9,0.1938773485705216,0.898984432220459,0.2620859146118164,0.19342422485351562,0.13728833198547363,0.0,5563,[2428],exhausted,
Basketball_temporal/finer2000,Basketball_finer,A5,712779aad638f619,1787630390.5565212,complete,318,6274,0.06223835882784755,634382.8,5565,298067.9,3137,297768.9,0.46938362767716907,2428,10,10,299.0,0.46938362767716907,0.13681100074301358,297768.9,0.19475031248139993,12.136368989944458,0.269000768661499,0.20113849639892578,0.0017006397247314453,11.341784954071045,5563,[2428],exhausted,
Basketball_temporal/finer2000,Basketball_finer,A6,712779aad638f619,1787630558.9783978,complete,318,6274,0.06223835882784755,634382.8,5565,298067.9,3137,297768.9,0.46938362767716907,2428,10,10,299.0,0.46938362767716907,0.13681100074301358,297768.9,0.19475031248139993,11.909311532974243,0.2611405849456787,0.19183611869812012,0.13752412796020508,11.006237506866455,5563,[2428],exhausted,
Basketball_temporal/finer2001,Basketball_finer,A0,712779aad638f619,1787630203.331143,complete,318,6116,0.06067099180604329,634858.4,5419,560288.6000000001,5419,560288.6000000001,0.8825410516738852,0,0,0,0.0,0.4780557365232939,0.15014117302316052,303497.69999999995,0.0,0.2758049964904785,0.22885966300964355,2.1457672119140625e-06,0.00044918060302734375,0.0,5410,[0],phase_b_disabled,
Basketball_temporal/finer2001,Basketball_finer,A2,712779aad638f619,1787630240.475781,complete,318,6116,0.06067099180604329,634858.4,5419,298899.7,3058,298899.7,0.47081317660757105,2361,0,0,0.0,0.47081317660757105,0.13905620633057816,298899.7,0.19064341408249508,0.6833152770996094,0.2200005054473877,0.19343280792236328,0.0015926361083984375,0.0,5410,[2361],exhausted,
Basketball_temporal/finer2001,Basketball_finer,A4,712779aad638f619,1787630294.028852,complete,318,6116,0.06067099180604329,634858.4,5419,298899.7,3058,298899.7,0.47081317660757105,2361,0,0,0.0,0.47070134064540997,0.11926507661680726,298828.69999999995,0.19086165506021466,0.921804666519165,0.2812068462371826,0.2070765495300293,0.15799593925476074,0.0,5410,[2361],exhausted,
Basketball_temporal/finer2001,Basketball_finer,A6,712779aad638f619,1787630789.7378938,complete,318,6116,0.06067099180604329,634858.4,5419,298899.7,3058,298689.7,0.47048239418427795,2361,10,10,210.0,0.47048239418427795,0.13726299789594257,298689.7,0.19018709203817233,11.204741716384888,0.22559881210327148,0.19390606880187988,0.13740205764770508,10.376900911331177,5410,[2361],exhausted,
Basketball_temporal/finer2002,Basketball_finer,A0,712779aad638f619,1787630203.6078362,complete,321,6192,0.0602803738317757,645798.0,5488,567642.1000000001,5488,567642.1000000001,0.8789777918172557,0,0,0,0.0,0.47803725003793757,0.16495328733527395,308715.5,0.0,0.2732846736907959,0.22615265846252441,2.1457672119140625e-06,0.0004477500915527344,0.0,5478,[0],phase_b_disabled,
Basketball_temporal/finer2002,Basketball_finer,A2,712779aad638f619,1787630241.1609557,complete,321,6192,0.0602803738317757,645798.0,5488,304098.5,3096,304098.5,0.47088795567654285,2392,0,0,0.0,0.47088795567654285,0.15482806503456498,304098.5,0.1966316199376947,0.6738290786743164,0.22438716888427734,0.17653322219848633,0.001550912857055664,0.0,5478,[2392],exhausted,
Basketball_temporal/finer2002,Basketball_finer,A4,712779aad638f619,1787630294.9534736,complete,321,6192,0.0602803738317757,645798.0,5488,304098.5,3096,304098.5,0.47088795567654285,2392,0,0,0.0,0.4704714167588007,0.13000093418972436,303829.5,0.19684579439252337,0.8271515369415283,0.22781968116760254,0.18161678314208984,0.1449577808380127,0.0,5478,[2392],exhausted,
Basketball_temporal/finer2002,Basketball_finer,A6,712779aad638f619,1787630800.9467745,complete,321,6192,0.0602803738317757,645798.0,5488,304098.5,3096,303820.5,0.4704574805124822,2392,10,10,278.0,0.4704574805124822,0.15128146349735427,303820.5,0.20011682242990655,11.57234239578247,0.22468876838684082,0.17622160911560059,0.14427852630615234,10.756420612335205,5478,[2392],exhausted,
Basketball_temporal/finer2003,Basketball_finer,A0,712779aad638f619,1787630196.633867,complete,327,6356,0.05962364683589426,645095.2,5635,569329.5,5635,569329.5,0.8825511335381198,0,0,0,0.0,0.4783814853993643,0.16151201074932892,308601.6,0.0,0.3077528476715088,0.25977087020874023,1.6689300537109375e-06,0.0004589557647705078,0.0,5628,[0],phase_b_disabled,
Basketball_temporal/finer2003,Basketball_finer,A1,712779aad638f619,1787630213.374026,complete,327,6356,0.05962364683589426,645095.2,5635,308601.6,3178,308601.6,0.4783814853993643,2457,0,0,0.0,0.4783814853993643,0.16127509023381226,308601.6,0.03367666647905292,0.5770905017852783,0.25981974601745605,0.005609273910522461,0.0016574859619140625,0.0,5628,"[2457, 0]",no_change,
Basketball_temporal/finer2003,Basketball_finer,A2,712779aad638f619,1787630224.2556994,complete,327,6356,0.05962364683589426,645095.2,5635,304576.6,3178,304576.6,0.47214209623633846,2457,0,0,0.0,0.47214209623633846,0.1356623729290675,304576.6,0.24136507757828182,0.8265557289123535,0.2665438652038574,0.2370898723602295,0.0016529560089111328,0.0,5628,[2457],exhausted,
Basketball_temporal/finer2003,Basketball_finer,A3,712779aad638f619,1787630258.7864037,complete,327,6356,0.05962364683589426,645095.2,5635,308601.6,3178,308601.6,0.4783814853993643,2457,0,0,0.0,0.4783349806354163,0.1396935237081196,308571.6,0.033770473349468116,0.7594287395477295,0.28188347816467285,0.0055501461029052734,0.1504507064819336,0.0,5628,"[2457, 0]",no_change,
Basketball_temporal/finer2003,Basketball_finer,A4,712779aad638f619,1787630273.035079,complete,327,6356,0.05962364683589426,645095.2,5635,304576.6,3178,304576.6,0.47214209623633846,2457,0,0,0.0,0.47199018067410825,0.1198827324469408,304478.6,0.24151516857094613,0.9257514476776123,0.25672173500061035,0.22855114936828613,0.13716864585876465,0.0,5628,[2457],exhausted,
Basketball_temporal/finer2003,Basketball_finer,A5,712779aad638f619,1787630402.696175,complete,327,6356,0.05962364683589426,645095.2,5635,304576.6,3178,304318.6,0.47174215526638547,2457,11,10,258.0,0.47174215526638547,0.13541570956303872,304318.6,0.24108365696703626,12.660210609436035,0.27187538146972656,0.23823904991149902,0.0017428398132324219,11.838071346282959,5628,[2457],exhausted,
Basketball_temporal/finer2003,Basketball_finer,A6,712779aad638f619,1787630570.8912282,complete,327,6356,0.05962364683589426,645095.2,5635,304576.6,3178,304318.6,0.47174215526638547,2457,11,10,258.0,0.47174215526638547,0.13541570956303872,304318.6,0.24108365696703626,12.1473388671875,0.25623536109924316,0.22670960426330566,0.13655900955200195,11.22122073173523,5628,[2457],exhausted,
Basketball_temporal/finer2004,Basketball_finer,A0,712779aad638f619,1787630203.8820145,complete,326,6316,0.05961302501179802,631535.2,5617,560232.5,5617,560232.5,0.8870962378660763,0,0,0,0.0,0.4792529379201666,0.15450953425461633,302665.1,0.0,0.2951986789703369,0.24736523628234863,2.1457672119140625e-06,0.00045561790466308594,0.0,5612,[0],phase_b_disabled,
Basketball_temporal/finer2004,Basketball_finer,A2,712779aad638f619,1787630241.84467,complete,326,6316,0.05961302501179802,631535.2,5617,298393.1,3158,298393.1,0.4724884693679782,2459,0,0,0.0,0.4724884693679782,0.1422679520183909,298393.1,0.20513449740443607,0.7612900733947754,0.24769949913024902,0.20778131484985352,0.0016214847564697266,0.0,5612,[2459],exhausted,
Basketball_temporal/finer2004,Basketball_finer,A4,712779aad638f619,1787630295.783439,complete,326,6316,0.05961302501179802,631535.2,5617,298393.1,3158,298393.1,0.4724884693679782,2459,0,0,0.0,0.4720007689199272,0.1193452936376843,298085.1,0.2054742803209061,0.9253487586975098,0.2569160461425781,0.21130609512329102,0.15135693550109863,0.0,5612,[2459],exhausted,
Basketball_temporal/finer2004,Basketball_finer,A6,712779aad638f619,1787630812.5231125,complete,326,6316,0.05961302501179802,631535.2,5617,298393.1,3158,298122.10000000003,0.47205935631141394,2459,10,10,270.9999999999418,0.47205935631141394,0.1401781759778395,298122.10000000003,0.20554978763567722,11.991836071014404,0.24393415451049805,0.20209074020385742,0.14376163482666016,11.108452558517456,5612,[2459],exhausted,
Basketball_temporal/finer2005,Basketball_finer,A0,712779aad638f619,1787630204.1780958,complete,330,6476,0.059648153265174544,642948.0,5712,564983.8,5712,564983.8,0.8787394937071117,0,0,0,0.0,0.47841427300497086,0.16851531978868556,307595.5,0.0,0.3165435791015625,0.26711344718933105,2.1457672119140625e-06,0.0004906654357910156,0.0,5704,[0],phase_b_disabled,
Basketball_temporal/finer2005,Basketball_finer,A2,712779aad638f619,1787630242.6077876,complete,330,6476,0.059648153265174544,642948.0,5712,302835.5,3238,302835.5,0.4710108749074575,2474,0,0,0.0,0.4710108749074575,0.1405232363472893,302835.5,0.21446071658837615,0.8072590827941895,0.2687649726867676,0.21716785430908203,0.0016536712646484375,0.0,5704,[2474],exhausted,
Basketball_temporal/finer2005,Basketball_finer,A4,712779aad638f619,1787630296.7119296,complete,330,6476,0.059648153265174544,642948.0,5712,302835.5,3238,302835.5,0.4710108749074575,2474,0,0,0.0,0.4707869065616504,0.12347284999474788,302691.5,0.21471861471861473,0.9921140670776367,0.2803349494934082,0.22235512733459473,0.15062594413757324,0.0,5704,[2474],exhausted,
Basketball_temporal/finer2005,Basketball_finer,A6,712779aad638f619,1787630824.5189598,complete,330,6476,0.059648153265174544,642948.0,5712,302835.5,3238,302608.5,0.47065781369566434,2474,10,10,227.0,0.47065781369566434,0.13794528199465608,302608.5,0.2169844340057106,12.507225036621094,0.26334500312805176,0.2121431827545166,0.14470767974853516,11.573260068893433,5704,[2474],exhausted,
Basketball_temporal/finer2006,Basketball_finer,A0,712779aad638f619,1787630196.9420488,complete,334,6680,0.06006006006006006,653869.4,5926,578052.6000000001,5926,578052.6000000001,0.8840490165161423,0,0,0,0.0,0.4785369983669522,0.15289276923867193,312900.7,0.0,0.32213902473449707,0.2710888385772705,1.6689300537109375e-06,0.00048160552978515625,0.0,5915,[0],phase_b_disabled,
Basketball_temporal/finer2006,Basketball_finer,A1,712779aad638f619,1787630213.952338,complete,334,6680,0.06006006006006006,653869.4,5926,312900.7,3340,312900.7,0.4785369983669522,2586,0,0,0.0,0.4785369983669522,0.15287173218768743,312900.7,0.05135674596752441,0.6087832450866699,0.27525949478149414,0.0058400630950927734,0.001684427261352539,0.0,5915,"[2586, 0]",no_change,
Basketball_temporal/finer2006,Basketball_finer,A2,712779aad638f619,1787630225.0838914,complete,334,6680,0.06006006006006006,653869.4,5926,308180.7,3340,308180.7,0.47131843147882435,2586,0,0,0.0,0.47131843147882435,0.13862773969469852,308180.7,0.22072971174767583,0.8379673957824707,0.28009676933288574,0.22971200942993164,0.0016798973083496094,0.0,5915,[2586],exhausted,
Basketball_temporal/finer2006,Basketball_finer,A3,712779aad638f619,1787630259.5486171,complete,334,6680,0.06006006006006006,653869.4,5926,312900.7,3340,312900.7,0.4785369983669522,2586,0,0,0.0,0.478431472706935,0.13835235353129632,312831.69999999995,0.051410692129255,0.7632558345794678,0.28208374977111816,0.005917072296142578,0.14400935173034668,0.0,5915,"[2586, 0]",no_change,
Basketball_temporal/finer2006,Basketball_finer,A4,712779aad638f619,1787630273.963365,complete,334,6680,0.06006006006006006,653869.4,5926,308180.7,3340,308180.7,0.47131843147882435,2586,0,0,0.0,0.4711257324474887,0.11759008929366013,308054.69999999995,0.2208915502328676,0.9760556221008301,0.27176904678344727,0.23049545288085938,0.15190863609313965,0.0,5915,[2586],exhausted,
Basketball_temporal/finer2006,Basketball_finer,A5,712779aad638f619,1787630415.3596296,complete,334,6680,0.06006006006006006,653869.4,5926,308180.7,3340,307955.69999999995,0.470974326065725,2586,10,10,225.0000000000582,0.470974326065725,0.13588814392993115,307955.69999999995,0.22339105572638507,13.706348180770874,0.2726879119873047,0.23317909240722656,0.0017275810241699219,12.859816074371338,5915,[2586],exhausted,
Basketball_temporal/finer2006,Basketball_finer,A6,712779aad638f619,1787630583.0421166,complete,334,6680,0.06006006006006006,653869.4,5926,308180.7,3340,307955.69999999995,0.470974326065725,2586,10,10,225.0000000000582,0.470974326065725,0.13588814392993115,307955.69999999995,0.22339105572638507,13.421968221664429,0.27126193046569824,0.22771096229553223,0.1507413387298584,12.445626735687256,5915,[2586],exhausted,
Basketball_temporal/finer2007,Basketball_finer,A0,712779aad638f619,1787630204.4954689,complete,336,7186,0.06384150675195452,694880.5999999999,6357,612872.7,6357,612872.7,0.8819827463883725,0,0,0,0.0,0.47786957932053364,0.15871229280850918,332062.29999999993,0.0,0.35489773750305176,0.29969286918640137,2.1457672119140625e-06,0.0005311965942382812,0.0,6354,[0],phase_b_disabled,
Basketball_temporal/finer2007,Basketball_finer,A2,712779aad638f619,1787630243.4168866,complete,336,7186,0.06384150675195452,694880.5999999999,6357,326849.3,3593,326849.3,0.4703675710618487,2764,0,0,0.0,0.4703675710618487,0.14639416092971674,326849.3,0.21042999289267947,0.9161233901977539,0.29755735397338867,0.26363086700439453,0.0018494129180908203,0.0,6354,[2764],exhausted,
Basketball_temporal/finer2007,Basketball_finer,A4,712779aad638f619,1787630297.7068477,complete,336,7186,0.06384150675195452,694880.5999999999,6357,326849.3,3593,326849.3,0.4703675710618487,2764,0,0,0.0,0.4702092704847424,0.13010484750715756,326739.30000000005,0.21058990760483298,1.128194808959961,0.2991766929626465,0.27001523971557617,0.19740056991577148,0.0,6354,[2764],exhausted,
Basketball_temporal/finer2007,Basketball_finer,A6,712779aad638f619,1787630837.0302205,complete,336,7186,0.06384150675195452,694880.5999999999,6357,326849.3,3593,326614.3,0.4700293834653033,2764,10,10,235.0,0.4700293834653033,0.146258650617122,326614.3,0.2118869936034115,15.338531732559204,0.3011467456817627,0.25802135467529297,0.14797067642211914,14.285141706466675,6354,[2764],exhausted,
Basketball_temporal/finer2008,Basketball_finer,A0,712779aad638f619,1787630204.8512352,complete,342,7386,0.06333281885064568,712069.6,6576,630912.2999999999,6576,630912.2999999999,0.8860261693519846,0,0,0,0.0,0.4769860979881741,0.14794498970499798,339647.29999999993,0.0,0.3583812713623047,0.30309224128723145,1.9073486328125e-06,0.0005030632019042969,0.0,6570,[0],phase_b_disabled,
Basketball_temporal/finer2008,Basketball_finer,A2,712779aad638f619,1787630244.334895,complete,342,7386,0.06333281885064568,712069.6,6576,335003.3,3693,335003.3,0.4704642636056925,2883,0,0,0.0,0.4704642636056925,0.1436912033623975,335003.3,0.18975836463103016,0.9528064727783203,0.29993677139282227,0.29363441467285156,0.0019817352294921875,0.0,6570,[2883],exhausted,
Basketball_temporal/finer2008,Basketball_finer,A4,712779aad638f619,1787630298.8385177,complete,342,7386,0.06333281885064568,712069.6,6576,335003.3,3693,335003.3,0.4704642636056925,2883,0,0,0.0,0.470263440540082,0.1235340302289231,334860.3,0.18994700828317126,1.1383209228515625,0.3083963394165039,0.29407215118408203,0.16039323806762695,0.0,6570,[2883],exhausted,
Basketball_temporal/finer2008,Basketball_finer,A6,712779aad638f619,1787630852.3728576,complete,342,7386,0.06333281885064568,712069.6,6576,335003.3,3693,334761.30000000005,0.4701244091869672,2883,10,10,241.9999999999418,0.4701244091869672,0.1400942378605285,334761.30000000005,0.1911474678877056,16.376062393188477,0.2928340435028076,0.279585599899292,0.151566743850708,15.300918102264404,6570,[2883],exhausted,
Basketball_temporal/finer2009,Basketball_finer,A0,712779aad638f619,1787630197.264639,complete,347,7478,0.06228448634871983,714987.7999999999,6668,634827.5,6668,634827.5,0.887885779309801,0,0,0,0.0,0.4779240988447635,0.16364641567164026,341709.89999999997,0.0,0.3546755313873291,0.2984640598297119,1.9073486328125e-06,0.0005314350128173828,0.0,6663,[0],phase_b_disabled,
Basketball_temporal/finer2009,Basketball_finer,A1,712779aad638f619,1787630214.5622945,complete,347,7478,0.06228448634871983,714987.7999999999,6668,341709.89999999997,3739,341709.89999999997,0.4779240988447635,2929,0,0,0.0,0.4779240988447635,0.16624421574579704,341709.89999999997,0.04985757358698006,0.6662735939025879,0.30232977867126465,0.006426811218261719,0.0019512176513671875,0.0,6663,"[2929, 0]",no_change,
Basketball_temporal/finer2009,Basketball_finer,A2,712779aad638f619,1787630225.9233506,complete,347,7478,0.06228448634871983,714987.7999999999,6668,336829.9,3739,336829.9,0.4710988075600731,2929,0,0,0.0,0.4710988075600731,0.13770851824912297,336829.9,0.20187902916826306,0.9602088928222656,0.3028085231781006,0.29979491233825684,0.0019371509552001953,0.0,6663,[2929],exhausted,
Basketball_temporal/finer2009,Basketball_finer,A3,712779aad638f619,1787630260.3139713,complete,347,7478,0.06228448634871983,714987.7999999999,6668,341709.89999999997,3739,341709.89999999997,0.4779240988447635,2929,0,0,0.0,0.4779240988447635,0.14380101406353119,341709.89999999997,0.04985757358698006,0.8392539024353027,0.3099987506866455,0.0067555904388427734,0.1535799503326416,0.0,6663,"[2929, 0]",no_change,
Basketball_temporal/finer2009,Basketball_finer,A4,712779aad638f619,1787630274.9418998,complete,347,7478,0.06228448634871983,714987.7999999999,6668,336829.9,3739,336829.9,0.4710988075600731,2929,0,0,0.0,0.4708414605116339,0.12049872165471384,336645.89999999997,0.20207892588829104,1.1119933128356934,0.2967841625213623,0.2997410297393799,0.1591353416442871,0.0,6663,[2929],exhausted,
Basketball_temporal/finer2009,Basketball_finer,A5,712779aad638f619,1787630429.0694087,complete,347,7478,0.06228448634871983,714987.7999999999,6668,336829.9,3739,336554.9,0.47071418561267764,2929,11,10,275.0,0.47071418561267764,0.1359963829364409,336554.9,0.20207892588829104,17.68413519859314,0.3107941150665283,0.30956172943115234,0.0020406246185302734,16.696704864501953,6663,[2929],exhausted,
Basketball_temporal/finer2009,Basketball_finer,A6,712779aad638f619,1787630596.4676785,complete,347,7478,0.06228448634871983,714987.7999999999,6668,336829.9,3739,336554.9,0.47071418561267764,2929,11,10,275.0,0.47071418561267764,0.1359963829364409,336554.9,0.20207892588829104,17.021557569503784,0.2970309257507324,0.29538726806640625,0.1588153839111328,15.919260501861572,6663,[2929],exhausted,
Basketball_temporal/finer2010,Basketball_finer,A0,712779aad638f619,1787630205.210499,complete,347,7538,0.0627842281487898,722803.5999999999,6750,644712.7,6750,644712.7,0.8919611081073754,0,0,0,0.0,0.47671635835792747,0.15170212904140035,344572.3,0.0,0.35073256492614746,0.29460740089416504,1.6689300537109375e-06,0.0004982948303222656,0.0,6742,[0],phase_b_disabled,
Basketball_temporal/finer2010,Basketball_finer,A2,712779aad638f619,1787630245.2895708,complete,347,7538,0.0627842281487898,722803.5999999999,6750,339658.3,3769,339658.3,0.46991783106780327,2981,0,0,0.0,0.46991783106780327,0.1465420609417117,339658.3,0.19719811430760772,0.925950288772583,0.2915937900543213,0.285416841506958,0.001924276351928711,0.0,6742,[2981],exhausted,
Basketball_temporal/finer2010,Basketball_finer,A4,712779aad638f619,1787630299.980767,complete,347,7538,0.0627842281487898,722803.5999999999,6750,339658.3,3769,339658.3,0.46991783106780327,2981,0,0,0.0,0.46966603376076166,0.1252959776944091,339476.3,0.19741466908763805,1.1280298233032227,0.3103218078613281,0.29437994956970215,0.15984892845153809,0.0,6742,[2981],exhausted,
Basketball_temporal/finer2010,Basketball_finer,A6,712779aad638f619,1787630868.7530408,complete,347,7538,0.0627842281487898,722803.5999999999,6750,339658.3,3769,339433.3,0.4696065431882188,2981,10,10,225.0,0.4696065431882188,0.1452923363674554,339433.3,0.1969315853475704,17.01776909828186,0.28879785537719727,0.2790687084197998,0.15331077575683594,15.949519157409668,6742,[2981],exhausted,
Basketball_temporal/finer2011,Basketball_finer,A0,712779aad638f619,1787630205.570171,complete,345,7504,0.0632288506909336,718937.2,6724,641503.7,6724,641503.7,0.8922944869176334,0,0,0,0.0,0.4783485956770633,0.1564430992620675,343902.6,0.0,0.3612239360809326,0.3046090602874756,2.384185791015625e-06,0.0005125999450683594,0.0,6716,[0],phase_b_disabled,
Basketball_temporal/finer2011,Basketball_finer,A2,712779aad638f619,1787630246.2173636,complete,345,7504,0.0632288506909336,718937.2,6724,338973.6,3752,338973.6,0.4714926421946173,2972,0,0,0.0,0.4714926421946173,0.1446890696906286,338973.6,0.20202224469160768,0.9614534378051758,0.3028702735900879,0.2982199192047119,0.0019562244415283203,0.0,6716,[2972],exhausted,
Basketball_temporal/finer2011,Basketball_finer,A4,712779aad638f619,1787630301.1117082,complete,345,7504,0.0632288506909336,718937.2,6724,338973.6,3752,338973.6,0.4714926421946173,2972,0,0,0.0,0.4709752117431119,0.1245385715478756,338601.6,0.20247724974721942,1.1749513149261475,0.3130762577056885,0.3161630630493164,0.16754674911499023,0.0,6716,[2972],exhausted,
Basketball_temporal/finer2011,Basketball_finer,A6,712779aad638f619,1787630885.7748873,complete,345,7504,0.0632288506909336,718937.2,6724,338973.6,3752,338656.6,0.47105171355717856,2972,11,10,317.0,0.47105171355717856,0.14367899079117996,338656.6,0.20281429052915403,16.948988914489746,0.29858922958374023,0.29447102546691895,0.15403413772583008,15.844304084777832,6716,[2972],exhausted,
Basketball_temporal/finer2012,Basketball_finer,A0,712779aad638f619,1787630197.6197479,complete,345,7580,0.06386922817660937,709133.5999999999,6744,629334.9,6744,629334.9,0.8874701466691187,0,0,0,0.0,0.4764550713716006,0.15850561348368847,337870.3,0.0,0.3765556812286377,0.31996583938598633,1.9073486328125e-06,0.0005137920379638672,0.0,6737,[0],phase_b_disabled,
Basketball_temporal/finer2012,Basketball_finer,A1,712779aad638f619,1787630215.229772,complete,345,7580,0.06386922817660937,709133.5999999999,6744,337870.3,3790,337870.3,0.4764550713716006,2954,0,0,0.0,0.4764550713716006,0.1588574049943162,337870.3,0.053842264914054604,0.7098081111907959,0.32400059700012207,0.00649261474609375,0.00188446044921875,0.0,6737,"[2954, 0]",no_change,
Basketball_temporal/finer2012,Basketball_finer,A2,712779aad638f619,1787630226.8849833,complete,345,7580,0.06386922817660937,709133.5999999999,6744,333077.3,3790,333077.3,0.46969611932081634,2954,0,0,0.0,0.46969611932081634,0.1517753052288183,333077.3,0.19191102123356926,0.995891809463501,0.32709312438964844,0.2816917896270752,0.0019991397857666016,0.0,6737,[2954],exhausted,
Basketball_temporal/finer2012,Basketball_finer,A3,712779aad638f619,1787630261.1553729,complete,345,7580,0.06386922817660937,709133.5999999999,6744,337870.3,3790,337870.3,0.4764550713716006,2954,0,0,0.0,0.4764395594849829,0.13817577455946445,337859.3,0.053875968992248065,0.8772025108337402,0.33907175064086914,0.007054328918457031,0.15017986297607422,0.0,6737,"[2954, 0]",no_change,
Basketball_temporal/finer2012,Basketball_finer,A4,712779aad638f619,1787630276.0564125,complete,345,7580,0.06386922817660937,709133.5999999999,6744,333077.3,3790,333077.3,0.46969611932081634,2954,0,0,0.0,0.46959317680053536,0.12414116979929576,333004.30000000005,0.19202898550724637,1.2135074138641357,0.39218640327453613,0.2803921699523926,0.15833640098571777,0.0,6737,[2954],exhausted,
Basketball_temporal/finer2012,Basketball_finer,A5,712779aad638f619,1787630446.7569036,complete,345,7580,0.06386922817660937,709133.5999999999,6744,333077.3,3790,332849.29999999993,0.4693746002163767,2954,10,10,228.0000000000582,0.4693746002163767,0.15080305114809522,332849.29999999993,0.19583754634310752,17.555859565734863,0.3287484645843506,0.28522229194641113,0.0020208358764648438,16.55109190940857,6737,[2954],exhausted,
Basketball_temporal/finer2012,Basketball_finer,A6,712779aad638f619,1787630613.4927864,complete,345,7580,0.06386922817660937,709133.5999999999,6744,333077.3,3790,332849.29999999993,0.4693746002163767,2954,10,10,228.0000000000582,0.4693746002163767,0.15080305114809522,332849.29999999993,0.19583754634310752,17.164777755737305,0.3153202533721924,0.2729361057281494,0.15444087982177734,16.04640817642212,6737,[2954],exhausted,
Basketball_temporal/finer2013,Basketball_finer,A0,712779aad638f619,1787630206.320756,complete,347,7616,0.06343389248888075,712608.0,6746,627886.8999999999,6746,627886.8999999999,0.8811112140194889,0,0,0,0.0,0.47645128878710313,0.16125040900689874,339523.0,0.0,0.38671016693115234,0.33000993728637695,1.6689300537109375e-06,0.0005514621734619141,0.0,6735,[0],phase_b_disabled,
Basketball_temporal/finer2013,Basketball_finer,A2,712779aad638f619,1787630248.159119,complete,347,7616,0.06343389248888075,712608.0,6746,334957.0,3808,334957.0,0.47004383896897034,2938,0,0,0.0,0.47004383896897034,0.1544716431416688,334957.0,0.2090919691492729,1.0165073871612549,0.3293948173522949,0.29799699783325195,0.0019443035125732422,0.0,6735,[2938],exhausted,
Basketball_temporal/finer2013,Basketball_finer,A4,712779aad638f619,1787630303.4694457,complete,347,7616,0.06343389248888075,712608.0,6746,334957.0,3808,334957.0,0.47004383896897034,2938,0,0,0.0,0.4699484148367686,0.1288799048214983,334889.0,0.20924189168929386,1.198275089263916,0.3370692729949951,0.3050861358642578,0.16611266136169434,0.0,6735,[2938],exhausted,
Basketball_temporal/finer2013,Basketball_finer,A6,712779aad638f619,1787630919.8861701,complete,347,7616,0.06343389248888075,712608.0,6746,334957.0,3808,334731.0,0.4697266940590058,2938,10,10,226.0,0.4697266940590058,0.15374256550670784,334731.0,0.20945844646932418,17.399390697479248,0.32508277893066406,0.29398369789123535,0.15701961517333984,16.239683866500854,6735,[2938],exhausted,
Basketball_temporal/finer2014,Basketball_finer,A0,712779aad638f619,1787630206.7084196,complete,351,7650,0.06227106227106227,754719.3999999999,6857,675167.2999999999,6857,675167.2999999999,0.894593805326854,0,0,0,0.0,0.47920087916118226,0.1610102308852385,361662.19999999995,0.0,0.38123440742492676,0.3241426944732666,1.6689300537109375e-06,0.0004968643188476562,0.0,6850,[0],phase_b_disabled,
Basketball_temporal/finer2014,Basketball_finer,A2,712779aad638f619,1787630249.1776326,complete,351,7650,0.06227106227106227,754719.3999999999,6857,356844.19999999995,3825,356844.19999999995,0.47281704962135596,3032,0,0,0.0,0.47281704962135596,0.15225755615951167,356844.19999999995,0.20568172568172569,1.0315685272216797,0.32788515090942383,0.317030668258667,0.001922607421875,0.0,6850,[3032],exhausted,
Basketball_temporal/finer2014,Basketball_finer,A4,712779aad638f619,1787630304.670602,complete,351,7650,0.06227106227106227,754719.3999999999,6857,356844.19999999995,3825,356844.19999999995,0.47281704962135596,3032,0,0,0.0,0.47258252537300616,0.13012434954877258,356667.19999999995,0.20584452584452584,1.1956918239593506,0.32875752449035645,0.3207709789276123,0.16228008270263672,0.0,6850,[3032],exhausted,
Basketball_temporal/finer2014,Basketball_finer,A6,712779aad638f619,1787630937.2897115,complete,351,7650,0.06227106227106227,754719.3999999999,6857,356844.19999999995,3825,356551.19999999995,0.4724288258656131,3032,10,10,293.0,0.4724288258656131,0.14960475861333491,356551.19999999995,0.20843304843304844,17.50048804283142,0.3199617862701416,0.3121955394744873,0.1583421230316162,16.32872486114502,6850,[3032],exhausted,
Dryad_animal_society,Animal,A0,712779aad638f619,1787630198.0879738,complete,21,193,0.4595238095238095,939.0,60,133.0,60,133.0,0.14164004259850904,0,0,0,0.0,0.09158679446219382,0.4506010196832501,86.0,0.0,0.0029976367950439453,0.0007252693176269531,7.152557373046875e-07,8.106231689453125e-05,0.0,37,[0],phase_b_disabled,
Dryad_animal_society,Animal,A1,712779aad638f619,1787630216.079268,complete,21,193,0.4595238095238095,939.0,60,84.0,42,84.0,0.08945686900958466,18,0,0,0.0,0.08945686900958466,0.4437286976166951,84.0,0.004761904761904762,0.0041811466217041016,0.0007162094116210938,0.0003266334533691406,8.225440979003906e-05,0.0,37,"[17, 1, 0]",no_change,
Dryad_animal_society,Animal,A2,712779aad638f619,1787630228.0309622,complete,21,193,0.4595238095238095,939.0,60,74.0,42,74.0,0.07880724174653887,18,0,0,0.0,0.07880724174653887,0.4459050280269133,74.0,0.0380952380952381,0.004470348358154297,0.0007722377777099609,0.00040340423583984375,9.107589721679688e-05,0.0,37,[18],exhausted,
Dryad_animal_society,Animal,A3,712779aad638f619,1787630262.396665,complete,21,193,0.4595238095238095,939.0,60,84.0,42,84.0,0.08945686900958466,18,0,0,0.0,0.08945686900958466,0.3594722985877824,84.0,0.004761904761904762,0.011987924575805664,0.0008139610290527344,0.00032401084899902344,0.007689476013183594,0.0,37,"[17, 1, 0]",no_change,
Dryad_animal_society,Animal,A4,712779aad638f619,1787630277.638718,complete,21,193,0.4595238095238095,939.0,60,74.0,42,74.0,0.07880724174653887,18,0,0,0.0,0.07880724174653887,0.3533387265554227,74.0,0.0380952380952381,0.011841297149658203,0.0007703304290771484,0.0003707408905029297,0.007608890533447266,0.0,37,[18],exhausted,
Dryad_animal_society,Animal,A5,712779aad638f619,1787630467.692562,complete,21,193,0.4595238095238095,939.0,60,74.0,42,74.0,0.07880724174653887,18,42,0,0.0,0.07880724174653887,0.4459050280269133,74.0,0.0380952380952381,0.03790593147277832,0.0007851123809814453,0.0003993511199951172,9.131431579589844e-05,0.033031463623046875,37,[18],exhausted,
Dryad_animal_society,Animal,A6,712779aad638f619,1787630633.909149,complete,21,193,0.4595238095238095,939.0,60,74.0,42,74.0,0.07880724174653887,18,42,0,0.0,0.07880724174653887,0.4459050280269133,74.0,0.0380952380952381,0.042537689208984375,0.0007576942443847656,0.0003821849822998047,0.007558107376098633,0.030586957931518555,37,[18],exhausted,
FacultyHiringNetworks/Business/Business_FM_Full_,Faculty,A0,712779aad638f619,1787630198.040221,complete,113,1787,0.14119785082174463,3255.0,308,428.0,308,428.0,0.1314900153609831,0,0,0,0.0,0.06359447004608294,0.4856897958502882,207.0,0.0,0.01819896697998047,0.0031151771545410156,1.1920928955078125e-06,0.0007278919219970703,0.0,68,[0],phase_b_disabled,
FacultyHiringNetworks/Business/Business_FM_Full_,Faculty,A1,712779aad638f619,1787630216.013316,complete,113,1787,0.14119785082174463,3255.0,308,199.0,159,199.0,0.061136712749615976,149,0,0,0.0,0.061136712749615976,0.4874870590934423,199.0,0.033343868520859674,0.02526688575744629,0.0032706260681152344,0.0029370784759521484,0.0008025169372558594,0.0,68,"[142, 7, 0]",no_change,
FacultyHiringNetworks/Business/Business_FM_Full_,Faculty,A2,712779aad638f619,1787630227.9562478,complete,113,1787,0.14119785082174463,3255.0,308,159.0,133,159.0,0.04884792626728111,175,0,0,0.0,0.04884792626728111,0.4879582476096295,159.0,0.09165613147914033,0.028365135192871094,0.003186941146850586,0.0056667327880859375,0.0008199214935302734,0.0,68,[175],exhausted,
FacultyHiringNetworks/Business/Business_FM_Full_,Faculty,A3,712779aad638f619,1787630262.1555717,complete,113,1787,0.14119785082174463,3255.0,308,199.0,159,199.0,0.061136712749615976,149,0,0,0.0,0.05775729646697389,0.41631822994538625,188.0,0.03460809102402023,0.07173395156860352,0.003138303756713867,0.0028960704803466797,0.04743385314941406,0.0,68,"[142, 7, 0]",no_change,
FacultyHiringNetworks/Business/Business_FM_Full_,Faculty,A4,712779aad638f619,1787630277.4006517,complete,113,1787,0.14119785082174463,3255.0,308,159.0,133,159.0,0.04884792626728111,175,0,0,0.0,0.04884792626728111,0.42257671846794553,159.0,0.09165613147914033,0.07682251930236816,0.003281831741333008,0.005644083023071289,0.04956793785095215,0.0,68,[175],exhausted,
FacultyHiringNetworks/Business/Business_FM_Full_,Faculty,A5,712779aad638f619,1787630465.2830992,complete,113,1787,0.14119785082174463,3255.0,308,159.0,133,159.0,0.04884792626728111,175,133,0,0.0,0.04884792626728111,0.4879582476096295,159.0,0.09165613147914033,1.3963191509246826,0.0034494400024414062,0.005743741989135742,0.0008516311645507812,1.3657491207122803,68,[175],exhausted,
FacultyHiringNetworks/Business/Business_FM_Full_,Faculty,A6,712779aad638f619,1787630631.4895291,complete,113,1787,0.14119785082174463,3255.0,308,159.0,133,159.0,0.04884792626728111,175,133,0,0.0,0.04884792626728111,0.4879582476096295,159.0,0.09165613147914033,1.3709077835083008,0.0032083988189697266,0.005415201187133789,0.046446800231933594,1.2965378761291504,68,[175],exhausted,
FacultyHiringNetworks/ComputerScience/ComputerScience_FM_Full_,Faculty,A0,712779aad638f619,1787630198.0721824,complete,206,1407,0.033317546767700684,1957.0,176,219.0,176,219.0,0.11190597853857946,0,0,0,0.0,0.05314256515074093,0.5606431279758989,104.0,0.0,0.015300989151000977,0.0019271373748779297,1.430511474609375e-06,0.0006291866302490234,0.0,27,[0],phase_b_disabled,
FacultyHiringNetworks/ComputerScience/ComputerScience_FM_Full_,Faculty,A1,712779aad638f619,1787630216.0575244,complete,206,1407,0.033317546767700684,1957.0,176,99.0,84,99.0,0.05058763413387839,92,0,0,0.0,0.05058763413387839,0.5621516532688475,99.0,0.006109400899834241,0.020502567291259766,0.0018832683563232422,0.002384662628173828,0.0006606578826904297,0.0,27,"[88, 3, 1]",max_passes,
FacultyHiringNetworks/ComputerScience/ComputerScience_FM_Full_,Faculty,A2,712779aad638f619,1787630228.0055642,complete,206,1407,0.033317546767700684,1957.0,176,66.0,62,66.0,0.03372508942258559,114,0,0,0.0,0.03372508942258559,0.5737833399383746,66.0,0.1369168837319441,0.023873329162597656,0.001911163330078125,0.005243062973022461,0.000698089599609375,0.0,27,[114],exhausted,
FacultyHiringNetworks/ComputerScience/ComputerScience_FM_Full_,Faculty,A3,712779aad638f619,1787630262.3050308,complete,206,1407,0.033317546767700684,1957.0,176,99.0,84,99.0,0.05058763413387839,92,0,0,0.0,0.050076647930505876,0.5295312045642753,98.0,0.006156760596732181,0.08937239646911621,0.0019745826721191406,0.0024433135986328125,0.06901979446411133,0.0,27,"[88, 3, 1]",max_passes,
FacultyHiringNetworks/ComputerScience/ComputerScience_FM_Full_,Faculty,A4,712779aad638f619,1787630277.5516512,complete,206,1407,0.033317546767700684,1957.0,176,66.0,62,66.0,0.03372508942258559,114,0,0,0.0,0.03372508942258559,0.5498087119561136,66.0,0.1369168837319441,0.08458638191223145,0.0019450187683105469,0.005127668380737305,0.06198382377624512,0.0,27,[114],exhausted,
FacultyHiringNetworks/ComputerScience/ComputerScience_FM_Full_,Faculty,A5,712779aad638f619,1787630466.9743335,complete,206,1407,0.033317546767700684,1957.0,176,66.0,62,66.0,0.03372508942258559,114,62,0,0.0,0.03372508942258559,0.5737833399383746,66.0,0.1369168837319441,0.7065134048461914,0.002076864242553711,0.005468606948852539,0.0007429122924804688,0.6805553436279297,27,[114],exhausted,
FacultyHiringNetworks/ComputerScience/ComputerScience_FM_Full_,Faculty,A6,712779aad638f619,1787630633.1910062,complete,206,1407,0.033317546767700684,1957.0,176,66.0,62,66.0,0.03372508942258559,114,62,0,0.0,0.03372508942258559,0.5737833399383746,66.0,0.1369168837319441,0.7144687175750732,0.0019555091857910156,0.0051038265228271484,0.061501502990722656,0.6293132305145264,27,[114],exhausted,
FacultyHiringNetworks/History/History_FM_Full_,Faculty,A0,712779aad638f619,1787630198.0588686,complete,145,1204,0.057662835249042144,1776.0,144,162.0,144,162.0,0.09121621621621621,0,0,0,0.0,0.04448198198198198,0.5187581158908041,79.0,0.0,0.012830972671508789,0.0011394023895263672,1.430511474609375e-06,0.0005528926849365234,0.0,26,[0],phase_b_disabled,
FacultyHiringNetworks/History/History_FM_Full_,Faculty,A1,712779aad638f619,1787630216.0398004,complete,145,1204,0.057662835249042144,1776.0,144,77.0,69,77.0,0.04335585585585586,75,0,0,0.0,0.04335585585585586,0.5202925724461757,77.0,0.011206896551724138,0.01652073860168457,0.001115560531616211,0.002037525177001953,0.0005695819854736328,0.0,26,"[73, 2, 0]",no_change,
FacultyHiringNetworks/History/History_FM_Full_,Faculty,A2,712779aad638f619,1787630227.9861228,complete,145,1204,0.057662835249042144,1776.0,144,54.0,52,54.0,0.030405405405405407,92,0,0,0.0,0.030405405405405407,0.5170612976755534,54.0,0.11293103448275862,0.017925024032592773,0.0011157989501953125,0.003289461135864258,0.0005710124969482422,0.0,26,[92],exhausted,
FacultyHiringNetworks/History/History_FM_Full_,Faculty,A3,712779aad638f619,1787630262.2296653,complete,145,1204,0.057662835249042144,1776.0,144,77.0,69,77.0,0.04335585585585586,75,0,0,0.0,0.04222972972972973,0.45353558675164346,75.0,0.011398467432950192,0.07311177253723145,0.001255035400390625,0.0021610260009765625,0.05653071403503418,0.0,26,"[73, 2, 0]",no_change,
FacultyHiringNetworks/History/History_FM_Full_,Faculty,A4,712779aad638f619,1787630277.480049,complete,145,1204,0.057662835249042144,1776.0,144,54.0,52,54.0,0.030405405405405407,92,0,0,0.0,0.030405405405405407,0.44487579657341364,54.0,0.11293103448275862,0.06908059120178223,0.0011336803436279297,0.0032825469970703125,0.051833391189575195,0.0,26,[92],exhausted,
FacultyHiringNetworks/History/History_FM_Full_,Faculty,A5,712779aad638f619,1787630466.6829512,complete,145,1204,0.057662835249042144,1776.0,144,54.0,52,54.0,0.030405405405405407,92,52,0,0.0,0.030405405405405407,0.5170612976755534,54.0,0.11293103448275862,0.287825345993042,0.0013158321380615234,0.0033609867095947266,0.0006101131439208984,0.2679262161254883,26,[92],exhausted,
FacultyHiringNetworks/History/History_FM_Full_,Faculty,A6,712779aad638f619,1787630632.8640895,complete,145,1204,0.057662835249042144,1776.0,144,54.0,52,54.0,0.030405405405405407,92,52,0,0.0,0.030405405405405407,0.5170612976755534,54.0,0.11293103448275862,0.3232576847076416,0.001173257827758789,0.0032668113708496094,0.051542043685913086,0.2537355422973633,26,[92],exhausted,
Football_data_England_Premier_League/England_2009_2010,Football_coarse,A0,712779aad638f619,1787630197.9967659,complete,20,215,0.5657894736842105,559.0,100,162.0,100,162.0,0.2898032200357782,0,0,0,0.0,0.15384615384615385,0.4166048353372061,86.0,0.0,0.0034046173095703125,0.0008592605590820312,7.152557373046875e-07,7.748603820800781e-05,0.0,45,[0],phase_b_disabled,
Football_data_England_Premier_League/England_2009_2010,Football_coarse,A1,712779aad638f619,1787630215.9489121,complete,20,215,0.5657894736842105,559.0,100,86.0,58,86.0,0.15384615384615385,42,0,0,0.0,0.15384615384615385,0.4166048353372061,86.0,0.0,0.004563093185424805,0.0008661746978759766,0.0002338886260986328,8.463859558105469e-05,0.0,45,"[42, 0]",no_change,
Football_data_England_Premier_League/England_2009_2010,Football_coarse,A2,712779aad638f619,1787630227.8823638,complete,20,215,0.5657894736842105,559.0,100,76.0,56,76.0,0.13595706618962433,44,0,0,0.0,0.13595706618962433,0.4290569441685285,76.0,0.031578947368421054,0.00487971305847168,0.0008530616760253906,0.0005350112915039062,8.893013000488281e-05,0.0,45,[44],exhausted,
Football_data_England_Premier_League/England_2009_2010,Football_coarse,A3,712779aad638f619,1787630262.0347633,complete,20,215,0.5657894736842105,559.0,100,86.0,58,86.0,0.15384615384615385,42,0,0,0.0,0.13595706618962433,0.36279419262650386,76.0,0.031578947368421054,0.013272523880004883,0.0008852481842041016,0.0002422332763671875,0.008611440658569336,0.0,45,"[42, 0]",no_change,
Football_data_England_Premier_League/England_2009_2010,Football_coarse,A4,712779aad638f619,1787630277.2724738,complete,20,215,0.5657894736842105,559.0,100,76.0,56,76.0,0.13595706618962433,44,0,0,0.0,0.13595706618962433,0.36279419262650386,76.0,0.031578947368421054,0.013993501663208008,0.001020669937133789,0.0005970001220703125,0.008715152740478516,0.0,45,[44],exhausted,
Football_data_England_Premier_League/England_2009_2010,Football_coarse,A5,712779aad638f619,1787630464.3160357,complete,20,215,0.5657894736842105,559.0,100,76.0,56,76.0,0.13595706618962433,44,56,0,0.0,0.13595706618962433,0.4290569441685285,76.0,0.031578947368421054,0.05280494689941406,0.0008664131164550781,0.0005376338958740234,8.845329284667969e-05,0.04750204086303711,45,[44],exhausted,
Football_data_England_Premier_League/England_2009_2010,Football_coarse,A6,712779aad638f619,1787630630.6611578,complete,20,215,0.5657894736842105,559.0,100,76.0,56,76.0,0.13595706618962433,44,56,0,0.0,0.13595706618962433,0.4290569441685285,76.0,0.031578947368421054,0.05810999870300293,0.0008864402770996094,0.0005414485931396484,0.008171319961547852,0.04485654830932617,45,[44],exhausted,
Football_data_England_Premier_League/England_2010_2011,Football_coarse,A0,712779aad638f619,1787630198.0053186,complete,20,219,0.5763157894736842,485.0,125,221.0,125,221.0,0.4556701030927835,0,0,0,0.0,0.27628865979381445,0.6199562495869084,134.0,0.0,0.0035266876220703125,0.001161336898803711,7.152557373046875e-07,6.937980651855469e-05,0.0,65,[0],phase_b_disabled,
Football_data_England_Premier_League/England_2010_2011,Football_coarse,A1,712779aad638f619,1787630215.954542,complete,20,219,0.5763157894736842,485.0,125,122.0,74,122.0,0.2515463917525773,51,0,0,0.0,0.2515463917525773,0.62088994190807,122.0,0.02631578947368421,0.004988670349121094,0.001154184341430664,0.00033020973205566406,7.724761962890625e-05,0.0,65,"[46, 4, 1]",max_passes,
Football_data_England_Premier_League/England_2010_2011,Football_coarse,A2,712779aad638f619,1787630227.8919132,complete,20,219,0.5763157894736842,485.0,125,114.0,74,114.0,0.23505154639175257,51,0,0,0.0,0.23505154639175257,0.5653113535932368,114.0,0.09473684210526316,0.005529880523681641,0.001224517822265625,0.0005693435668945312,8.320808410644531e-05,0.0,65,[51],exhausted,
Football_data_England_Premier_League/England_2010_2011,Football_coarse,A3,712779aad638f619,1787630262.0501058,complete,20,219,0.5763157894736842,485.0,125,122.0,74,122.0,0.2515463917525773,51,0,0,0.0,0.23505154639175257,0.5043002029632442,114.0,0.04736842105263158,0.01352381706237793,0.0011882781982421875,0.0003345012664794922,0.008358001708984375,0.0,65,"[46, 4, 1]",max_passes,
Football_data_England_Premier_League/England_2010_2011,Football_coarse,A4,712779aad638f619,1787630277.2890368,complete,20,219,0.5763157894736842,485.0,125,114.0,74,114.0,0.23505154639175257,51,0,0,0.0,0.23505154639175257,0.48988376347761126,114.0,0.09473684210526316,0.014062166213989258,0.0013120174407958984,0.00060272216796875,0.008262157440185547,0.0,65,[51],exhausted,
Football_data_England_Premier_League/England_2010_2011,Football_coarse,A5,712779aad638f619,1787630464.3721416,complete,20,219,0.5763157894736842,485.0,125,114.0,74,114.0,0.23505154639175257,51,74,0,0.0,0.23505154639175257,0.5653113535932368,114.0,0.09473684210526316,0.06552791595458984,0.0012319087982177734,0.0005903244018554688,8.726119995117188e-05,0.05974698066711426,65,[51],exhausted,
Football_data_England_Premier_League/England_2010_2011,Football_coarse,A6,712779aad638f619,1787630630.7226887,complete,20,219,0.5763157894736842,485.0,125,114.0,74,114.0,0.23505154639175257,51,74,0,0.0,0.23505154639175257,0.5653113535932368,114.0,0.09473684210526316,0.0696561336517334,0.0011887550354003906,0.0005733966827392578,0.007731437683105469,0.05643582344055176,65,[51],exhausted,
Football_data_England_Premier_League/England_2011_2012,Football_coarse,A0,712779aad638f619,1787630198.0092177,complete,20,226,0.5947368421052631,548.0,110,189.0,110,189.0,0.3448905109489051,0,0,0,0.0,0.2062043795620438,0.5001531258263577,113.0,0.0,0.0035583972930908203,0.001140594482421875,7.152557373046875e-07,7.2479248046875e-05,0.0,59,[0],phase_b_disabled,
Football_data_England_Premier_League/England_2011_2012,Football_coarse,A1,712779aad638f619,1787630215.9605331,complete,20,226,0.5947368421052631,548.0,110,113.0,73,113.0,0.2062043795620438,37,0,0,0.0,0.2062043795620438,0.5001531258263577,113.0,0.0,0.005217552185058594,0.0012235641479492188,0.0002486705780029297,8.392333984375e-05,0.0,59,"[37, 0]",no_change,
Football_data_England_Premier_League/England_2011_2012,Football_coarse,A2,712779aad638f619,1787630227.8989224,complete,20,226,0.5947368421052631,548.0,110,99.0,70,99.0,0.18065693430656934,40,0,0,0.0,0.18065693430656934,0.5105298240287788,99.0,0.06842105263157895,0.005385875701904297,0.0011434555053710938,0.0005130767822265625,8.678436279296875e-05,0.0,59,[40],exhausted,
Football_data_England_Premier_League/England_2011_2012,Football_coarse,A3,712779aad638f619,1787630262.0657666,complete,20,226,0.5947368421052631,548.0,110,113.0,73,113.0,0.2062043795620438,37,0,0,0.0,0.19343065693430658,0.42273712990585677,106.0,0.021052631578947368,0.013131141662597656,0.0011875629425048828,0.00023698806762695312,0.008064031600952148,0.0,59,"[37, 0]",no_change,
Football_data_England_Premier_League/England_2011_2012,Football_coarse,A4,712779aad638f619,1787630277.305718,complete,20,226,0.5947368421052631,548.0,110,99.0,70,99.0,0.18065693430656934,40,0,0,0.0,0.18065693430656934,0.4493310731251582,99.0,0.06842105263157895,0.013452529907226562,0.0012264251708984375,0.0005340576171875,0.007811546325683594,0.0,59,[40],exhausted,
Football_data_England_Premier_League/England_2011_2012,Football_coarse,A5,712779aad638f619,1787630464.4409134,complete,20,226,0.5947368421052631,548.0,110,99.0,70,99.0,0.18065693430656934,40,70,0,0.0,0.18065693430656934,0.5105298240287788,99.0,0.06842105263157895,0.21882104873657227,0.0012657642364501953,0.0005900859832763672,0.00010013580322265625,0.21278738975524902,59,[40],exhausted,
Football_data_England_Premier_League/England_2011_2012,Football_coarse,A6,712779aad638f619,1787630630.7956955,complete,20,226,0.5947368421052631,548.0,110,99.0,70,99.0,0.18065693430656934,40,70,0,0.0,0.18065693430656934,0.5105298240287788,99.0,0.06842105263157895,0.06868863105773926,0.001203775405883789,0.0005090236663818359,0.00735020637512207,0.05581402778625488,59,[40],exhausted,
Football_data_England_Premier_League/England_2012_2013,Football_coarse,A0,712779aad638f619,1787630207.0906532,complete,20,216,0.5684210526315789,475.0,114,187.0,114,187.0,0.3936842105263158,0,0,0,0.0,0.2231578947368421,0.547320393753414,106.0,0.0,0.0036857128143310547,0.0010905265808105469,9.5367431640625e-07,7.081031799316406e-05,0.0,55,[0],phase_b_disabled,
Football_data_England_Premier_League/England_2012_2013,Football_coarse,A2,712779aad638f619,1787630250.2192833,complete,20,216,0.5684210526315789,475.0,114,100.0,66,100.0,0.21052631578947367,48,0,0,0.0,0.21052631578947367,0.49261592998617826,100.0,0.11052631578947368,0.005149364471435547,0.0010089874267578125,0.0005476474761962891,8.559226989746094e-05,0.0,55,[48],exhausted,
Football_data_England_Premier_League/England_2012_2013,Football_coarse,A4,712779aad638f619,1787630305.8691695,complete,20,216,0.5684210526315789,475.0,114,100.0,66,100.0,0.21052631578947367,48,0,0,0.0,0.21052631578947367,0.4053311143432953,100.0,0.11052631578947368,0.013401985168457031,0.0010144710540771484,0.0005915164947509766,0.008246660232543945,0.0,55,[48],exhausted,
Football_data_England_Premier_League/England_2012_2013,Football_coarse,A6,712779aad638f619,1787630954.7943974,complete,20,216,0.5684210526315789,475.0,114,100.0,68,97.0,0.20421052631578948,46,66,2,3.0,0.19789473684210526,0.3873368027406122,94.0,0.12631578947368421,0.06221294403076172,0.0010118484497070312,0.0005512237548828125,0.008165359497070312,0.048706769943237305,55,[48],exhausted,
Football_data_England_Premier_League/England_2013_2014,Football_coarse,A0,712779aad638f619,1787630207.0997286,complete,20,222,0.5842105263157895,576.0,99,174.0,99,174.0,0.3020833333333333,0,0,0,0.0,0.17881944444444445,0.39833534213878674,103.0,0.0,0.0033369064331054688,0.0008826255798339844,9.5367431640625e-07,7.605552673339844e-05,0.0,48,[0],phase_b_disabled,
Football_data_England_Premier_League/England_2013_2014,Football_coarse,A2,712779aad638f619,1787630250.2262385,complete,20,222,0.5842105263157895,576.0,99,79.0,59,79.0,0.1371527777777778,40,0,0,0.0,0.1371527777777778,0.4181601063258682,79.0,0.07368421052631578,0.00490880012512207,0.0008375644683837891,0.0005707740783691406,9.1552734375e-05,0.0,48,[40],exhausted,
Football_data_England_Premier_League/England_2013_2014,Football_coarse,A4,712779aad638f619,1787630305.885385,complete,20,222,0.5842105263157895,576.0,99,79.0,59,79.0,0.1371527777777778,40,0,0,0.0,0.1371527777777778,0.3807925017458761,79.0,0.07368421052631578,0.01333475112915039,0.0009739398956298828,0.0005502700805664062,0.008501052856445312,0.0,48,[40],exhausted,
Football_data_England_Premier_League/England_2013_2014,Football_coarse,A6,712779aad638f619,1787630954.8607297,complete,20,222,0.5842105263157895,576.0,99,79.0,59,79.0,0.1371527777777778,40,59,0,0.0,0.1371527777777778,0.4181601063258682,79.0,0.07368421052631578,0.06350016593933105,0.0008480548858642578,0.0005197525024414062,0.008517026901245117,0.05007529258728027,48,[40],exhausted,
Football_data_England_Premier_League/England_2014_2015,Football_coarse,A0,712779aad638f619,1787630207.1038337,complete,20,107,0.28157894736842104,181.0,42,55.0,42,55.0,0.30386740331491713,0,0,0,0.0,0.15469613259668508,0.6157917721020821,28.0,0.0,0.0019910335540771484,0.0003142356872558594,7.152557373046875e-07,6.604194641113281e-05,0.0,15,[0],phase_b_disabled,
Football_data_England_Premier_League/England_2014_2015,Football_coarse,A2,712779aad638f619,1787630250.2330523,complete,20,107,0.28157894736842104,181.0,42,21.0,19,21.0,0.11602209944751381,23,0,0,0.0,0.11602209944751381,0.5423514194623053,21.0,0.15263157894736842,0.0028176307678222656,0.0003483295440673828,0.00032067298889160156,5.9604644775390625e-05,0.0,15,[23],exhausted,
Football_data_England_Premier_League/England_2014_2015,Football_coarse,A4,712779aad638f619,1787630305.9014957,complete,20,107,0.28157894736842104,181.0,42,21.0,19,21.0,0.11602209944751381,23,0,0,0.0,0.11602209944751381,0.5112614832798665,21.0,0.15263157894736842,0.010906219482421875,0.00037789344787597656,0.000316619873046875,0.008214473724365234,0.0,15,[23],exhausted,
Football_data_England_Premier_League/England_2014_2015,Football_coarse,A6,712779aad638f619,1787630954.9281108,complete,20,107,0.28157894736842104,181.0,42,21.0,19,21.0,0.11602209944751381,23,19,0,0.0,0.11602209944751381,0.5423514194623053,21.0,0.15263157894736842,0.02162909507751465,0.0003535747528076172,0.0003070831298828125,0.008113622665405273,0.010754108428955078,15,[23],exhausted,
Football_data_England_Premier_League/finerEngland_2009_2010,Football_finer,A0,712779aad638f619,1787630198.0131378,complete,20,380,1.0,1129.0,282,679.3999999999999,282,679.3999999999999,0.6017714791851194,0,0,0,0.0,0.35518157661647465,0.20377455015345627,400.9999999999999,0.0,0.008307218551635742,0.00475621223449707,7.152557373046875e-07,6.437301635742188e-05,0.0,268,[0],phase_b_disabled,
Football_data_England_Premier_League/finerEngland_2009_2010,Football_finer,A1,712779aad638f619,1787630215.966893,complete,20,380,1.0,1129.0,282,400.9999999999999,190,400.9999999999999,0.35518157661647465,92,0,0,0.0,0.35518157661647465,0.20377455015345627,400.9999999999999,0.0,0.013449907302856445,0.004742860794067383,0.0003399848937988281,9.989738464355469e-05,0.0,268,"[92, 0]",no_change,
Football_data_England_Premier_League/finerEngland_2009_2010,Football_finer,A2,712779aad638f619,1787630227.9056144,complete,20,380,1.0,1129.0,282,373.9999999999999,190,373.9999999999999,0.3312666076173604,92,0,0,0.0,0.3312666076173604,0.1950516871194314,373.9999999999999,0.08421052631578947,0.014591455459594727,0.004743337631225586,0.0008945465087890625,0.00010728836059570312,0.0,268,[92],exhausted,
Football_data_England_Premier_League/finerEngland_2009_2010,Football_finer,A3,712779aad638f619,1787630262.0810044,complete,20,380,1.0,1129.0,282,400.9999999999999,190,400.9999999999999,0.35518157661647465,92,0,0,0.0,0.33392382639503976,0.15372662913173574,376.9999999999999,0.05263157894736842,0.021989822387695312,0.004996061325073242,0.0003528594970703125,0.007912635803222656,0.0,268,"[92, 0]",no_change,
Football_data_England_Premier_League/finerEngland_2009_2010,Football_finer,A4,712779aad638f619,1787630277.3216796,complete,20,380,1.0,1129.0,282,373.9999999999999,190,373.9999999999999,0.3312666076173604,92,0,0,0.0,0.32860938883968105,0.15260492030651915,370.9999999999999,0.09473684210526316,0.02268505096435547,0.0050389766693115234,0.0009620189666748047,0.007748603820800781,0.0,268,[92],exhausted,
Football_data_England_Premier_League/finerEngland_2009_2010,Football_finer,A5,712779aad638f619,1787630464.6631598,complete,20,380,1.0,1129.0,282,373.9999999999999,191,370.1999999999999,0.3279007971656332,91,190,3,3.8000000000000114,0.32683790965456144,0.19278225789494957,368.9999999999999,0.10526315789473684,0.19932341575622559,0.004898548126220703,0.0009183883666992188,0.00011038780212402344,0.18462681770324707,268,[92],exhausted,
Football_data_England_Premier_League/finerEngland_2009_2010,Football_finer,A6,712779aad638f619,1787630630.8677201,complete,20,380,1.0,1129.0,282,373.9999999999999,191,370.1999999999999,0.3279007971656332,91,190,3,3.8000000000000114,0.32683790965456144,0.19278225789494957,368.9999999999999,0.10526315789473684,0.2013998031616211,0.00483393669128418,0.0008971691131591797,0.00735163688659668,0.17959094047546387,268,[92],exhausted,
Football_data_England_Premier_League/finerEngland_2010_2011,Football_finer,A0,712779aad638f619,1787630198.0218163,complete,20,380,1.0,1139.0,298,810.5999999999999,298,810.5999999999999,0.711676909569798,0,0,0,0.0,0.40913081650570665,0.2561041397723342,465.9999999999999,0.0,0.008781909942626953,0.005293130874633789,7.152557373046875e-07,5.9604644775390625e-05,0.0,281,[0],phase_b_disabled,
Football_data_England_Premier_League/finerEngland_2010_2011,Football_finer,A1,712779aad638f619,1787630215.981407,complete,20,380,1.0,1139.0,298,465.9999999999999,190,465.9999999999999,0.40913081650570665,108,0,0,0.0,0.40913081650570665,0.2561041397723342,465.9999999999999,0.0,0.014797687530517578,0.005491733551025391,0.00033974647521972656,0.00011801719665527344,0.0,281,"[108, 0]",no_change,
Football_data_England_Premier_League/finerEngland_2010_2011,Football_finer,A2,712779aad638f619,1787630227.921659,complete,20,380,1.0,1139.0,298,457.9999999999999,190,457.9999999999999,0.40210711150131684,108,0,0,0.0,0.40210711150131684,0.26384379825734927,457.9999999999999,0.11578947368421053,0.015794038772583008,0.0053975582122802734,0.0010571479797363281,0.0001163482666015625,0.0,281,[108],exhausted,
Football_data_England_Premier_League/finerEngland_2010_2011,Football_finer,A3,712779aad638f619,1787630262.105197,complete,20,380,1.0,1139.0,298,465.9999999999999,190,465.9999999999999,0.40913081650570665,108,0,0,0.0,0.40298507462686556,0.18801401154337313,458.9999999999999,0.015789473684210527,0.022476911544799805,0.005403280258178711,0.00034332275390625,0.007678508758544922,0.0,281,"[108, 0]",no_change,
Football_data_England_Premier_League/finerEngland_2010_2011,Football_finer,A4,712779aad638f619,1787630277.3468933,complete,20,380,1.0,1139.0,298,457.9999999999999,190,457.9999999999999,0.40210711150131684,108,0,0,0.0,0.395083406496927,0.192197512203558,449.9999999999999,0.12631578947368421,0.024380207061767578,0.005548954010009766,0.0010309219360351562,0.008571863174438477,0.0,281,[108],exhausted,
Football_data_England_Premier_League/finerEngland_2010_2011,Football_finer,A5,712779aad638f619,1787630464.8658957,complete,20,380,1.0,1139.0,298,457.9999999999999,190,448.9999999999999,0.3942054433713783,108,190,3,9.0,0.3942054433713783,0.26110521996719516,448.9999999999999,0.13157894736842105,0.20165443420410156,0.005403280258178711,0.0010266304016113281,0.00011038780212402344,0.1855638027191162,281,[108],exhausted,
Football_data_England_Premier_League/finerEngland_2010_2011,Football_finer,A6,712779aad638f619,1787630631.0727677,complete,20,380,1.0,1139.0,298,457.9999999999999,190,448.9999999999999,0.3942054433713783,108,190,3,9.0,0.3942054433713783,0.26110521996719516,448.9999999999999,0.13157894736842105,0.20441722869873047,0.0053577423095703125,0.0010144710540771484,0.008161067962646484,0.18042731285095215,281,[108],exhausted,
Football_data_England_Premier_League/finerEngland_2011_2012,Football_finer,A0,712779aad638f619,1787630198.030979,complete,20,380,1.0,1142.0,292,750.3999999999999,292,750.3999999999999,0.6570928196147109,0,0,0,0.0,0.37828371278458833,0.24508301398983168,431.9999999999999,0.0,0.008831262588500977,0.005299806594848633,7.152557373046875e-07,6.461143493652344e-05,0.0,273,[0],phase_b_disabled,
Football_data_England_Premier_League/finerEngland_2011_2012,Football_finer,A1,712779aad638f619,1787630215.9973845,complete,20,380,1.0,1142.0,292,431.9999999999999,190,431.9999999999999,0.37828371278458833,102,0,0,0.0,0.37828371278458833,0.24508301398983168,431.9999999999999,0.0,0.014762163162231445,0.005414485931396484,0.00033855438232421875,0.00010085105895996094,0.0,273,"[102, 0]",no_change,
Football_data_England_Premier_League/finerEngland_2011_2012,Football_finer,A2,712779aad638f619,1787630227.938912,complete,20,380,1.0,1142.0,292,414.9999999999999,190,414.9999999999999,0.36339754816112074,102,0,0,0.0,0.36339754816112074,0.2438721454676551,414.9999999999999,0.1,0.015796422958374023,0.005495548248291016,0.0010380744934082031,0.00010943412780761719,0.0,273,[102],exhausted,
Football_data_England_Premier_League/finerEngland_2011_2012,Football_finer,A3,712779aad638f619,1787630262.1299424,complete,20,380,1.0,1142.0,292,431.9999999999999,190,431.9999999999999,0.37828371278458833,102,0,0,0.0,0.3660245183887915,0.183561316807491,417.9999999999999,0.031578947368421054,0.023454904556274414,0.005444049835205078,0.0003459453582763672,0.008349895477294922,0.0,273,"[102, 0]",no_change,
Football_data_England_Premier_League/finerEngland_2011_2012,Football_finer,A4,712779aad638f619,1787630277.3737829,complete,20,380,1.0,1142.0,292,414.9999999999999,190,414.9999999999999,0.36339754816112074,102,0,0,0.0,0.35726795096322234,0.18626093724366505,407.9999999999999,0.11578947368421053,0.024309635162353516,0.005574941635131836,0.0009887218475341797,0.008280754089355469,0.0,273,[102],exhausted,
Football_data_England_Premier_League/finerEngland_2011_2012,Football_finer,A5,712779aad638f619,1787630465.0707867,complete,20,380,1.0,1142.0,292,414.9999999999999,190,407.9999999999999,0.35726795096322234,102,190,3,7.0,0.35726795096322234,0.24186388491705824,407.9999999999999,0.11578947368421053,0.208953857421875,0.0053484439849853516,0.0009477138519287109,0.00010800361633300781,0.19289183616638184,273,[102],exhausted,
Football_data_England_Premier_League/finerEngland_2011_2012,Football_finer,A6,712779aad638f619,1787630631.2807736,complete,20,380,1.0,1142.0,292,414.9999999999999,190,407.9999999999999,0.35726795096322234,102,190,3,7.0,0.35726795096322234,0.24186388491705824,407.9999999999999,0.11578947368421053,0.2051560878753662,0.005396127700805664,0.0009570121765136719,0.007964611053466797,0.18152117729187012,273,[102],exhausted,
Football_data_England_Premier_League/finerEngland_2012_2013,Football_finer,A0,712779aad638f619,1787630207.1066618,complete,20,380,1.0,1139.0,284,747.7999999999998,284,747.7999999999998,0.6565408252853379,0,0,0,0.0,0.4038630377524143,0.23496362271640997,459.9999999999999,0.0,0.008722543716430664,0.00510406494140625,7.152557373046875e-07,6.818771362304688e-05,0.0,271,[0],phase_b_disabled,
Football_data_England_Premier_League/finerEngland_2012_2013,Football_finer,A2,712779aad638f619,1787630250.237708,complete,20,380,1.0,1139.0,284,435.9999999999999,190,435.9999999999999,0.38279192273924484,94,0,0,0.0,0.38279192273924484,0.2196036230786358,435.9999999999999,0.1,0.01542210578918457,0.005219459533691406,0.0009644031524658203,0.00011014938354492188,0.0,271,[94],exhausted,
Football_data_England_Premier_League/finerEngland_2012_2013,Football_finer,A4,712779aad638f619,1787630305.9152455,complete,20,380,1.0,1139.0,284,435.9999999999999,190,435.9999999999999,0.38279192273924484,94,0,0,0.0,0.3810359964881474,0.15473210495895634,433.9999999999999,0.10526315789473684,0.022350549697875977,0.005189418792724609,0.0009233951568603516,0.007633209228515625,0.0,271,[94],exhausted,
Football_data_England_Premier_League/finerEngland_2012_2013,Football_finer,A6,712779aad638f619,1787630954.9535463,complete,20,380,1.0,1139.0,284,435.9999999999999,190,433.9999999999999,0.3810359964881474,94,190,1,2.0,0.3810359964881474,0.21959053959209135,433.9999999999999,0.10526315789473684,0.20067501068115234,0.005033254623413086,0.0009038448333740234,0.0075283050537109375,0.17832541465759277,271,[94],exhausted,
Football_data_England_Premier_League/finerEngland_2013_2014,Football_finer,A0,712779aad638f619,1787630207.1162932,complete,20,380,1.0,1127.9999999999998,273,672.5999999999999,273,672.5999999999999,0.5962765957446808,0,0,0,0.0,0.36170212765957444,0.2807919057439403,407.9999999999999,0.0,0.008304834365844727,0.004560232162475586,9.5367431640625e-07,7.152557373046875e-05,0.0,258,[0],phase_b_disabled,
Football_data_England_Premier_League/finerEngland_2013_2014,Football_finer,A2,712779aad638f619,1787630250.255081,complete,20,380,1.0,1127.9999999999998,273,367.9999999999999,190,367.9999999999999,0.326241134751773,83,0,0,0.0,0.326241134751773,0.2587156891913768,367.9999999999999,0.13157894736842105,0.014258146286010742,0.004718303680419922,0.0008800029754638672,0.00010895729064941406,0.0,258,[83],exhausted,
Football_data_England_Premier_League/finerEngland_2013_2014,Football_finer,A4,712779aad638f619,1787630305.9406083,complete,20,380,1.0,1127.9999999999998,273,367.9999999999999,190,367.9999999999999,0.326241134751773,83,0,0,0.0,0.326241134751773,0.19160545720186728,367.9999999999999,0.13157894736842105,0.022533416748046875,0.004671573638916016,0.0008642673492431641,0.008562803268432617,0.0,258,[83],exhausted,
Football_data_England_Premier_League/finerEngland_2013_2014,Football_finer,A6,712779aad638f619,1787630955.158338,complete,20,380,1.0,1127.9999999999998,273,367.9999999999999,190,367.9999999999999,0.326241134751773,83,190,0,0.0,0.326241134751773,0.2587156891913768,367.9999999999999,0.13157894736842105,0.2049393653869629,0.0045642852783203125,0.0008435249328613281,0.008429765701293945,0.18263006210327148,258,[83],exhausted,
Football_data_England_Premier_League/finerEngland_2014_2015,Football_finer,A0,712779aad638f619,1787630207.1255333,complete,20,300,0.7894736842105263,422.9999999999999,224,264.4,224,264.4,0.6250591016548465,0,0,0,0.0,0.36879432624113473,0.34488362161654723,155.99999999999994,0.0,0.0065381526947021484,0.003340005874633789,4.76837158203125e-07,5.6743621826171875e-05,0.0,187,[0],phase_b_disabled,
Football_data_England_Premier_League/finerEngland_2014_2015,Football_finer,A2,712779aad638f619,1787630250.2712467,complete,20,300,0.7894736842105263,422.9999999999999,224,145.99999999999994,150,145.99999999999994,0.3451536643026004,74,0,0,0.0,0.3451536643026004,0.331479326077039,145.99999999999994,0.10526315789473684,0.010860681533813477,0.00339508056640625,0.0007436275482177734,8.916854858398438e-05,0.0,187,[74],exhausted,
Football_data_England_Premier_League/finerEngland_2014_2015,Football_finer,A4,712779aad638f619,1787630305.9659896,complete,20,300,0.7894736842105263,422.9999999999999,224,145.99999999999994,150,145.99999999999994,0.3451536643026004,74,0,0,0.0,0.3451536643026004,0.28939642040368413,145.99999999999994,0.10526315789473684,0.018468141555786133,0.0032892227172851562,0.0007054805755615234,0.007968664169311523,0.0,187,[74],exhausted,
Football_data_England_Premier_League/finerEngland_2014_2015,Football_finer,A6,712779aad638f619,1787630955.3673093,complete,20,300,0.7894736842105263,422.9999999999999,224,145.99999999999994,150,145.99999999999994,0.3451536643026004,74,150,0,0.0,0.3451536643026004,0.331479326077039,145.99999999999994,0.10526315789473684,0.2668430805206299,0.0033240318298339844,0.0007097721099853516,0.0077664852142333984,0.2484569549560547,187,[74],exhausted,
Halo2BetaData,Halo,A0,712779aad638f619,1787630198.0913973,complete,602,5010,0.013847352972067595,23953.0,1952,6845.0,1952,6845.0,0.2857679622594247,0,0,0,0.0,0.17738905549049377,0.6900320582144942,4249.0,0.0,0.11887598037719727,0.08405137062072754,1.9073486328125e-06,0.001631021499633789,0.0,690,[0],phase_b_disabled,
Halo2BetaData,Halo,A1,712779aad638f619,1787630216.0846884,complete,602,5010,0.013847352972067595,23953.0,1952,4174.0,1209,4174.0,0.17425792176345342,743,0,0,0.0,0.17425791919231415,0.6902244966765895,4174.0,0.015555469566226832,0.21373724937438965,0.08449029922485352,0.00791621208190918,0.001965045928955078,0.0,690,"[725, 13, 5]",max_passes,
Halo2BetaData,Halo,A2,712779aad638f619,1787630228.0369656,complete,602,5010,0.013847352972067595,23953.0,1952,3302.0,1042,3302.0,0.13785329603807456,910,0,0,0.0,0.4305097460746765,0.5514235418490658,10312.0,0.43722256925058456,0.5450632572174072,0.08733701705932617,0.333446741104126,0.0016117095947265625,0.0,690,[910],exhausted,
Halo2BetaData,Halo,A3,712779aad638f619,1787630262.4109333,complete,602,5010,0.013847352972067595,23953.0,1952,4174.0,1209,4174.0,0.17425792176345342,743,0,0,0.0,0.17346470057964325,0.6859868595095588,4155.0,0.01560522053498875,0.43674468994140625,0.08523893356323242,0.007899045944213867,0.22252297401428223,0.0,690,"[725, 13, 5]",max_passes,
Halo2BetaData,Halo,A4,712779aad638f619,1787630277.6529915,complete,602,5010,0.013847352972067595,23953.0,1952,3302.0,1042,3302.0,0.13785329603807456,910,0,0,0.0,0.4254581928253174,0.5483769904046956,10191.0,0.4371838740526586,0.74678635597229,0.08438420295715332,0.3269779682159424,0.2167665958404541,0.0,690,[910],exhausted,
Halo2BetaData,Halo,A5,712779aad638f619,1787630467.7340348,complete,602,5010,0.013847352972067595,23953.0,1952,3302.0,1042,3283.0,0.13706007598213168,910,44,10,19.0,0.4305097460746765,0.5514235418490658,10312.0,0.43722256925058456,7.3574299812316895,0.08823561668395996,0.3395202159881592,0.0016696453094482422,6.80198860168457,690,[910],exhausted,
Halo2BetaData,Halo,A6,712779aad638f619,1787630633.9551811,complete,602,5010,0.013847352972067595,23953.0,1952,3302.0,1042,3283.0,0.13706007598213168,910,44,10,19.0,0.4305097460746765,0.5514235418490658,10312.0,0.43722256925058456,7.091858625411987,0.08302116394042969,0.32384443283081055,0.21493291854858398,6.3508360385894775,690,[910],exhausted,
